cpt_code,description,start_date,end_date
00100,Anesth salivary gland,2018-10-01,2019-09-30
00102,Anesth repair of cleft lip,2018-10-01,2019-09-30
00103,Anesth blepharoplasty,2018-10-01,2019-09-30
00104,Anesth electroshock,2018-10-01,2019-09-30
00120,Anesth ear surgery,2018-10-01,2019-09-30
00124,Anesth ear exam,2018-10-01,2019-09-30
00126,Anesth tympanotomy,2018-10-01,2019-09-30
00140,Anesth procedures on eye,2018-10-01,2019-09-30
00142,Anesth lens surgery,2018-10-01,2019-09-30
00144,Anesth corneal transplant,2018-10-01,2019-09-30
00145,Anesth vitreoretinal surg,2018-10-01,2019-09-30
00147,Anesth iridectomy,2018-10-01,2019-09-30
00148,Anesth eye exam,2018-10-01,2019-09-30
00160,Anesth nose/sinus surgery,2018-10-01,2019-09-30
00162,Anesth nose/sinus surgery,2018-10-01,2019-09-30
00164,Anesth biopsy of nose,2018-10-01,2019-09-30
00170,Anesth procedure on mouth,2018-10-01,2019-09-30
00172,Anesth cleft palate repair,2018-10-01,2019-09-30
00174,Anesth pharyngeal surgery,2018-10-01,2019-09-30
00176,Anesth pharyngeal surgery,2018-10-01,2019-09-30
00190,Anesth face/skull bone surg,2018-10-01,2019-09-30
00192,Anesth facial bone surgery,2018-10-01,2019-09-30
00210,Anesth cranial surg nos,2018-10-01,2019-09-30
00211,Anesth cran surg hemotoma,2018-10-01,2019-09-30
00212,Anesth skull drainage,2018-10-01,2019-09-30
00214,Anesth skull drainage,2018-10-01,2019-09-30
00215,Anesth skull repair/fract,2018-10-01,2019-09-30
00216,Anesth head vessel surgery,2018-10-01,2019-09-30
00218,Anesth special head surgery,2018-10-01,2019-09-30
00220,Anesth intrcrn nerve,2018-10-01,2019-09-30
00222,Anesth head nerve surgery,2018-10-01,2019-09-30
00300,Anesth head/neck/ptrunk,2018-10-01,2019-09-30
00320,Anesth neck organ 1yr/>,2018-10-01,2019-09-30
00322,Anesth biopsy of thyroid,2018-10-01,2019-09-30
00326,Anesth larynx/trach < 1 yr,2018-10-01,2019-09-30
00350,Anesth neck vessel surgery,2018-10-01,2019-09-30
00352,Anesth neck vessel surgery,2018-10-01,2019-09-30
00400,Anesth skin ext/per/atrunk,2018-10-01,2019-09-30
00402,Anesth surgery of breast,2018-10-01,2019-09-30
00404,Anesth surgery of breast,2018-10-01,2019-09-30
00406,Anesth surgery of breast,2018-10-01,2019-09-30
00410,Anesth correct heart rhythm,2018-10-01,2019-09-30
00450,Anesth surgery of shoulder,2018-10-01,2019-09-30
00454,Anesth collar bone biopsy,2018-10-01,2019-09-30
00470,Anesth removal of rib,2018-10-01,2019-09-30
00472,Anesth chest wall repair,2018-10-01,2019-09-30
00474,Anesth surgery of rib,2018-10-01,2019-09-30
00500,Anesth esophageal surgery,2018-10-01,2019-09-30
00520,Anesth chest procedure,2018-10-01,2019-09-30
00522,Anesth chest lining biopsy,2018-10-01,2019-09-30
00524,Anesth chest drainage,2018-10-01,2019-09-30
00528,Anes mediascpy & dx thorscpy,2018-10-01,2019-09-30
00529,Anes medscpy&thorscpy 1 lung,2018-10-01,2019-09-30
00530,Anesth pacemaker insertion,2018-10-01,2019-09-30
00532,Anesth vascular access,2018-10-01,2019-09-30
00534,Anesth cardioverter/defib,2018-10-01,2019-09-30
00537,Anesth cardiac electrophys,2018-10-01,2019-09-30
00539,Anesth trach-bronch reconst,2018-10-01,2019-09-30
00540,Anesth chest surgery,2018-10-01,2019-09-30
00541,Anesth one lung ventilation,2018-10-01,2019-09-30
00542,Anesthesia removal pleura,2018-10-01,2019-09-30
00546,Anesth lung chest wall surg,2018-10-01,2019-09-30
00548,Anesth trachea bronchi surg,2018-10-01,2019-09-30
00550,Anesth sternal debridement,2018-10-01,2019-09-30
00560,Anesth heart surg w/o pump,2018-10-01,2019-09-30
00561,Anesth heart surg <1 yr,2018-10-01,2019-09-30
00562,Anesth hrt surg w/pmp age 1+,2018-10-01,2019-09-30
00563,Anesth heart surg w/arrest,2018-10-01,2019-09-30
00566,Anesth cabg w/o pump,2018-10-01,2019-09-30
00567,Anesth cabg w/pump,2018-10-01,2019-09-30
00580,Anesth heart/lung transplnt,2018-10-01,2019-09-30
00600,Anesth spine cord surgery,2018-10-01,2019-09-30
00604,Anesth sitting procedure,2018-10-01,2019-09-30
00620,Anesth spine cord surgery,2018-10-01,2019-09-30
00625,Anes spine tranthor w/o vent,2018-10-01,2019-09-30
00626,Anes spine transthor w/vent,2018-10-01,2019-09-30
00630,Anesth spine cord surgery,2018-10-01,2019-09-30
00632,Anesth removal of nerves,2018-10-01,2019-09-30
00635,Anesth lumbar puncture,2018-10-01,2019-09-30
00640,Anesth spine manipulation,2018-10-01,2019-09-30
00670,Anesth spine cord surgery,2018-10-01,2019-09-30
00700,Anesth abdominal wall surg,2018-10-01,2019-09-30
00702,Anesth for liver biopsy,2018-10-01,2019-09-30
0071T,Us leiomyomata ablate <200,2018-10-01,2019-09-30
0072T,Us leiomyomata ablate >200,2018-10-01,2019-09-30
00730,Anesth abdominal wall surg,2018-10-01,2019-09-30
00731,Anes upr gi ndsc px nos,2018-10-01,2019-09-30
00732,Anes upr gi ndsc px ercp,2018-10-01,2019-09-30
00750,Anesth repair of hernia,2018-10-01,2019-09-30
00752,Anesth repair of hernia,2018-10-01,2019-09-30
00754,Anesth repair of hernia,2018-10-01,2019-09-30
00756,Anesth repair of hernia,2018-10-01,2019-09-30
0075T,Perq stent/chest vert art,2018-10-01,2019-09-30
00770,Anesth blood vessel repair,2018-10-01,2019-09-30
00790,Anesth surg upper abdomen,2018-10-01,2019-09-30
00792,Anesth hemorr/excise liver,2018-10-01,2019-09-30
00794,Anesth pancreas removal,2018-10-01,2019-09-30
00796,Anesth for liver transplant,2018-10-01,2019-09-30
00797,Anesth surgery for obesity,2018-10-01,2019-09-30
00800,Anesth abdominal wall surg,2018-10-01,2019-09-30
00802,Anesth fat layer removal,2018-10-01,2019-09-30
00811,Anes lwr intst ndsc nos,2018-10-01,2019-09-30
00812,Anes lwr intst scr colsc,2018-10-01,2019-09-30
00813,Anes upr lwr gi ndsc px,2018-10-01,2019-09-30
00820,Anesth abdominal wall surg,2018-10-01,2019-09-30
00830,Anesth repair of hernia,2018-10-01,2019-09-30
00832,Anesth repair of hernia,2018-10-01,2019-09-30
00834,Anesth hernia repair < 1 yr,2018-10-01,2019-09-30
00836,Anesth hernia repair preemie,2018-10-01,2019-09-30
00840,Anesth surg lower abdomen,2018-10-01,2019-09-30
00842,Anesth amniocentesis,2018-10-01,2019-09-30
00844,Anesth pelvis surgery,2018-10-01,2019-09-30
00846,Anesth hysterectomy,2018-10-01,2019-09-30
00848,Anesth pelvic organ surg,2018-10-01,2019-09-30
00851,Anesth tubal ligation,2018-10-01,2019-09-30
00860,Anesth surgery of abdomen,2018-10-01,2019-09-30
00862,Anesth kidney/ureter surg,2018-10-01,2019-09-30
00864,Anesth removal of bladder,2018-10-01,2019-09-30
00865,Anesth removal of prostate,2018-10-01,2019-09-30
00866,Anesth removal of adrenal,2018-10-01,2019-09-30
00868,Anesth kidney transplant,2018-10-01,2019-09-30
00870,Anesth bladder stone surg,2018-10-01,2019-09-30
00872,Anesth kidney stone destruct,2018-10-01,2019-09-30
00873,Anesth kidney stone destruct,2018-10-01,2019-09-30
00880,Anesth abdomen vessel surg,2018-10-01,2019-09-30
00882,Anesth major vein ligation,2018-10-01,2019-09-30
00902,Anesth anorectal surgery,2018-10-01,2019-09-30
00904,Anesth perineal surgery,2018-10-01,2019-09-30
00906,Anesth removal of vulva,2018-10-01,2019-09-30
00908,Anesth removal of prostate,2018-10-01,2019-09-30
00910,Anesth bladder surgery,2018-10-01,2019-09-30
00912,Anesth bladder tumor surg,2018-10-01,2019-09-30
00914,Anesth removal of prostate,2018-10-01,2019-09-30
00916,Anesth bleeding control,2018-10-01,2019-09-30
00918,Anesth stone removal,2018-10-01,2019-09-30
00920,Anesth genitalia surgery,2018-10-01,2019-09-30
00921,Anesth vasectomy,2018-10-01,2019-09-30
00922,Anesth sperm duct surgery,2018-10-01,2019-09-30
00924,Anesth testis exploration,2018-10-01,2019-09-30
00926,Anesth removal of testis,2018-10-01,2019-09-30
00928,Anesth removal of testis,2018-10-01,2019-09-30
00930,Anesth testis suspension,2018-10-01,2019-09-30
00932,Anesth amputation of penis,2018-10-01,2019-09-30
00934,Anesth penis nodes removal,2018-10-01,2019-09-30
00936,Anesth penis nodes removal,2018-10-01,2019-09-30
00938,Anesth insert penis device,2018-10-01,2019-09-30
00940,Anesth vaginal procedures,2018-10-01,2019-09-30
00942,Anesth surg on vag/urethral,2018-10-01,2019-09-30
00944,Anesth vaginal hysterectomy,2018-10-01,2019-09-30
00948,Anesth repair of cervix,2018-10-01,2019-09-30
00950,Anesth vaginal endoscopy,2018-10-01,2019-09-30
00952,Anesth hysteroscope/graph,2018-10-01,2019-09-30
0100T,Prosth retina receive&gen,2018-10-01,2019-09-30
0101T,Extracorp shockwv tx hi enrg,2018-10-01,2019-09-30
0102T,Extracorp shockwv tx anesth,2018-10-01,2019-09-30
01112,Anesth bone aspirate/bx,2018-10-01,2019-09-30
01120,Anesth pelvis surgery,2018-10-01,2019-09-30
01130,Anesth body cast procedure,2018-10-01,2019-09-30
01140,Anesth amputation at pelvis,2018-10-01,2019-09-30
01150,Anesth pelvic tumor surgery,2018-10-01,2019-09-30
01160,Anesth pelvis procedure,2018-10-01,2019-09-30
01170,Anesth pelvis surgery,2018-10-01,2019-09-30
01173,Anesth fx repair pelvis,2018-10-01,2019-09-30
01200,Anesth hip joint procedure,2018-10-01,2019-09-30
01202,Anesth arthroscopy of hip,2018-10-01,2019-09-30
01210,Anesth hip joint surgery,2018-10-01,2019-09-30
01212,Anesth hip disarticulation,2018-10-01,2019-09-30
01214,Anesth hip arthroplasty,2018-10-01,2019-09-30
01215,Anesth revise hip repair,2018-10-01,2019-09-30
01220,Anesth procedure on femur,2018-10-01,2019-09-30
01230,Anesth surgery of femur,2018-10-01,2019-09-30
01232,Anesth amputation of femur,2018-10-01,2019-09-30
01234,Anesth radical femur surg,2018-10-01,2019-09-30
01250,Anesth upper leg surgery,2018-10-01,2019-09-30
01260,Anesth upper leg veins surg,2018-10-01,2019-09-30
01270,Anesth thigh arteries surg,2018-10-01,2019-09-30
01272,Anesth femoral artery surg,2018-10-01,2019-09-30
01274,Anesth femoral embolectomy,2018-10-01,2019-09-30
01320,Anesth knee area surgery,2018-10-01,2019-09-30
01340,Anesth knee area procedure,2018-10-01,2019-09-30
01360,Anesth knee area surgery,2018-10-01,2019-09-30
01380,Anesth knee joint procedure,2018-10-01,2019-09-30
01382,Anesth dx knee arthroscopy,2018-10-01,2019-09-30
01390,Anesth knee area procedure,2018-10-01,2019-09-30
01392,Anesth knee area surgery,2018-10-01,2019-09-30
01400,Anesth knee joint surgery,2018-10-01,2019-09-30
01402,Anesth knee arthroplasty,2018-10-01,2019-09-30
01404,Anesth amputation at knee,2018-10-01,2019-09-30
01420,Anesth knee joint casting,2018-10-01,2019-09-30
01430,Anesth knee veins surgery,2018-10-01,2019-09-30
01432,Anesth knee vessel surg,2018-10-01,2019-09-30
01440,Anesth knee arteries surg,2018-10-01,2019-09-30
01442,Anesth knee artery surg,2018-10-01,2019-09-30
01444,Anesth knee artery repair,2018-10-01,2019-09-30
01462,Anesth lower leg procedure,2018-10-01,2019-09-30
01464,Anesth ankle/ft arthroscopy,2018-10-01,2019-09-30
01470,Anesth lower leg surgery,2018-10-01,2019-09-30
01472,Anesth achilles tendon surg,2018-10-01,2019-09-30
01474,Anesth lower leg surgery,2018-10-01,2019-09-30
01480,Anesth lower leg bone surg,2018-10-01,2019-09-30
01482,Anesth radical leg surgery,2018-10-01,2019-09-30
01484,Anesth lower leg revision,2018-10-01,2019-09-30
01486,Anesth ankle replacement,2018-10-01,2019-09-30
01490,Anesth lower leg casting,2018-10-01,2019-09-30
01500,Anesth leg arteries surg,2018-10-01,2019-09-30
01502,Anesth lwr leg embolectomy,2018-10-01,2019-09-30
01520,Anesth lower leg vein surg,2018-10-01,2019-09-30
01522,Anesth lower leg vein surg,2018-10-01,2019-09-30
01610,Anesth surgery of shoulder,2018-10-01,2019-09-30
01620,Anesth shoulder procedure,2018-10-01,2019-09-30
01622,Anes dx shoulder arthroscopy,2018-10-01,2019-09-30
01630,Anesth surgery of shoulder,2018-10-01,2019-09-30
01634,Anesth shoulder joint amput,2018-10-01,2019-09-30
01636,Anesth forequarter amput,2018-10-01,2019-09-30
01638,Anesth shoulder replacement,2018-10-01,2019-09-30
01650,Anesth shoulder artery surg,2018-10-01,2019-09-30
01652,Anesth shoulder vessel surg,2018-10-01,2019-09-30
01654,Anesth shoulder vessel surg,2018-10-01,2019-09-30
01656,Anesth arm-leg vessel surg,2018-10-01,2019-09-30
01670,Anesth shoulder vein surg,2018-10-01,2019-09-30
01680,Anesth shoulder casting,2018-10-01,2019-09-30
01710,Anesth elbow area surgery,2018-10-01,2019-09-30
01712,Anesth uppr arm tendon surg,2018-10-01,2019-09-30
01714,Anesth uppr arm tendon surg,2018-10-01,2019-09-30
01716,Anesth biceps tendon repair,2018-10-01,2019-09-30
01730,Anesth uppr arm procedure,2018-10-01,2019-09-30
01732,Anesth dx elbow arthroscopy,2018-10-01,2019-09-30
01740,Anesth upper arm surgery,2018-10-01,2019-09-30
01742,Anesth humerus surgery,2018-10-01,2019-09-30
01744,Anesth humerus repair,2018-10-01,2019-09-30
01756,Anesth radical humerus surg,2018-10-01,2019-09-30
01758,Anesth humeral lesion surg,2018-10-01,2019-09-30
01760,Anesth elbow replacement,2018-10-01,2019-09-30
01770,Anesth uppr arm artery surg,2018-10-01,2019-09-30
01772,Anesth uppr arm embolectomy,2018-10-01,2019-09-30
01780,Anesth upper arm vein surg,2018-10-01,2019-09-30
01782,Anesth uppr arm vein repair,2018-10-01,2019-09-30
01810,Anesth lower arm surgery,2018-10-01,2019-09-30
01820,Anesth lower arm procedure,2018-10-01,2019-09-30
01829,Anesth dx wrist arthroscopy,2018-10-01,2019-09-30
01830,Anesth lower arm surgery,2018-10-01,2019-09-30
01832,Anesth wrist replacement,2018-10-01,2019-09-30
01840,Anesth lwr arm artery surg,2018-10-01,2019-09-30
01842,Anesth lwr arm embolectomy,2018-10-01,2019-09-30
01844,Anesth vascular shunt surg,2018-10-01,2019-09-30
0184T,Exc rectal tumor endoscopic,2018-10-01,2019-09-30
01850,Anesth lower arm vein surg,2018-10-01,2019-09-30
01852,Anesth lwr arm vein repair,2018-10-01,2019-09-30
01860,Anesth lower arm casting,2018-10-01,2019-09-30
01916,Anesth dx arteriography,2018-10-01,2019-09-30
0191T,Insert ant segment drain int,2018-10-01,2019-09-30
01920,Anesth catheterize heart,2018-10-01,2019-09-30
01922,Anesth cat or mri scan,2018-10-01,2019-09-30
01924,Anes ther interven rad artrl,2018-10-01,2019-09-30
01925,Anes ther interven rad card,2018-10-01,2019-09-30
01926,Anes tx interv rad hrt/cran,2018-10-01,2019-09-30
01930,Anes ther interven rad vein,2018-10-01,2019-09-30
01931,Anes ther interven rad tips,2018-10-01,2019-09-30
01932,Anes tx interv rad th vein,2018-10-01,2019-09-30
01933,Anes tx interv rad cran vein,2018-10-01,2019-09-30
01935,Anesth perc img dx sp proc,2018-10-01,2019-09-30
01936,Anesth perc img tx sp proc,2018-10-01,2019-09-30
01937,Anes drg/aspir crv/thrc,2021-10-01,2022-09-30
01938,Anes drg/aspir lmbr/sac,2021-10-01,2022-09-30
01939,Anes nulyt agt crv/thrc,2021-10-01,2022-09-30
01940,Anes nulyt agt lmbr/sac,2021-10-01,2022-09-30
01941,Anes neuromd/ntrvrt crv/thrc,2021-10-01,2022-09-30
01942,Anes neuromd/ntrvrt lmbr/sac,2021-10-01,2022-09-30
01951,Anesth burn less 4 percent,2018-10-01,2019-09-30
01952,Anesth burn 4-9 percent,2018-10-01,2019-09-30
01958,Anesth antepartum manipul,2018-10-01,2019-09-30
01960,Anesth vaginal delivery,2018-10-01,2019-09-30
01961,Anesth cs delivery,2018-10-01,2019-09-30
01962,Anesth emer hysterectomy,2018-10-01,2019-09-30
01963,Anesth cs hysterectomy,2018-10-01,2019-09-30
01965,Anesth inc/missed ab proc,2018-10-01,2019-09-30
01967,Anesth/analg vag delivery,2018-10-01,2019-09-30
01990,Support for organ donor,2018-10-01,2019-09-30
01991,Anesth nerve block/inj,2018-10-01,2019-09-30
01992,Anesth n block/inj prone,2018-10-01,2019-09-30
01996,Hosp manage cont drug admin,2018-10-01,2019-09-30
01999,Unlisted anesth procedure,2018-10-01,2019-09-30
0200T,Perq sacral augmt unilat inj,2018-10-01,2019-09-30
0201T,Perq sacral augmt bilat inj,2018-10-01,2019-09-30
0202T,Post vert arthrplst 1 lumbar,2018-10-01,2019-09-30
0207T,Clear eyelid gland w/heat,2018-10-01,2019-09-30
0208T,Audiometry air only,2018-10-01,2019-09-30
0209T,Audiometry air & bone,2018-10-01,2019-09-30
0210T,Speech audiometry threshold,2018-10-01,2019-09-30
0211T,Speech audiom thresh & recog,2018-10-01,2019-09-30
0212T,Compre audiometry evaluation,2018-10-01,2019-09-30
0213T,Njx paravert w/us cer/thor,2018-10-01,2019-09-30
0216T,Njx paravert w/us lumb/sac,2018-10-01,2019-09-30
0219T,Plmt post facet implt cerv,2018-10-01,2019-09-30
0220T,Plmt post facet implt thor,2018-10-01,2019-09-30
0221T,Plmt post facet implt lumb,2018-10-01,2019-09-30
0228T,Njx tfrml eprl w/us cer/thor,2018-10-01,2019-09-30
0230T,Njx tfrml eprl w/us lumb/sac,2018-10-01,2019-09-30
0234T,Trluml perip athrc renal art,2018-10-01,2019-09-30
0235T,Trluml perip athrc visceral,2018-10-01,2019-09-30
0236T,Trluml perip athrc abd aorta,2018-10-01,2019-09-30
0237T,Trluml perip athrc brchiocph,2018-10-01,2019-09-30
0238T,Trluml perip athrc iliac art,2018-10-01,2019-09-30
0249T,Ligation hemorrhoid w/us,2018-10-01,2019-09-30
0253T,Insert aqueous drain device,2018-10-01,2019-09-30
0254T,Evasc rpr iliac art bifur,2018-10-01,2019-09-30
0263T,Im b1 mrw cel ther cmpl,2018-10-01,2019-09-30
0264T,Im b1 mrw cel ther xcl hrvst,2018-10-01,2019-09-30
0265T,Im b1 mrw cel ther hrvst onl,2018-10-01,2019-09-30
0266T,Implt/rpl crtd sns dev total,2018-10-01,2019-09-30
0267T,Implt/rpl crtd sns dev lead,2018-10-01,2019-09-30
0268T,Implt/rpl crtd sns dev gen,2018-10-01,2019-09-30
0269T,Rev/remvl crtd sns dev total,2018-10-01,2019-09-30
0270T,Rev/remvl crtd sns dev lead,2018-10-01,2019-09-30
0271T,Rev/remvl crtd sns dev gen,2018-10-01,2019-09-30
0274T,Perq lamot/lam crv/thrc,2018-10-01,2019-09-30
0275T,Perq lamot/lam lumbar,2018-10-01,2019-09-30
0278T,Tempr,2018-10-01,2019-09-30
0308T,Insj ocular telescope prosth,2018-10-01,2019-09-30
0312T,Laps impltj nstim vagus,2018-10-01,2019-09-30
0313T,Laps rmvl nstim array vagus,2018-10-01,2019-09-30
0314T,Laps rmvl vgl arry&pls gen,2018-10-01,2019-09-30
0315T,Rmvl vagus nerve pls gen,2018-10-01,2019-09-30
0316T,Replc vagus nerve pls gen,2018-10-01,2019-09-30
0317T,Elec alys vagus nrv pls gen,2018-10-01,2019-09-30
0335T,Extraosseous joint stblztion,2018-10-01,2019-09-30
0338T,Trnscth renal symp denrv unl,2018-10-01,2019-09-30
0339T,Trnscth renal symp denrv bil,2018-10-01,2019-09-30
0342T,Thxp apheresis w/hdl delip,2018-10-01,2019-09-30
0345T,Transcath mtral vlve repair,2018-10-01,2019-09-30
0351T,Intraop oct brst/node spec,2018-10-01,2019-09-30
0352T,Oct brst/node i&r per spec,2018-10-01,2019-09-30
0353T,Intraop oct breast cavity,2018-10-01,2019-09-30
0354T,Oct breast surg cavity i&r,2018-10-01,2019-09-30
0356T,Insrt drug device for iop,2018-10-01,2019-09-30
0375T,Total disc arthrp ant appr,2018-10-01,2019-09-30
0377T,Anoscpy inj agent for incont,2018-10-01,2019-09-30
0380T,Comp animat ret imag series,2018-10-01,2019-09-30
0394T,Hdr elctrnc skn surf brchytx,2018-10-01,2019-09-30
0395T,Hdr elctr ntrst/ntrcv brchtx,2018-10-01,2019-09-30
0398T,Mrgfus strtctc les abltj,2018-10-01,2019-09-30
0402T,Collagen crosslinking cornea,2018-10-01,2019-09-30
0403T,Diabetes prev standard curr,2018-10-01,2019-09-30
0404T,Trnscrv uterin fibroid abltj,2018-10-01,2019-09-30
0408T,Insj/rplc cardiac modulj sys,2018-10-01,2019-09-30
0409T,Insj/rplc car modulj pls gn,2018-10-01,2019-09-30
0410T,Insj/rplc car modulj atr elt,2018-10-01,2019-09-30
0411T,Insj/rplc car modulj vnt elt,2018-10-01,2019-09-30
0412T,Rmvl cardiac modulj pls gen,2018-10-01,2019-09-30
0413T,Rmvl car modulj tranvns elt,2018-10-01,2019-09-30
0414T,Rmvl & rpl car modulj pls gn,2018-10-01,2019-09-30
0415T,Repos car modulj tranvns elt,2018-10-01,2019-09-30
0416T,Reloc skin pocket pls gen,2018-10-01,2019-09-30
0417T,Prgrmg eval cardiac modulj,2018-10-01,2019-09-30
0418T,Interro eval cardiac modulj,2018-10-01,2019-09-30
0419T,Dstrj neurofibroma xtnsv,2018-10-01,2019-09-30
0420T,Dstrj neurofibroma xtnsv,2018-10-01,2019-09-30
0421T,Waterjet prostate abltj cmpl,2018-10-01,2019-09-30
0424T,Insj/rplc nstim apnea compl,2018-10-01,2019-09-30
0425T,Insj/rplc nstim apnea sen ld,2018-10-01,2019-09-30
0426T,Insj/rplc nstim apnea stm ld,2018-10-01,2019-09-30
0427T,Insj/rplc nstim apnea pls gn,2018-10-01,2019-09-30
0428T,Rmvl nstim apnea pls gen,2018-10-01,2019-09-30
0429T,Rmvl nstim apnea sen ld,2018-10-01,2019-09-30
0430T,Rmvl nstim apnea stimj ld,2018-10-01,2019-09-30
0431T,Rmvl/rplc nstim apnea pls gn,2018-10-01,2019-09-30
0432T,Repos nstim apnea stimj ld,2018-10-01,2019-09-30
0433T,Repos nstim apnea sensing ld,2018-10-01,2019-09-30
0434T,Interro eval npgs apnea,2018-10-01,2019-09-30
0435T,Prgrmg eval npgs apnea 1 ses,2018-10-01,2019-09-30
0436T,Prgrmg eval npgs apnea study,2018-10-01,2019-09-30
0440T,Abltj perc uxtr/perph nrv,2018-10-01,2019-09-30
0441T,Abltj perc lxtr/perph nrv,2018-10-01,2019-09-30
0442T,Abltj perc plex/trncl nrv,2018-10-01,2019-09-30
0444T,1st plmt drug elut oc ins,2018-10-01,2019-09-30
0445T,Sbsqt plmt drug elut oc ins,2018-10-01,2019-09-30
0446T,Insj impltbl glucose sensor,2018-10-01,2019-09-30
0447T,Rmvl impltbl glucose sensor,2018-10-01,2019-09-30
0448T,Remvl insj impltbl gluc sens,2018-10-01,2019-09-30
0449T,Insj aqueous drain dev 1st,2018-10-01,2019-09-30
0451T,Insj/rplcmt aortic ventr sys,2018-10-01,2019-09-30
0452T,Insj/rplcmt dev vasc seal,2018-10-01,2019-09-30
0453T,Insj/rplcmt mech-elec ntrfce,2018-10-01,2019-09-30
0454T,Insj/rplcmt subq electrode,2018-10-01,2019-09-30
0455T,Remvl aortic ventr cmpl sys,2018-10-01,2019-09-30
0456T,Remvl aortic dev vasc seal,2018-10-01,2019-09-30
0457T,Remvl mech-elec skin ntrfce,2018-10-01,2019-09-30
0458T,Remvl subq electrode,2018-10-01,2019-09-30
0459T,Relocaj rplcmt aortic ventr,2018-10-01,2019-09-30
0460T,Repos aortic ventr dev eltrd,2018-10-01,2019-09-30
0461T,Repos aortic contrpulsj dev,2018-10-01,2019-09-30
0462T,Prgrmg eval aortic ventr sys,2018-10-01,2019-09-30
0463T,Interrog aortic ventr sys,2018-10-01,2019-09-30
0464T,Visual ep test for glaucoma,2018-10-01,2019-09-30
0465T,Supchrdl njx rx w/o supply,2018-10-01,2019-09-30
0467T,Revj/rplmnt ch respir eltrd,2018-10-01,2019-09-30
0468T,Rmvl ch wal respir eltrd/ra,2018-10-01,2019-09-30
0469T,Rta polarize scan oc scr bi,2018-10-01,2019-09-30
0470T,Oct skn img acquisj i&r 1st,2018-10-01,2019-09-30
0472T,Prgrmg io rta eltrd ra,2018-10-01,2019-09-30
0473T,Reprgrmg io rta eltrd ra,2018-10-01,2019-09-30
0474T,Insj aqueous drg dev io rsvr,2018-10-01,2019-09-30
0475T,Rec ftl car sgl 3 ch i&r,2018-10-01,2019-09-30
0478T,Rec ftl car 3 ch rev i&r,2018-10-01,2019-09-30
0479T,Fxjl abl lsr 1st 100 sq cm,2018-10-01,2019-09-30
0483T,Tmvi percutaneous approach,2018-10-01,2019-09-30
0484T,Tmvi transthoracic exposure,2018-10-01,2019-09-30
0485T,Oct mid ear i&r unilateral,2018-10-01,2019-09-30
0486T,Oct mid ear i&r bilateral,2018-10-01,2019-09-30
0489T,Regn cell tx scldr hands,2018-10-01,2019-09-30
0490T,Regn cell tx scldr h mlt inj,2018-10-01,2019-09-30
0491T,Abl lsr opn wnd 1st 20 sqcm,2018-10-01,2019-09-30
0498T,Xtrnl pt act ecg r&i pr 30 d,2018-10-01,2019-09-30
0499T,Cysto f/urtl strix/stenosis,2018-10-01,2019-09-30
0505T,Ev fempop artl revsc,2018-10-01,2019-09-30
0509T,Pattern erg w/i&r,2018-10-01,2019-09-30
0510T,Rmvl sinus tarsi implant,2018-10-01,2019-09-30
0511T,Rmvl&rinsj sinus tarsi implt,2018-10-01,2019-09-30
0512T,Esw integ wnd hlg 1st wnd,2018-10-01,2019-09-30
0515T,Insj wcs lv compl sys,2018-10-01,2019-09-30
0516T,Insj wcs lv eltrd only,2018-10-01,2019-09-30
0517T,Insj wcs lv pg compnt,2018-10-01,2019-09-30
0518T,Rmvl pg compnt wcs,2018-10-01,2019-09-30
0519T,Rmvl & rplcmt pg compnt wcs,2018-10-01,2019-09-30
0520T,Rmvl&rplcmt pg wcs new eltrd,2018-10-01,2019-09-30
0521T,Interrog dev eval wcs ip,2018-10-01,2019-09-30
0522T,Prgrmg dev eval wcs ip,2018-10-01,2019-09-30
0524T,Ev cath dir chem abltj w/img,2018-10-01,2019-09-30
0525T,Insj/rplcmt compl iims,2018-10-01,2019-09-30
0526T,Insj/rplcmt iims eltrd only,2018-10-01,2019-09-30
0527T,Insj/rplcmt iims implt mntr,2018-10-01,2019-09-30
0528T,Prgrmg dev eval iims ip,2018-10-01,2019-09-30
0529T,Interrog dev eval iims ip,2018-10-01,2019-09-30
0530T,Removal complete iims,2018-10-01,2019-09-30
0531T,Removal iims electrode only,2018-10-01,2019-09-30
0532T,Removal iims implt mntr only,2018-10-01,2019-09-30
0537T,Bld drv t lymphcyt car-t cll,2018-10-01,2019-09-30
0540T,Car-t cll admn autologous,2018-10-01,2019-09-30
0543T,Ta mv rpr w/artif chord tend,2018-10-01,2019-09-30
0544T,Tcat mv annulus rcnstj,2018-10-01,2019-09-30
0545T,Tcat tv annulus rcnstj,2018-10-01,2019-09-30
0548T,Tprnl balo cntnc dev bi,2018-10-01,2019-09-30
0549T,Tprnl balo cntnc dev uni,2018-10-01,2019-09-30
0550T,Tprnl balo cntnc dev rmvl ea,2018-10-01,2019-09-30
0551T,Tprnl balo cntnc dev adjmt,2018-10-01,2019-09-30
0552T,Low-level laser therapy,2018-10-01,2019-09-30
0553T,Perq tcat iliac anast implt,2018-10-01,2019-09-30
0563T,Evac meibomian glnd heat bi,2019-10-01,2020-09-30
0565T,Autol cell implt adps hrvg,2019-10-01,2020-09-30
0566T,Autol cell implt adps njx,2019-10-01,2020-09-30
0567T,Perm flp tube occls w/implt,2019-10-01,2020-09-30
0569T,Ttvr perq appr 1st prosth,2019-10-01,2020-09-30
0571T,Insj/rplcmt icds ss eltrd,2019-10-01,2020-09-30
0572T,Insertion ss dfb electrode,2019-10-01,2020-09-30
0573T,Removal ss dfb electrode,2019-10-01,2020-09-30
0574T,Repos prev ss impl dfb eltrd,2019-10-01,2020-09-30
0575T,Prgrmg dev eval icds ss ip,2019-10-01,2020-09-30
0576T,Interrog dev eval icds ss ip,2019-10-01,2020-09-30
0577T,Ephys eval icds ss,2019-10-01,2020-09-30
0580T,Rmvl ss impl dfb pg only,2019-10-01,2020-09-30
0581T,Abltj mal brst tum perq crtx,2019-10-01,2020-09-30
0582T,Trurl abltj mal prst8 tiss,2019-10-01,2020-09-30
0583T,Tmpst auto tube dlvr sys,2019-10-01,2020-09-30
0584T,Perq islet cell transplant,2019-10-01,2020-09-30
0585T,Laps islet cell transplant,2019-10-01,2020-09-30
0586T,Open islet cell transplant,2019-10-01,2020-09-30
0587T,Perq impltj/rplcmt isdns ptn,2019-10-01,2020-09-30
0588T,Revision/removal isdns ptn,2019-10-01,2020-09-30
0589T,Elec alys smpl prgrmg iins,2019-10-01,2020-09-30
0590T,Elec alys cplx prgrmg iins,2019-10-01,2020-09-30
0594T,Osteot hum xtrnl lngth dev,2019-10-01,2020-09-30
0596T,Temp fml iu vlv-pmp 1st insj,2019-10-01,2020-09-30
0597T,Temp fml iu valve-pmp rplcmt,2019-10-01,2020-09-30
0600T,Ire abltj 1+tum organ perq,2019-10-01,2020-09-30
0601T,Ire abltj 1+tumors open,2019-10-01,2020-09-30
0613T,Perq tcat intratrl septl sht,2019-10-01,2020-09-30
0614T,Rmvl&rplcmt ss impl dfb pg,2019-10-01,2020-09-30
0616T,Insertion of iris prosthesis,2019-10-01,2020-09-30
0617T,Insj iris prosth w/rmvl&insj,2019-10-01,2020-09-30
0618T,Insj iris prosth sec io lens,2019-10-01,2020-09-30
0619T,Cysto w/prst8 commissurotomy,2019-10-01,2020-09-30
0620T,Evasc ven artlz tibl/prnl vn,2020-10-01,2021-09-30
0621T,Trabeculostomy interno laser,2020-10-01,2021-09-30
0622T,Trabeculostomy int lsr w/scp,2020-10-01,2021-09-30
0627T,Perq njx algc fluor lmbr 1st,2020-10-01,2021-09-30
0629T,Perq njx algc ct lmbr 1st,2020-10-01,2021-09-30
0632T,Perq tcat us abltj nrv p-art,2020-10-01,2021-09-30
0639T,Wrls skn snr anisotropy meas,2020-10-01,2021-09-30
0643T,Tcat l ventr rstrj dev implt,2020-10-01,2021-09-30
0644T,Tcat rmvl/dblk icar mas perq,2020-10-01,2021-09-30
0645T,Tcat impltj c sins rdctj dev,2020-10-01,2021-09-30
0646T,Ttvi/rplcmt w/prstc vlv perq,2020-10-01,2021-09-30
0647T,Insj gtube perq mag gastrpxy,2020-10-01,2021-09-30
0654T,Egd flx transnasal tube/cath,2020-10-01,2021-09-30
0655T,Tprnl focal abltj mal prst8,2020-10-01,2021-09-30
0656T,Vrt bdy tethering ant <7 seg,2020-10-01,2021-09-30
0657T,Vrt bdy tethering ant 8+ seg,2020-10-01,2021-09-30
0660T,Implt ant sgm io nbio rx sys,2020-10-01,2021-09-30
0661T,Rmvl&rimpltj ant sgm implt,2020-10-01,2021-09-30
0671T,Insj ant sgm aq drg dev 1+,2024-10-01,2025-09-30
0672T,Ndovag cryg rf remdl tiss,2024-10-01,2025-09-30
0673T,Abltj b9 thyr ndul perq lasr,2024-10-01,2025-09-30
0674T,Laps insj nw/rpcmt prm isdss,2024-10-01,2025-09-30
0675T,Laps insj nw/rpcmt isdss 1ld,2024-10-01,2025-09-30
0677T,Laps repos lead isdss 1st ld,2024-10-01,2025-09-30
0679T,Laps rmvl lead isdss,2024-10-01,2025-09-30
0680T,Insj/rplcmt pg only isdss,2024-10-01,2025-09-30
0681T,Rlcj pulse gen only isdss,2024-10-01,2025-09-30
0682T,Removal pulse gen only isdss,2024-10-01,2025-09-30
0683T,Prgrmg dev eval isdss ip,2024-10-01,2025-09-30
0684T,Peri-px dev eval isdss ip,2024-10-01,2025-09-30
0685T,Interrog dev eval isdss ip,2024-10-01,2025-09-30
0686T,Histotripsy mal hepatcel tis,2024-10-01,2025-09-30
0687T,Tx amblyopia dev setup 1st,2024-10-01,2025-09-30
0688T,Tx amblyopia assmt w/report,2024-10-01,2025-09-30
0692T,Therapeutic ultrafiltration,2024-10-01,2025-09-30
0704T,Rem tx amblyopia setup&edu,2024-10-01,2025-09-30
0706T,Rem tx amblyopia i&r phy/qhp,2024-10-01,2025-09-30
0707T,Njx b1 sub mtrl sbchdrl dfct,2024-10-01,2025-09-30
0708T,Id ca immntx prep & 1st njx,2024-10-01,2025-09-30
0714T,Tprnl lsr ablt b9 prst8 hypr,2024-10-01,2025-09-30
0718T,Adrc ther prtl rc tear njx,2024-10-01,2025-09-30
0719T,Pst vrt jt rplcmt lmbr 1 sgm,2024-10-01,2025-09-30
0720T,Prq elc nrv stim cn wo implt,2024-10-01,2025-09-30
0725T,Vestibular dev impltj uni,2024-10-01,2025-09-30
0726T,Rmvl implt vstibular dev uni,2024-10-01,2025-09-30
0727T,Rmvl&rplcmt implt vstblr dev,2024-10-01,2025-09-30
0728T,Dx alys vstblr implt uni 1st,2024-10-01,2025-09-30
0729T,Dx alys vstblr implt uni sbq,2024-10-01,2025-09-30
0730T,Trabeculotomy lsr w/oct gdn,2024-10-01,2025-09-30
0732T,Immntx admn electroporatn im,2024-10-01,2025-09-30
0734T,Rem r-t mtn nrehab tx mgmt,2024-10-01,2025-09-30
0737T,Xenograft impltj artclr surf,2024-10-01,2025-09-30
0739T,Abltj mal prst8 mag fld ndct,2024-10-01,2025-09-30
0744T,Insj bioprostc vlv fem vn,2024-10-01,2025-09-30
0747T,Car ablt rad arrhyt dlvr rad,2024-10-01,2025-09-30
0748T,Njx stm cl prdct anl sft tis,2024-10-01,2025-09-30
0766T,Tc mag stimj pn 1st nerve,2024-10-01,2025-09-30
0768T,Tc mag stimj pn sbsq tx 1nrv,2022-10-01,2023-09-30
0775T,Arthrd si jt prq iartic impl,2022-10-01,2023-09-30
0776T,Ther indctj ntrabrn hypthrm,2024-10-01,2025-09-30
0780T,Instlj fecal microbiota ssp,2024-10-01,2025-09-30
0781T,Brnchsc rf dstrj pulm nrv bi,2024-10-01,2025-09-30
0782T,Brnchsc rf dstrj plm nrv uni,2024-10-01,2025-09-30
0784T,Ins/rplmt eltrd ra spi nstim,2024-10-01,2025-09-30
0785T,Revj/rmvl nea spi w/nstim,2024-10-01,2025-09-30
0786T,Insj/rplcmt prq ra sac nstim,2024-10-01,2025-09-30
0787T,Revj/rmvl nea sac w/nstim,2024-10-01,2025-09-30
0788T,Elec aly smp iins sp/sac nrv,2024-10-01,2025-09-30
0789T,Elec aly cpx iins sp/sac nrv,2024-10-01,2025-09-30
0790T,Revj rplcmt/rmvl vrt tethrg,2024-10-01,2025-09-30
0793T,Prq tcat thrm ablt nrv p-art,2024-10-01,2025-09-30
0795T,Tcat ins 2chmbr ldls pm cmpl,2024-10-01,2025-09-30
0796T,Tcat ins 2chmbr ldls pm ra,2024-10-01,2025-09-30
0797T,Tcat ins 2chmbr ldls pm rv,2024-10-01,2025-09-30
0798T,Tcat rmv 2chmbr ldls pm cmpl,2024-10-01,2025-09-30
0799T,Tcat rmvl 2chmbr ldls pm ra,2024-10-01,2025-09-30
0800T,Tcat rmvl 2chmbr ldls pm rv,2024-10-01,2025-09-30
0801T,Tcat rmv&rpl 2chmbr ldls pm,2024-10-01,2025-09-30
0802T,Tcat rmv&rpl2chmb ldls pm ra,2024-10-01,2025-09-30
0803T,Tcat rmv&rpl2chmb ldls pm rv,2024-10-01,2025-09-30
0804T,Prgrmg evl ldls pm 2chmbr ip,2024-10-01,2025-09-30
0805T,Tcat s&ivc prstc vl impl prq,2024-10-01,2025-09-30
0806T,Tcat s&ivc prstc vl impl opn,2024-10-01,2025-09-30
0809T,Arthrd si jt prq tfx&implt,2023-10-01,2024-09-30
0810T,Subrta njx rx agt w/vtrc,2024-10-01,2025-09-30
0813T,Egd vol adjmt bariatric balo,2024-10-01,2025-09-30
0814T,Prq njx biod osteo matrl fem,2024-10-01,2025-09-30
0816T,Opn insj/rplcmt ins ptn subq,2024-10-01,2025-09-30
0817T,Opn insj/rplcmt ins ptn subf,2024-10-01,2025-09-30
0818T,Revj/rmvl ins ptn subq,2024-10-01,2025-09-30
0819T,Revj/rmvl ins ptn subf,2024-10-01,2025-09-30
0820T,Mntr psychdlc med 1stphy/qhp,2024-10-01,2025-09-30
0823T,Tcat ins 1chmbr ldls pm ra,2024-10-01,2025-09-30
0824T,Tcat rmv 1chmbr ldls pm ra,2024-10-01,2025-09-30
0825T,Tcat rmv&rpl1chmb ldls pm ra,2024-10-01,2025-09-30
0826T,Prgrmg evl ldls pm 1chmbr ip,2024-10-01,2025-09-30
0861T,Rmvl pg wcs lv both compnt,2024-10-01,2025-09-30
0862T,Rlcj pg wcs lv battery only,2024-10-01,2025-09-30
0863T,Rlcj pg wcs lv trnsmtr only,2024-10-01,2025-09-30
0864T,Low ntsty eswt corpus cvrnsm,2024-10-01,2025-09-30
0867T,Tpla b9 prst8 hyprplsa>=50ml,2024-10-01,2025-09-30
0869T,Njx b1 sub mtrl hw fixj aug,2024-10-01,2025-09-30
0870T,Imp subq prtl ascts pmp sys,2024-10-01,2025-09-30
0871T,Rplcmt subq prtl ascites pmp,2024-10-01,2025-09-30
0872T,Rplcmt ndwllg bldr&prtl cath,2024-10-01,2025-09-30
0873T,Revj subq prtl asct pmp sys,2024-10-01,2025-09-30
0874T,Rmvl pertl ascites pmp sys,2024-10-01,2025-09-30
0875T,Prgrm subq prtl asct pmp sys,2024-10-01,2025-09-30
0884T,Esphgsc flx 1st tndsc dilat,2024-10-01,2025-09-30
0885T,Colsc flx 1st tndsc dilat,2024-10-01,2025-09-30
0886T,Sgmdsc flx 1st tndsc dilat,2024-10-01,2025-09-30
0888T,Histotripsy mal renal tissue,2024-10-01,2025-09-30
0890T,Arhfcmrigtbs 1st tx day,2024-10-01,2025-09-30
0891T,Arhfcmrigtbs sbsq tx day,2024-10-01,2025-09-30
0892T,Arhfcmrigtbs sbsq per tx day,2024-10-01,2025-09-30
0908T,Opn imp int nstm sys vgs nrv,2025-10-01,9999-12-31
0909T,Rplcmt int nstim sys vgs nrv,2025-10-01,9999-12-31
0910T,Rmvl int nstim sys vagus nrv,2025-10-01,9999-12-31
0913T,Prq tcat ther rx ntrac balo1,2025-10-01,9999-12-31
0915T,Insj perm ccm-d sys pg&eltrd,2025-10-01,9999-12-31
0916T,Insj perm ccm-d sys pg only,2025-10-01,9999-12-31
0917T,Insj perm ccm-d sys 1 lead,2025-10-01,9999-12-31
0918T,Insj perm ccm-d sys dual ld,2025-10-01,9999-12-31
0919T,Rmvl perm ccm-d sys pg only,2025-10-01,9999-12-31
0920T,Rmvl perm ccm-d sys 1 pac ld,2025-10-01,9999-12-31
0921T,Rmvl perm ccm-d sys 1 dfb ld,2025-10-01,9999-12-31
0922T,Rmvl perm ccm-d sys dual ld,2025-10-01,9999-12-31
0923T,Rmvl&rplcmt perm ccm-d pg,2025-10-01,9999-12-31
0924T,Rpos prv ccm-d trnsvns eltrd,2025-10-01,9999-12-31
0925T,Rlcj skin pocket ccm-d pg,2025-10-01,9999-12-31
0926T,Prgrmg dev eval ccm-d ip,2025-10-01,9999-12-31
0927T,Interrog dev eval ccm-d ip,2025-10-01,9999-12-31
0933T,Tcat impl wrls l atr prs snr,2025-10-01,9999-12-31
0935T,Cysto w/rnl pel symp dnrvtj,2025-10-01,9999-12-31
0936T,Photobiomodulation ther rta,2025-10-01,9999-12-31
0941T,Cysto flx ins&xpns urtl scaf,2025-10-01,9999-12-31
0942T,Cysto flx rmv&rplc urtl scaf,2025-10-01,9999-12-31
0943T,Cysto flx rmvl urtl scaffold,2025-10-01,9999-12-31
0947T,Mrgfus strtctc bl-br disrpj,2025-10-01,9999-12-31
0950T,Abltj b9 prst8 tissue hifu,2025-10-01,9999-12-31
0951T,Tot impl amei 1st plmt,2025-10-01,9999-12-31
0952T,Tot impl amei rev/rplc mstdc,2025-10-01,9999-12-31
0953T,Tot impl amei rev/rplc w/o,2025-10-01,9999-12-31
0954T,Tot impl amei rplc snd proc,2025-10-01,9999-12-31
0955T,Tot impl amei removal,2025-10-01,9999-12-31
0956T,Prt crn ch cr&tun elt s-sclp,2025-10-01,9999-12-31
0957T,Rev s-sclp eltr ra rcvr&tlmt,2025-10-01,9999-12-31
0958T,Rmv s-sclp eltr ra rcvr&tlmt,2025-10-01,9999-12-31
0959T,Rmv/rplc magnet coil assem,2025-10-01,9999-12-31
0960T,Rpl s-sclp eltr ra rcvr&tlmt,2025-10-01,9999-12-31
0963T,Anosc sbmcsl njx bulking agt,2025-10-01,9999-12-31
0968T,Insj/rplcmt epcrnl nstim sys,2025-10-01,9999-12-31
0969T,Removal epicranial nstim sys,2025-10-01,9999-12-31
0970T,Ablt b9 brst tum perq lsr ea,2025-10-01,9999-12-31
0971T,Ablt mal brst tum pq lsr uni,2025-10-01,9999-12-31
0973T,Slctv nzmtc dbrdmt t/a/l 1st,2025-10-01,9999-12-31
0975T,Slctv nzmtc dbrdmt s/n/hf 1,2025-10-01,9999-12-31
0978T,Submucosal cryolysis therapy,2025-10-01,9999-12-31
0979T,Sbmcsl crylys ther sft palt,2025-10-01,9999-12-31
0980T,Sbmcsl crylys ther tng&tnsl,2025-10-01,9999-12-31
0981T,Tcat impl wrls ivc snr,2025-10-01,9999-12-31
10021,Fna w/o image,2018-10-01,2019-09-30
10030,Guide cathet fluid drainage,2018-10-01,2019-09-30
10040,Acne surgery,2018-10-01,2019-09-30
10060,Drainage of skin abscess,2018-10-01,2019-09-30
10061,Drainage of skin abscess,2018-10-01,2019-09-30
10080,Drainage of pilonidal cyst,2018-10-01,2019-09-30
10081,Drainage of pilonidal cyst,2018-10-01,2019-09-30
10120,Remove foreign body,2018-10-01,2019-09-30
10121,Remove foreign body,2018-10-01,2019-09-30
10140,Drainage of hematoma/fluid,2018-10-01,2019-09-30
10160,Puncture drainage of lesion,2018-10-01,2019-09-30
10180,Complex drainage wound,2018-10-01,2019-09-30
11000,Debride infected skin,2018-10-01,2019-09-30
11004,Debride genitalia & perineum,2018-10-01,2019-09-30
11005,Debride abdom wall,2018-10-01,2019-09-30
11006,Debride genit/per/abdom wall,2018-10-01,2019-09-30
11010,Debride skin at fx site,2018-10-01,2019-09-30
11011,Debride skin musc at fx site,2018-10-01,2019-09-30
11012,Deb skin bone at fx site,2018-10-01,2019-09-30
11042,Deb subq tissue 20 sq cm/<,2018-10-01,2019-09-30
11043,Deb musc/fascia 20 sq cm/<,2018-10-01,2019-09-30
11044,Deb bone 20 sq cm/<,2018-10-01,2019-09-30
11055,Trim skin lesion,2018-10-01,2019-09-30
11056,Trim skin lesions 2 to 4,2018-10-01,2019-09-30
11057,Trim skin lesions over 4,2018-10-01,2019-09-30
11200,Removal of skin tags <w/15,2018-10-01,2019-09-30
11300,Shave skin lesion 0.5 cm/<,2018-10-01,2019-09-30
11301,Shave skin lesion 0.6-1.0 cm,2018-10-01,2019-09-30
11302,Shave skin lesion 1.1-2.0 cm,2018-10-01,2019-09-30
11303,Shave skin lesion >2.0 cm,2018-10-01,2019-09-30
11305,Shave skin lesion 0.5 cm/<,2018-10-01,2019-09-30
11306,Shave skin lesion 0.6-1.0 cm,2018-10-01,2019-09-30
11307,Shave skin lesion 1.1-2.0 cm,2018-10-01,2019-09-30
11308,Shave skin lesion >2.0 cm,2018-10-01,2019-09-30
11310,Shave skin lesion 0.5 cm/<,2018-10-01,2019-09-30
11311,Shave skin lesion 0.6-1.0 cm,2018-10-01,2019-09-30
11312,Shave skin lesion 1.1-2.0 cm,2018-10-01,2019-09-30
11313,Shave skin lesion >2.0 cm,2018-10-01,2019-09-30
11400,Exc tr-ext b9+marg 0.5 cm<,2018-10-01,2019-09-30
11401,Exc tr-ext b9+marg 0.6-1 cm,2018-10-01,2019-09-30
11402,Exc tr-ext b9+marg 1.1-2 cm,2018-10-01,2019-09-30
11403,Exc tr-ext b9+marg 2.1-3cm,2018-10-01,2019-09-30
11404,Exc tr-ext b9+marg 3.1-4 cm,2018-10-01,2019-09-30
11406,Exc tr-ext b9+marg >4.0 cm,2018-10-01,2019-09-30
11420,Exc h-f-nk-sp b9+marg 0.5/<,2018-10-01,2019-09-30
11421,Exc h-f-nk-sp b9+marg 0.6-1,2018-10-01,2019-09-30
11422,Exc h-f-nk-sp b9+marg 1.1-2,2018-10-01,2019-09-30
11423,Exc h-f-nk-sp b9+marg 2.1-3,2018-10-01,2019-09-30
11424,Exc h-f-nk-sp b9+marg 3.1-4,2018-10-01,2019-09-30
11426,Exc h-f-nk-sp b9+marg >4 cm,2018-10-01,2019-09-30
11440,Exc face-mm b9+marg 0.5 cm/<,2018-10-01,2019-09-30
11441,Exc face-mm b9+marg 0.6-1 cm,2018-10-01,2019-09-30
11442,Exc face-mm b9+marg 1.1-2 cm,2018-10-01,2019-09-30
11443,Exc face-mm b9+marg 2.1-3 cm,2018-10-01,2019-09-30
11444,Exc face-mm b9+marg 3.1-4 cm,2018-10-01,2019-09-30
11446,Exc face-mm b9+marg >4 cm,2018-10-01,2019-09-30
11450,Removal sweat gland lesion,2018-10-01,2019-09-30
11451,Removal sweat gland lesion,2018-10-01,2019-09-30
11462,Removal sweat gland lesion,2018-10-01,2019-09-30
11463,Removal sweat gland lesion,2018-10-01,2019-09-30
11470,Removal sweat gland lesion,2018-10-01,2019-09-30
11471,Removal sweat gland lesion,2018-10-01,2019-09-30
11600,Exc tr-ext mal+marg 0.5 cm/<,2018-10-01,2019-09-30
11601,Exc tr-ext mal+marg 0.6-1 cm,2018-10-01,2019-09-30
11602,Exc tr-ext mal+marg 1.1-2 cm,2018-10-01,2019-09-30
11603,Exc tr-ext mal+marg 2.1-3 cm,2018-10-01,2019-09-30
11604,Exc tr-ext mal+marg 3.1-4 cm,2018-10-01,2019-09-30
11606,Exc tr-ext mal+marg >4 cm,2018-10-01,2019-09-30
11620,Exc h-f-nk-sp mal+marg 0.5/<,2018-10-01,2019-09-30
11621,Exc s/n/h/f/g mal+mrg 0.6-1,2018-10-01,2019-09-30
11622,Exc s/n/h/f/g mal+mrg 1.1-2,2018-10-01,2019-09-30
11623,Exc s/n/h/f/g mal+mrg 2.1-3,2018-10-01,2019-09-30
11624,Exc s/n/h/f/g mal+mrg 3.1-4,2018-10-01,2019-09-30
11626,Exc s/n/h/f/g mal+mrg >4 cm,2018-10-01,2019-09-30
11640,Exc f/e/e/n/l mal+mrg 0.5cm<,2018-10-01,2019-09-30
11641,Exc f/e/e/n/l mal+mrg 0.6-1,2018-10-01,2019-09-30
11642,Exc f/e/e/n/l mal+mrg 1.1-2,2018-10-01,2019-09-30
11643,Exc f/e/e/n/l mal+mrg 2.1-3,2018-10-01,2019-09-30
11644,Exc f/e/e/n/l mal+mrg 3.1-4,2018-10-01,2019-09-30
11646,Exc f/e/e/n/l mal+mrg >4 cm,2018-10-01,2019-09-30
11719,Trim nail(s) any number,2018-10-01,2019-09-30
11720,Debride nail 1-5,2018-10-01,2019-09-30
11721,Debride nail 6 or more,2018-10-01,2019-09-30
11730,Removal of nail plate,2018-10-01,2019-09-30
11740,Drain blood from under nail,2018-10-01,2019-09-30
11750,Removal of nail bed,2018-10-01,2019-09-30
11760,Repair of nail bed,2018-10-01,2019-09-30
11762,Reconstruction of nail bed,2018-10-01,2019-09-30
11765,Excision of nail fold toe,2018-10-01,2019-09-30
11770,Remove pilonidal cyst simple,2018-10-01,2019-09-30
11771,Remove pilonidal cyst exten,2018-10-01,2019-09-30
11772,Remove pilonidal cyst compl,2018-10-01,2019-09-30
11900,Inject skin lesions </w 7,2018-10-01,2019-09-30
11901,Inject skin lesions >7,2018-10-01,2019-09-30
11920,Correct skin color 6.0 cm/<,2018-10-01,2019-09-30
11921,Correct skn color 6.1-20.0cm,2018-10-01,2019-09-30
11950,Tx contour defects 1 cc/<,2018-10-01,2019-09-30
11951,Tx contour defects 1.1-5.0cc,2018-10-01,2019-09-30
11952,Tx contour defects 5.1-10cc,2018-10-01,2019-09-30
11954,Tx contour defects >10.0 cc,2018-10-01,2019-09-30
11960,Insert tissue expander(s),2018-10-01,2019-09-30
11970,Replace tissue expander,2018-10-01,2019-09-30
11971,Remove tissue expander(s),2018-10-01,2019-09-30
11976,Remove contraceptive capsule,2018-10-01,2019-09-30
11980,Implant hormone pellet(s),2018-10-01,2019-09-30
11981,Insert drug implant device,2018-10-01,2019-09-30
11982,Remove drug implant device,2018-10-01,2019-09-30
11983,Remove/insert drug implant,2018-10-01,2019-09-30
12001,Rpr s/n/ax/gen/trnk 2.5cm/<,2018-10-01,2019-09-30
12002,Rpr s/n/ax/gen/trnk2.6-7.5cm,2018-10-01,2019-09-30
12004,Rpr s/n/ax/gen/trk7.6-12.5cm,2018-10-01,2019-09-30
12005,Rpr s/n/a/gen/trk12.6-20.0cm,2018-10-01,2019-09-30
12006,Rpr s/n/a/gen/trk20.1-30.0cm,2018-10-01,2019-09-30
12007,Rpr s/n/ax/gen/trnk >30.0 cm,2018-10-01,2019-09-30
12011,Rpr f/e/e/n/l/m 2.5 cm/<,2018-10-01,2019-09-30
12013,Rpr f/e/e/n/l/m 2.6-5.0 cm,2018-10-01,2019-09-30
12014,Rpr f/e/e/n/l/m 5.1-7.5 cm,2018-10-01,2019-09-30
12015,Rpr f/e/e/n/l/m 7.6-12.5 cm,2018-10-01,2019-09-30
12016,Rpr fe/e/en/l/m 12.6-20.0 cm,2018-10-01,2019-09-30
12017,Rpr fe/e/en/l/m 20.1-30.0 cm,2018-10-01,2019-09-30
12018,Rpr f/e/e/n/l/m >30.0 cm,2018-10-01,2019-09-30
12020,Closure of split wound,2018-10-01,2019-09-30
12021,Closure of split wound,2018-10-01,2019-09-30
12031,Intmd rpr s/a/t/ext 2.5 cm/<,2018-10-01,2019-09-30
12032,Intmd rpr s/a/t/ext 2.6-7.5,2018-10-01,2019-09-30
12034,Intmd rpr s/tr/ext 7.6-12.5,2018-10-01,2019-09-30
12035,Intmd rpr s/a/t/ext 12.6-20,2018-10-01,2019-09-30
12036,Intmd rpr s/a/t/ext 20.1-30,2018-10-01,2019-09-30
12037,Intmd rpr s/tr/ext >30.0 cm,2018-10-01,2019-09-30
12041,Intmd rpr n-hf/genit 2.5cm/<,2018-10-01,2019-09-30
12042,Intmd rpr n-hf/genit2.6-7.5,2018-10-01,2019-09-30
12044,Intmd rpr n-hf/genit7.6-12.5,2018-10-01,2019-09-30
12045,Intmd rpr n-hf/genit12.6-20,2018-10-01,2019-09-30
12046,Intmd rpr n-hf/genit20.1-30,2018-10-01,2019-09-30
12047,Intmd rpr n-hf/genit >30.0cm,2018-10-01,2019-09-30
12051,Intmd rpr face/mm 2.5 cm/<,2018-10-01,2019-09-30
12052,Intmd rpr face/mm 2.6-5.0 cm,2018-10-01,2019-09-30
12053,Intmd rpr face/mm 5.1-7.5 cm,2018-10-01,2019-09-30
12054,Intmd rpr face/mm 7.6-12.5cm,2018-10-01,2019-09-30
12055,Intmd rpr face/mm 12.6-20 cm,2018-10-01,2019-09-30
12056,Intmd rpr face/mm 20.1-30.0,2018-10-01,2019-09-30
12057,Intmd rpr face/mm >30.0 cm,2018-10-01,2019-09-30
13100,Cmplx rpr trunk 1.1-2.5 cm,2018-10-01,2019-09-30
13101,Cmplx rpr trunk 2.6-7.5 cm,2018-10-01,2019-09-30
13120,Cmplx rpr s/a/l 1.1-2.5 cm,2018-10-01,2019-09-30
13121,Cmplx rpr s/a/l 2.6-7.5 cm,2018-10-01,2019-09-30
13131,Cmplx rpr f/c/c/m/n/ax/g/h/f,2018-10-01,2019-09-30
13132,Cmplx rpr f/c/c/m/n/ax/g/h/f,2018-10-01,2019-09-30
13151,Cmplx rpr e/n/e/l 1.1-2.5 cm,2018-10-01,2019-09-30
13152,Cmplx rpr e/n/e/l 2.6-7.5 cm,2018-10-01,2019-09-30
13160,Late closure of wound,2018-10-01,2019-09-30
14000,Tis trnfr trunk 10 sq cm/<,2018-10-01,2019-09-30
14001,Tis trnfr trunk 10.1-30sqcm,2018-10-01,2019-09-30
14020,Tis trnfr s/a/l 10 sq cm/<,2018-10-01,2019-09-30
14021,Tis trnfr s/a/l 10.1-30 sqcm,2018-10-01,2019-09-30
14040,Tis trnfr f/c/c/m/n/a/g/h/f,2018-10-01,2019-09-30
14041,Tis trnfr f/c/c/m/n/a/g/h/f,2018-10-01,2019-09-30
14060,Tis trnfr e/n/e/l 10 sq cm/<,2018-10-01,2019-09-30
14061,Tis trnfr e/n/e/l10.1-30sqcm,2018-10-01,2019-09-30
14301,Tis trnfr any 30.1-60 sq cm,2018-10-01,2019-09-30
14350,Filleted finger/toe flap,2018-10-01,2019-09-30
15002,Wound prep trk/arm/leg,2018-10-01,2019-09-30
15004,Wound prep f/n/hf/g,2018-10-01,2019-09-30
15011,Hrv skn cll ssp agrft 1st 25,2025-10-01,9999-12-31
15015,App skn cl ssp agrft t/a/l 1,2025-10-01,9999-12-31
15017,App skn cll ssp f/n/g/hf 1st,2025-10-01,9999-12-31
15040,Harvest cultured skin graft,2018-10-01,2019-09-30
15050,Skin pinch graft,2018-10-01,2019-09-30
15100,Skin splt grft trnk/arm/leg,2018-10-01,2019-09-30
15110,Epidrm autogrft trnk/arm/leg,2018-10-01,2019-09-30
15115,Epidrm a-grft face/nck/hf/g,2018-10-01,2019-09-30
15120,Skn splt a-grft fac/nck/hf/g,2018-10-01,2019-09-30
15130,Derm autograft trnk/arm/leg,2018-10-01,2019-09-30
15135,Derm autograft face/nck/hf/g,2018-10-01,2019-09-30
15150,Cult skin grft t/arm/leg,2018-10-01,2019-09-30
15155,Cult skin graft f/n/hf/g,2018-10-01,2019-09-30
15200,Skin full graft trunk,2018-10-01,2019-09-30
15220,Skin full graft sclp/arm/leg,2018-10-01,2019-09-30
15240,Skin full grft face/genit/hf,2018-10-01,2019-09-30
15260,Skin full graft een & lips,2018-10-01,2019-09-30
15271,Skin sub graft trnk/arm/leg,2018-10-01,2019-09-30
15273,Skin sub grft t/arm/lg child,2018-10-01,2019-09-30
15275,Skin sub graft face/nk/hf/g,2018-10-01,2019-09-30
15277,Skn sub grft f/n/hf/g child,2018-10-01,2019-09-30
15570,Skin pedicle flap trunk,2018-10-01,2019-09-30
15572,Skin pedicle flap arms/legs,2018-10-01,2019-09-30
15574,Pedcle fh/ch/ch/m/n/ax/g/h/f,2018-10-01,2019-09-30
15576,Pedicle e/n/e/l/ntroral,2018-10-01,2019-09-30
15600,Delay flap trunk,2018-10-01,2019-09-30
15610,Delay flap arms/legs,2018-10-01,2019-09-30
15620,Delay flap f/c/c/n/ax/g/h/f,2018-10-01,2019-09-30
15630,Delay flap eye/nos/ear/lip,2018-10-01,2019-09-30
15650,Transfer skin pedicle flap,2018-10-01,2019-09-30
15730,Mdfc flap w/prsrv vasc pedcl,2018-10-01,2019-09-30
15731,Forehead flap w/vasc pedicle,2018-10-01,2019-09-30
15733,Musc myoq/fscq flp h&n pedcl,2018-10-01,2019-09-30
15734,Muscle-skin graft trunk,2018-10-01,2019-09-30
15736,Muscle-skin graft arm,2018-10-01,2019-09-30
15738,Muscle-skin graft leg,2018-10-01,2019-09-30
15740,Island pedicle flap graft,2018-10-01,2019-09-30
15750,Neurovascular pedicle flap,2018-10-01,2019-09-30
15756,Free myo/skin flap microvasc,2018-10-01,2019-09-30
15757,Free skin flap microvasc,2018-10-01,2019-09-30
15758,Free fascial flap microvasc,2018-10-01,2019-09-30
15760,Composite skin graft,2018-10-01,2019-09-30
15769,Grfg autol soft tiss dir exc,2025-10-01,9999-12-31
15770,Derma-fat-fascia graft,2018-10-01,2019-09-30
15771,Grfg autol fat lipo 50 cc/<,2025-10-01,9999-12-31
15773,Grfg autol fat lipo 25 cc/<,2025-10-01,9999-12-31
15775,Hair trnspl 1-15 punch grfts,2018-10-01,2019-09-30
15776,Hair trnspl >15 punch grafts,2018-10-01,2019-09-30
15778,Impl absrb msh/prsth dly cls,2025-10-01,9999-12-31
15780,Dermabrasion total face,2018-10-01,2019-09-30
15781,Dermabrasion segmental face,2018-10-01,2019-09-30
15782,Dermabrasion other than face,2018-10-01,2019-09-30
15783,Dermabrasion suprfl any site,2018-10-01,2019-09-30
15786,Abrasion lesion single,2018-10-01,2019-09-30
15788,Chemical peel face epiderm,2018-10-01,2019-09-30
15789,Chemical peel face dermal,2018-10-01,2019-09-30
15792,Chemical peel nonfacial,2018-10-01,2019-09-30
15793,Chemical peel nonfacial,2018-10-01,2019-09-30
15819,Plastic surgery neck,2018-10-01,2019-09-30
15820,Revision of lower eyelid,2018-10-01,2019-09-30
15821,Revision of lower eyelid,2018-10-01,2019-09-30
15822,Revision of upper eyelid,2018-10-01,2019-09-30
15823,Revision of upper eyelid,2018-10-01,2019-09-30
15824,Removal of forehead wrinkles,2018-10-01,2019-09-30
15825,Removal of neck wrinkles,2018-10-01,2019-09-30
15826,Removal of brow wrinkles,2018-10-01,2019-09-30
15828,Removal of face wrinkles,2018-10-01,2019-09-30
15829,Removal of skin wrinkles,2018-10-01,2019-09-30
15830,Exc skin abd,2018-10-01,2019-09-30
15832,Excise excessive skin thigh,2018-10-01,2019-09-30
15833,Excise excessive skin leg,2018-10-01,2019-09-30
15834,Excise excessive skin hip,2018-10-01,2019-09-30
15835,Excise excessive skin buttck,2018-10-01,2019-09-30
15836,Excise excessive skin arm,2018-10-01,2019-09-30
15837,Excise excess skin arm/hand,2018-10-01,2019-09-30
15838,Excise excess skin fat pad,2018-10-01,2019-09-30
15839,Excise excess skin & tissue,2018-10-01,2019-09-30
15840,Nerve palsy fascial graft,2018-10-01,2019-09-30
15841,Nerve palsy muscle graft,2018-10-01,2019-09-30
15842,Nerve palsy microsurg graft,2018-10-01,2019-09-30
15845,Skin and muscle repair face,2018-10-01,2019-09-30
15850,Remove sutures same surgeon,2018-10-01,2019-09-30
15851,Remove sutures diff surgeon,2018-10-01,2019-09-30
15852,Dressing change not for burn,2018-10-01,2019-09-30
15860,Test for blood flow in graft,2018-10-01,2019-09-30
15876,Suction lipectomy head&neck,2018-10-01,2019-09-30
15877,Suction lipectomy trunk,2018-10-01,2019-09-30
15878,Suction lipectomy upr extrem,2018-10-01,2019-09-30
15879,Suction lipectomy lwr extrem,2018-10-01,2019-09-30
15920,Removal of tail bone ulcer,2018-10-01,2019-09-30
15922,Removal of tail bone ulcer,2018-10-01,2019-09-30
15931,Remove sacrum pressure sore,2018-10-01,2019-09-30
15933,Remove sacrum pressure sore,2018-10-01,2019-09-30
15934,Remove sacrum pressure sore,2018-10-01,2019-09-30
15935,Remove sacrum pressure sore,2018-10-01,2019-09-30
15936,Remove sacrum pressure sore,2018-10-01,2019-09-30
15937,Remove sacrum pressure sore,2018-10-01,2019-09-30
15940,Remove hip pressure sore,2018-10-01,2019-09-30
15941,Remove hip pressure sore,2018-10-01,2019-09-30
15944,Remove hip pressure sore,2018-10-01,2019-09-30
15945,Remove hip pressure sore,2018-10-01,2019-09-30
15946,Remove hip pressure sore,2018-10-01,2019-09-30
15950,Remove thigh pressure sore,2018-10-01,2019-09-30
15951,Remove thigh pressure sore,2018-10-01,2019-09-30
15952,Remove thigh pressure sore,2018-10-01,2019-09-30
15953,Remove thigh pressure sore,2018-10-01,2019-09-30
15956,Remove thigh pressure sore,2018-10-01,2019-09-30
15958,Remove thigh pressure sore,2018-10-01,2019-09-30
15999,Removal of pressure sore,2018-10-01,2019-09-30
16000,Initial treatment of burn(s),2018-10-01,2019-09-30
16020,Dress/debrid p-thick burn s,2018-10-01,2019-09-30
16025,Dress/debrid p-thick burn m,2018-10-01,2019-09-30
16030,Dress/debrid p-thick burn l,2018-10-01,2019-09-30
16035,Incision of burn scab initi,2018-10-01,2019-09-30
17000,Destruct premalg lesion,2018-10-01,2019-09-30
17004,Destroy premal lesions 15/>,2018-10-01,2019-09-30
17106,Destruction of skin lesions,2018-10-01,2019-09-30
17107,Destruction of skin lesions,2018-10-01,2019-09-30
17108,Destruction of skin lesions,2018-10-01,2019-09-30
17110,Destruct b9 lesion 1-14,2018-10-01,2019-09-30
17111,Destruct lesion 15 or more,2018-10-01,2019-09-30
17250,Chem caut of granltj tissue,2018-10-01,2019-09-30
17260,Destruction of skin lesions,2018-10-01,2019-09-30
17261,Destruction of skin lesions,2018-10-01,2019-09-30
17262,Destruction of skin lesions,2018-10-01,2019-09-30
17263,Destruction of skin lesions,2018-10-01,2019-09-30
17264,Destruction of skin lesions,2018-10-01,2019-09-30
17266,Destruction of skin lesions,2018-10-01,2019-09-30
17270,Destruction of skin lesions,2018-10-01,2019-09-30
17271,Destruction of skin lesions,2018-10-01,2019-09-30
17272,Destruction of skin lesions,2018-10-01,2019-09-30
17273,Destruction of skin lesions,2018-10-01,2019-09-30
17274,Destruction of skin lesions,2018-10-01,2019-09-30
17276,Destruction of skin lesions,2018-10-01,2019-09-30
17280,Destruction of skin lesions,2018-10-01,2019-09-30
17281,Destruction of skin lesions,2018-10-01,2019-09-30
17282,Destruction of skin lesions,2018-10-01,2019-09-30
17283,Destruction of skin lesions,2018-10-01,2019-09-30
17284,Destruction of skin lesions,2018-10-01,2019-09-30
17286,Destruction of skin lesions,2018-10-01,2019-09-30
17311,Mohs 1 stage h/n/hf/g,2018-10-01,2019-09-30
17313,Mohs 1 stage t/a/l,2018-10-01,2019-09-30
17340,Cryotherapy of skin,2018-10-01,2019-09-30
17360,Skin peel therapy,2018-10-01,2019-09-30
17380,Hair removal by electrolysis,2018-10-01,2019-09-30
17999,Skin tissue procedure,2018-10-01,2019-09-30
19000,Drainage of breast lesion,2018-10-01,2019-09-30
19020,Incision of breast lesion,2018-10-01,2019-09-30
19105,Cryosurg ablate fa each,2018-10-01,2019-09-30
19110,Nipple exploration,2018-10-01,2019-09-30
19112,Excise breast duct fistula,2018-10-01,2019-09-30
19120,Removal of breast lesion,2018-10-01,2019-09-30
19125,Excision breast lesion,2018-10-01,2019-09-30
19260,Removal of chest wall lesion,2018-10-01,2019-09-30
19271,Revision of chest wall,2018-10-01,2019-09-30
19272,Extensive chest wall surgery,2018-10-01,2019-09-30
19296,Place po breast cath for rad,2018-10-01,2019-09-30
19298,Place breast rad tube/caths,2018-10-01,2019-09-30
19300,Removal of breast tissue,2018-10-01,2019-09-30
19301,Partial mastectomy,2018-10-01,2019-09-30
19302,P-mastectomy w/ln removal,2018-10-01,2019-09-30
19303,Mast simple complete,2018-10-01,2019-09-30
19304,Mast subq,2018-10-01,2019-09-30
19305,Mast radical,2018-10-01,2019-09-30
19306,Mast rad urban type,2018-10-01,2019-09-30
19307,Mast mod rad,2018-10-01,2019-09-30
19316,Suspension of breast,2018-10-01,2019-09-30
19318,Reduction of large breast,2018-10-01,2019-09-30
19324,Enlarge breast,2018-10-01,2019-09-30
19325,Enlarge breast with implant,2018-10-01,2019-09-30
19328,Removal of breast implant,2018-10-01,2019-09-30
19330,Removal of implant material,2018-10-01,2019-09-30
19340,Immediate breast prosthesis,2018-10-01,2019-09-30
19342,Delayed breast prosthesis,2018-10-01,2019-09-30
19350,Breast reconstruction,2018-10-01,2019-09-30
19355,Correct inverted nipple(s),2018-10-01,2019-09-30
19357,Breast reconstruction,2018-10-01,2019-09-30
19361,Breast reconstr w/lat flap,2018-10-01,2019-09-30
19364,Breast reconstruction,2018-10-01,2019-09-30
19366,Breast reconstruction,2018-10-01,2019-09-30
19367,Breast reconstruction,2018-10-01,2019-09-30
19368,Breast reconstruction,2018-10-01,2019-09-30
19369,Breast reconstruction,2018-10-01,2019-09-30
19370,Surgery of breast capsule,2018-10-01,2019-09-30
19371,Removal of breast capsule,2018-10-01,2019-09-30
19380,Revise breast reconstruction,2018-10-01,2019-09-30
19396,Design custom breast implant,2018-10-01,2019-09-30
19499,Breast surgery procedure,2018-10-01,2019-09-30
20100,Explore wound neck,2018-10-01,2019-09-30
20101,Explore wound chest,2018-10-01,2019-09-30
20102,Explore wound abdomen,2018-10-01,2019-09-30
20103,Explore wound extremity,2018-10-01,2019-09-30
20150,Excise epiphyseal bar,2018-10-01,2019-09-30
20500,Injection of sinus tract,2018-10-01,2019-09-30
20520,Removal of foreign body,2018-10-01,2019-09-30
20525,Removal of foreign body,2018-10-01,2019-09-30
20526,Ther injection carp tunnel,2018-10-01,2019-09-30
20527,Inj dupuytren cord w/enzyme,2018-10-01,2019-09-30
20550,Inj tendon sheath/ligament,2018-10-01,2019-09-30
20551,Inj tendon origin/insertion,2018-10-01,2019-09-30
20552,Inj trigger point 1/2 muscl,2018-10-01,2019-09-30
20553,Inject trigger points 3/>,2018-10-01,2019-09-30
20555,Place ndl musc/tis for rt,2018-10-01,2019-09-30
20560,Ndl insj w/o njx 1 or 2 musc,2023-10-01,2024-09-30
20561,Ndl insj w/o njx 3+ musc,2023-10-01,2024-09-30
20600,Drain/inj joint/bursa w/o us,2018-10-01,2019-09-30
20604,Drain/inj joint/bursa w/us,2018-10-01,2019-09-30
20605,Drain/inj joint/bursa w/o us,2018-10-01,2019-09-30
20606,Drain/inj joint/bursa w/us,2018-10-01,2019-09-30
20610,Drain/inj joint/bursa w/o us,2018-10-01,2019-09-30
20611,Drain/inj joint/bursa w/us,2018-10-01,2019-09-30
20612,Aspirate/inj ganglion cyst,2018-10-01,2019-09-30
20615,Treatment of bone cyst,2018-10-01,2019-09-30
20650,Insert and remove bone pin,2018-10-01,2019-09-30
20660,Apply rem fixation device,2018-10-01,2019-09-30
20661,Application of head brace,2018-10-01,2019-09-30
20662,Application of pelvis brace,2018-10-01,2019-09-30
20663,Application of thigh brace,2018-10-01,2019-09-30
20664,Application of halo,2018-10-01,2019-09-30
20665,Removal of fixation device,2018-10-01,2019-09-30
20670,Removal of support implant,2018-10-01,2019-09-30
20680,Removal of support implant,2018-10-01,2019-09-30
20690,Apply bone fixation device,2018-10-01,2019-09-30
20692,Apply bone fixation device,2018-10-01,2019-09-30
20693,Adjust bone fixation device,2018-10-01,2019-09-30
20694,Remove bone fixation device,2018-10-01,2019-09-30
20696,Comp multiplane ext fixation,2018-10-01,2019-09-30
20697,Comp ext fixate strut change,2018-10-01,2019-09-30
20802,Replantation arm complete,2018-10-01,2019-09-30
20805,Replant forearm complete,2018-10-01,2019-09-30
20808,Replantation hand complete,2018-10-01,2019-09-30
20816,Replantation digit complete,2018-10-01,2019-09-30
20822,Replantation digit complete,2018-10-01,2019-09-30
20824,Replantation thumb complete,2018-10-01,2019-09-30
20827,Replantation thumb complete,2018-10-01,2019-09-30
20838,Replantation foot complete,2018-10-01,2019-09-30
20900,Removal of bone for graft,2018-10-01,2019-09-30
20902,Removal of bone for graft,2018-10-01,2019-09-30
20910,Remove cartilage for graft,2018-10-01,2019-09-30
20912,Remove cartilage for graft,2018-10-01,2019-09-30
20920,Removal of fascia for graft,2018-10-01,2019-09-30
20922,Removal of fascia for graft,2018-10-01,2019-09-30
20924,Removal of tendon for graft,2018-10-01,2019-09-30
20926,Removal of tissue for graft,2018-10-01,2019-09-30
20950,Fluid pressure muscle,2018-10-01,2019-09-30
20955,Fibula bone graft microvasc,2018-10-01,2019-09-30
20956,Iliac bone graft microvasc,2018-10-01,2019-09-30
20957,Mt bone graft microvasc,2018-10-01,2019-09-30
20962,Other bone graft microvasc,2018-10-01,2019-09-30
20969,Bone/skin graft microvasc,2018-10-01,2019-09-30
20970,Bone/skin graft iliac crest,2018-10-01,2019-09-30
20972,Bone/skin graft metatarsal,2018-10-01,2019-09-30
20973,Bone/skin graft great toe,2018-10-01,2019-09-30
20974,Electrical bone stimulation,2018-10-01,2019-09-30
20975,Electrical bone stimulation,2018-10-01,2019-09-30
20979,Us bone stimulation,2018-10-01,2019-09-30
20982,Ablate bone tumor(s) perq,2018-10-01,2019-09-30
20983,Ablate bone tumor(s) perq,2018-10-01,2019-09-30
20999,Musculoskeletal surgery,2018-10-01,2019-09-30
21010,Incision of jaw joint,2018-10-01,2019-09-30
21011,Exc face les sc <2 cm,2018-10-01,2019-09-30
21012,Exc face les sbq 2 cm/>,2018-10-01,2019-09-30
21013,Exc face tum deep < 2 cm,2018-10-01,2019-09-30
21014,Exc face tum deep 2 cm/>,2018-10-01,2019-09-30
21015,Resect face/scalp tum < 2 cm,2018-10-01,2019-09-30
21016,Resect face/scalp tum 2 cm/>,2018-10-01,2019-09-30
21025,Excision of bone lower jaw,2018-10-01,2019-09-30
21026,Excision of facial bone(s),2018-10-01,2019-09-30
21029,Contour of face bone lesion,2018-10-01,2019-09-30
21030,Excise max/zygoma b9 tumor,2018-10-01,2019-09-30
21031,Remove exostosis mandible,2018-10-01,2019-09-30
21032,Remove exostosis maxilla,2018-10-01,2019-09-30
21034,Excise max/zygoma mal tumor,2018-10-01,2019-09-30
21040,Excise mandible lesion,2018-10-01,2019-09-30
21044,Removal of jaw bone lesion,2018-10-01,2019-09-30
21045,Extensive jaw surgery,2018-10-01,2019-09-30
21046,Remove mandible cyst complex,2018-10-01,2019-09-30
21047,Excise lwr jaw cyst w/repair,2018-10-01,2019-09-30
21048,Remove maxilla cyst complex,2018-10-01,2019-09-30
21049,Excis uppr jaw cyst w/repair,2018-10-01,2019-09-30
21050,Removal of jaw joint,2018-10-01,2019-09-30
21060,Remove jaw joint cartilage,2018-10-01,2019-09-30
21070,Remove coronoid process,2018-10-01,2019-09-30
21073,Mnpj of tmj w/anesth,2018-10-01,2019-09-30
21076,Prepare face/oral prosthesis,2018-10-01,2019-09-30
21077,Prepare face/oral prosthesis,2018-10-01,2019-09-30
21079,Prepare face/oral prosthesis,2018-10-01,2019-09-30
21080,Prepare face/oral prosthesis,2018-10-01,2019-09-30
21081,Prepare face/oral prosthesis,2018-10-01,2019-09-30
21082,Prepare face/oral prosthesis,2018-10-01,2019-09-30
21083,Prepare face/oral prosthesis,2018-10-01,2019-09-30
21084,Prepare face/oral prosthesis,2018-10-01,2019-09-30
21085,Prepare face/oral prosthesis,2018-10-01,2019-09-30
21086,Prepare face/oral prosthesis,2018-10-01,2019-09-30
21087,Prepare face/oral prosthesis,2018-10-01,2019-09-30
21088,Prepare face/oral prosthesis,2018-10-01,2019-09-30
21089,Prepare face/oral prosthesis,2018-10-01,2019-09-30
21100,Maxillofacial fixation,2018-10-01,2019-09-30
21110,Interdental fixation,2018-10-01,2019-09-30
21120,Reconstruction of chin,2018-10-01,2019-09-30
21121,Reconstruction of chin,2018-10-01,2019-09-30
21122,Reconstruction of chin,2018-10-01,2019-09-30
21123,Reconstruction of chin,2018-10-01,2019-09-30
21125,Augmentation lower jaw bone,2018-10-01,2019-09-30
21127,Augmentation lower jaw bone,2018-10-01,2019-09-30
21137,Reduction of forehead,2018-10-01,2019-09-30
21138,Reduction of forehead,2018-10-01,2019-09-30
21139,Reduction of forehead,2018-10-01,2019-09-30
21141,Lefort i-1 piece w/o graft,2018-10-01,2019-09-30
21142,Lefort i-2 piece w/o graft,2018-10-01,2019-09-30
21143,Lefort i-3/> piece w/o graft,2018-10-01,2019-09-30
21145,Lefort i-1 piece w/ graft,2018-10-01,2019-09-30
21146,Lefort i-2 piece w/ graft,2018-10-01,2019-09-30
21147,Lefort i-3/> piece w/ graft,2018-10-01,2019-09-30
21150,Lefort ii anterior intrusion,2018-10-01,2019-09-30
21151,Lefort ii w/bone grafts,2018-10-01,2019-09-30
21154,Lefort iii w/o lefort i,2018-10-01,2019-09-30
21155,Lefort iii w/ lefort i,2018-10-01,2019-09-30
21159,Lefort iii w/fhdw/o lefort i,2018-10-01,2019-09-30
21160,Lefort iii w/fhd w/ lefort i,2018-10-01,2019-09-30
21172,Reconstruct orbit/forehead,2018-10-01,2019-09-30
21175,Reconstruct orbit/forehead,2018-10-01,2019-09-30
21179,Reconstruct entire forehead,2018-10-01,2019-09-30
21180,Reconstruct entire forehead,2018-10-01,2019-09-30
21181,Contour cranial bone lesion,2018-10-01,2019-09-30
21182,Reconstruct cranial bone,2018-10-01,2019-09-30
21183,Reconstruct cranial bone,2018-10-01,2019-09-30
21184,Reconstruct cranial bone,2018-10-01,2019-09-30
21188,Reconstruction of midface,2018-10-01,2019-09-30
21193,Reconst lwr jaw w/o graft,2018-10-01,2019-09-30
21194,Reconst lwr jaw w/graft,2018-10-01,2019-09-30
21195,Reconst lwr jaw w/o fixation,2018-10-01,2019-09-30
21196,Reconst lwr jaw w/fixation,2018-10-01,2019-09-30
21198,Reconstr lwr jaw segment,2018-10-01,2019-09-30
21199,Reconstr lwr jaw w/advance,2018-10-01,2019-09-30
21206,Reconstruct upper jaw bone,2018-10-01,2019-09-30
21208,Augmentation of facial bones,2018-10-01,2019-09-30
21209,Reduction of facial bones,2018-10-01,2019-09-30
21210,Face bone graft,2018-10-01,2019-09-30
21215,Lower jaw bone graft,2018-10-01,2019-09-30
21230,Rib cartilage graft,2018-10-01,2019-09-30
21235,Ear cartilage graft,2018-10-01,2019-09-30
21240,Reconstruction of jaw joint,2018-10-01,2019-09-30
21242,Reconstruction of jaw joint,2018-10-01,2019-09-30
21243,Reconstruction of jaw joint,2018-10-01,2019-09-30
21244,Reconstruction of lower jaw,2018-10-01,2019-09-30
21245,Reconstruction of jaw,2018-10-01,2019-09-30
21246,Reconstruction of jaw,2018-10-01,2019-09-30
21247,Reconstruct lower jaw bone,2018-10-01,2019-09-30
21248,Reconstruction of jaw,2018-10-01,2019-09-30
21249,Reconstruction of jaw,2018-10-01,2019-09-30
21255,Reconstruct lower jaw bone,2018-10-01,2019-09-30
21256,Reconstruction of orbit,2018-10-01,2019-09-30
21260,Revise eye sockets,2018-10-01,2019-09-30
21261,Revise eye sockets,2018-10-01,2019-09-30
21263,Revise eye sockets,2018-10-01,2019-09-30
21267,Revise eye sockets,2018-10-01,2019-09-30
21268,Revise eye sockets,2018-10-01,2019-09-30
21270,Augmentation cheek bone,2018-10-01,2019-09-30
21275,Revision orbitofacial bones,2018-10-01,2019-09-30
21280,Revision of eyelid,2018-10-01,2019-09-30
21282,Revision of eyelid,2018-10-01,2019-09-30
21295,Revision of jaw muscle/bone,2018-10-01,2019-09-30
21296,Revision of jaw muscle/bone,2018-10-01,2019-09-30
21299,Cranio/maxillofacial surgery,2018-10-01,2019-09-30
21310,Closed tx nose fx w/o manj,2018-10-01,2019-09-30
21315,Closed tx nose fx w/o stablj,2018-10-01,2019-09-30
21320,Closed tx nose fx w/ stablj,2018-10-01,2019-09-30
21325,Open tx nose fx uncomplicatd,2018-10-01,2019-09-30
21330,Open tx nose fx w/skele fixj,2018-10-01,2019-09-30
21335,Open tx nose & septal fx,2018-10-01,2019-09-30
21336,Open tx septal fx w/wo stabj,2018-10-01,2019-09-30
21337,Closed tx septal&nose fx,2018-10-01,2019-09-30
21338,Open nasoethmoid fx w/o fixj,2018-10-01,2019-09-30
21339,Open nasoethmoid fx w/ fixj,2018-10-01,2019-09-30
21340,Perq tx nasoethmoid fx,2018-10-01,2019-09-30
21343,Open tx dprsd front sinus fx,2018-10-01,2019-09-30
21344,Open tx compl front sinus fx,2018-10-01,2019-09-30
21345,Closed tx nose/jaw fx,2018-10-01,2019-09-30
21346,Opn tx nasomax fx w/fixj,2018-10-01,2019-09-30
21347,Opn tx nasomax fx multple,2018-10-01,2019-09-30
21348,Opn tx nasomax fx w/graft,2018-10-01,2019-09-30
21355,Perq tx malar fracture,2018-10-01,2019-09-30
21356,Opn tx dprsd zygomatic arch,2018-10-01,2019-09-30
21360,Opn tx dprsd malar fracture,2018-10-01,2019-09-30
21365,Opn tx complx malar fx,2018-10-01,2019-09-30
21366,Opn tx complx malar w/grft,2018-10-01,2019-09-30
21385,Opn tx orbit fx transantral,2018-10-01,2019-09-30
21386,Opn tx orbit fx periorbital,2018-10-01,2019-09-30
21387,Opn tx orbit fx combined,2018-10-01,2019-09-30
21390,Opn tx orbit periorbtl implt,2018-10-01,2019-09-30
21395,Opn tx orbit periorbt w/grft,2018-10-01,2019-09-30
21400,Closed tx orbit w/o manipulj,2018-10-01,2019-09-30
21401,Closed tx orbit w/manipulj,2018-10-01,2019-09-30
21406,Opn tx orbit fx w/o implant,2018-10-01,2019-09-30
21407,Opn tx orbit fx w/implant,2018-10-01,2019-09-30
21408,Opn tx orbit fx w/bone grft,2018-10-01,2019-09-30
21421,Treat mouth roof fracture,2018-10-01,2019-09-30
21422,Treat mouth roof fracture,2018-10-01,2019-09-30
21423,Treat mouth roof fracture,2018-10-01,2019-09-30
21431,Treat craniofacial fracture,2018-10-01,2019-09-30
21432,Treat craniofacial fracture,2018-10-01,2019-09-30
21433,Treat craniofacial fracture,2018-10-01,2019-09-30
21435,Treat craniofacial fracture,2018-10-01,2019-09-30
21436,Treat craniofacial fracture,2018-10-01,2019-09-30
21440,Treat dental ridge fracture,2018-10-01,2019-09-30
21445,Treat dental ridge fracture,2018-10-01,2019-09-30
21450,Treat lower jaw fracture,2018-10-01,2019-09-30
21451,Treat lower jaw fracture,2018-10-01,2019-09-30
21452,Treat lower jaw fracture,2018-10-01,2019-09-30
21453,Treat lower jaw fracture,2018-10-01,2019-09-30
21454,Treat lower jaw fracture,2018-10-01,2019-09-30
21461,Treat lower jaw fracture,2018-10-01,2019-09-30
21462,Treat lower jaw fracture,2018-10-01,2019-09-30
21465,Treat lower jaw fracture,2018-10-01,2019-09-30
21470,Treat lower jaw fracture,2018-10-01,2019-09-30
21480,Reset dislocated jaw,2018-10-01,2019-09-30
21485,Reset dislocated jaw,2018-10-01,2019-09-30
21490,Repair dislocated jaw,2018-10-01,2019-09-30
21497,Interdental wiring,2018-10-01,2019-09-30
21499,Head surgery procedure,2018-10-01,2019-09-30
21501,Drain neck/chest lesion,2018-10-01,2019-09-30
21502,Drain chest lesion,2018-10-01,2019-09-30
21510,Drainage of bone lesion,2018-10-01,2019-09-30
21552,Exc neck les sc 3 cm/>,2018-10-01,2019-09-30
21554,Exc neck tum deep 5 cm/>,2018-10-01,2019-09-30
21555,Exc neck les sc < 3 cm,2018-10-01,2019-09-30
21556,Exc neck tum deep < 5 cm,2018-10-01,2019-09-30
21557,Resect neck thorax tumor<5cm,2018-10-01,2019-09-30
21558,Resect neck tumor 5 cm/>,2018-10-01,2019-09-30
21600,Partial removal of rib,2018-10-01,2019-09-30
21601,Exc chest wall tumor w/ribs,2020-10-01,2021-09-30
21602,Exc ch wal tum w/o lymphadec,2020-10-01,2021-09-30
21603,Exc ch wal tum w/lymphadec,2020-10-01,2021-09-30
21610,Partial removal of rib,2018-10-01,2019-09-30
21615,Removal of rib,2018-10-01,2019-09-30
21616,Removal of rib and nerves,2018-10-01,2019-09-30
21620,Partial removal of sternum,2018-10-01,2019-09-30
21627,Sternal debridement,2018-10-01,2019-09-30
21630,Extensive sternum surgery,2018-10-01,2019-09-30
21632,Extensive sternum surgery,2018-10-01,2019-09-30
21685,Hyoid myotomy & suspension,2018-10-01,2019-09-30
21700,Revision of neck muscle,2018-10-01,2019-09-30
21705,Revision of neck muscle/rib,2018-10-01,2019-09-30
21720,Revision of neck muscle,2018-10-01,2019-09-30
21725,Revision of neck muscle,2018-10-01,2019-09-30
21740,Reconstruction of sternum,2018-10-01,2019-09-30
21742,Repair stern/nuss w/o scope,2018-10-01,2019-09-30
21743,Repair sternum/nuss w/scope,2018-10-01,2019-09-30
21750,Repair of sternum separation,2018-10-01,2019-09-30
21811,Optx of rib fx w/fixj scope,2018-10-01,2019-09-30
21812,Treatment of rib fracture,2018-10-01,2019-09-30
21813,Treatment of rib fracture,2018-10-01,2019-09-30
21820,Treat sternum fracture,2018-10-01,2019-09-30
21825,Treat sternum fracture,2018-10-01,2019-09-30
21899,Neck/chest surgery procedure,2018-10-01,2019-09-30
21930,Exc back les sc < 3 cm,2018-10-01,2019-09-30
21931,Exc back les sc 3 cm/>,2018-10-01,2019-09-30
21932,Exc back tum deep < 5 cm,2018-10-01,2019-09-30
21933,Exc back tum deep 5 cm/>,2018-10-01,2019-09-30
21935,Resect back tum < 5 cm,2018-10-01,2019-09-30
21936,Resect back tum 5 cm/>,2018-10-01,2019-09-30
22010,I&d p-spine c/t/cerv-thor,2018-10-01,2019-09-30
22015,I&d abscess p-spine l/s/ls,2018-10-01,2019-09-30
22100,Remove part of neck vertebra,2018-10-01,2019-09-30
22101,Remove part thorax vertebra,2018-10-01,2019-09-30
22102,Remove part lumbar vertebra,2018-10-01,2019-09-30
22110,Remove part of neck vertebra,2018-10-01,2019-09-30
22112,Remove part thorax vertebra,2018-10-01,2019-09-30
22114,Remove part lumbar vertebra,2018-10-01,2019-09-30
22206,Incis spine 3 column thorac,2018-10-01,2019-09-30
22207,Incis spine 3 column lumbar,2018-10-01,2019-09-30
22210,Incis 1 vertebral seg cerv,2018-10-01,2019-09-30
22212,Incis 1 vertebral seg thorac,2018-10-01,2019-09-30
22214,Incis 1 vertebral seg lumbar,2018-10-01,2019-09-30
22220,Incis w/discectomy cervical,2018-10-01,2019-09-30
22222,Incis w/discectomy thoracic,2018-10-01,2019-09-30
22224,Incis w/discectomy lumbar,2018-10-01,2019-09-30
22310,Closed tx vert fx w/o manj,2018-10-01,2019-09-30
22315,Closed tx vert fx w/manj,2018-10-01,2019-09-30
22318,Treat odontoid fx w/o graft,2018-10-01,2019-09-30
22319,Treat odontoid fx w/graft,2018-10-01,2019-09-30
22325,Treat spine fracture,2018-10-01,2019-09-30
22326,Treat neck spine fracture,2018-10-01,2019-09-30
22327,Treat thorax spine fracture,2018-10-01,2019-09-30
22505,Manipulation of spine,2018-10-01,2019-09-30
22510,Perq cervicothoracic inject,2018-10-01,2019-09-30
22511,Perq lumbosacral injection,2018-10-01,2019-09-30
22513,Perq vertebral augmentation,2018-10-01,2019-09-30
22514,Perq vertebral augmentation,2018-10-01,2019-09-30
22526,Idet single level,2018-10-01,2019-09-30
22532,Lat thorax spine fusion,2018-10-01,2019-09-30
22533,Lat lumbar spine fusion,2018-10-01,2019-09-30
22548,Neck spine fusion,2018-10-01,2019-09-30
22551,Neck spine fuse&remov bel c2,2018-10-01,2019-09-30
22554,Neck spine fusion,2018-10-01,2019-09-30
22556,Thorax spine fusion,2018-10-01,2019-09-30
22558,Lumbar spine fusion,2018-10-01,2019-09-30
22586,Prescrl fuse w/ instr l5-s1,2018-10-01,2019-09-30
22590,Spine & skull spinal fusion,2018-10-01,2019-09-30
22595,Neck spinal fusion,2018-10-01,2019-09-30
22600,Neck spine fusion,2018-10-01,2019-09-30
22610,Thorax spine fusion,2018-10-01,2019-09-30
22612,Lumbar spine fusion,2018-10-01,2019-09-30
22630,Lumbar spine fusion,2018-10-01,2019-09-30
22633,Lumbar spine fusion combined,2018-10-01,2019-09-30
22800,Post fusion </6 vert seg,2018-10-01,2019-09-30
22802,Post fusion 7-12 vert seg,2018-10-01,2019-09-30
22804,Post fusion 13/> vert seg,2018-10-01,2019-09-30
22808,Ant fusion 2-3 vert seg,2018-10-01,2019-09-30
22810,Ant fusion 4-7 vert seg,2018-10-01,2019-09-30
22812,Ant fusion 8/> vert seg,2018-10-01,2019-09-30
22818,Kyphectomy 1-2 segments,2018-10-01,2019-09-30
22819,Kyphectomy 3 or more,2018-10-01,2019-09-30
22830,Exploration of spinal fusion,2018-10-01,2019-09-30
22836,Ant thrc vrt body tethrg <7,2025-10-01,9999-12-31
22837,Ant thrc vrt body tethrg 8+,2025-10-01,9999-12-31
22838,Rev rplc/rmv thrc vrt tethrg,2025-10-01,9999-12-31
22849,Reinsert spinal fixation,2018-10-01,2019-09-30
22850,Remove spine fixation device,2018-10-01,2019-09-30
22852,Remove spine fixation device,2018-10-01,2019-09-30
22855,Remove spine fixation device,2018-10-01,2019-09-30
22856,Cerv artific diskectomy,2018-10-01,2019-09-30
22857,Lumbar artif diskectomy,2018-10-01,2019-09-30
22861,Revise cerv artific disc,2018-10-01,2019-09-30
22862,Revise lumbar artif disc,2018-10-01,2019-09-30
22864,Remove cerv artif disc,2018-10-01,2019-09-30
22865,Remove lumb artif disc,2018-10-01,2019-09-30
22867,Insj stablj dev w/dcmprn,2018-10-01,2019-09-30
22869,Insj stablj dev w/o dcmprn,2018-10-01,2019-09-30
22899,Spine surgery procedure,2018-10-01,2019-09-30
22900,Exc abdl tum deep < 5 cm,2018-10-01,2019-09-30
22901,Exc abdl tum deep 5 cm/>,2018-10-01,2019-09-30
22902,Exc abd les sc < 3 cm,2018-10-01,2019-09-30
22903,Exc abd les sc 3 cm/>,2018-10-01,2019-09-30
22904,Radical resect abd tumor<5cm,2018-10-01,2019-09-30
22905,Rad resect abd tumor 5 cm/>,2018-10-01,2019-09-30
22999,Abdomen surgery procedure,2018-10-01,2019-09-30
23000,Removal of calcium deposits,2018-10-01,2019-09-30
23020,Release shoulder joint,2018-10-01,2019-09-30
23030,Drain shoulder lesion,2018-10-01,2019-09-30
23031,Drain shoulder bursa,2018-10-01,2019-09-30
23035,Drain shoulder bone lesion,2018-10-01,2019-09-30
23040,Exploratory shoulder surgery,2018-10-01,2019-09-30
23044,Exploratory shoulder surgery,2018-10-01,2019-09-30
23071,Exc shoulder les sc 3 cm/>,2018-10-01,2019-09-30
23073,Exc shoulder tum deep 5 cm/>,2018-10-01,2019-09-30
23075,Exc shoulder les sc < 3 cm,2018-10-01,2019-09-30
23076,Exc shoulder tum deep < 5 cm,2018-10-01,2019-09-30
23077,Resect shoulder tumor < 5 cm,2018-10-01,2019-09-30
23078,Resect shoulder tumor 5 cm/>,2018-10-01,2019-09-30
23100,Biopsy of shoulder joint,2018-10-01,2019-09-30
23101,Shoulder joint surgery,2018-10-01,2019-09-30
23105,Remove shoulder joint lining,2018-10-01,2019-09-30
23106,Incision of collarbone joint,2018-10-01,2019-09-30
23107,Explore treat shoulder joint,2018-10-01,2019-09-30
23120,Partial removal collar bone,2018-10-01,2019-09-30
23125,Removal of collar bone,2018-10-01,2019-09-30
23130,Remove shoulder bone part,2018-10-01,2019-09-30
23140,Removal of bone lesion,2018-10-01,2019-09-30
23145,Removal of bone lesion,2018-10-01,2019-09-30
23146,Removal of bone lesion,2018-10-01,2019-09-30
23150,Removal of humerus lesion,2018-10-01,2019-09-30
23155,Removal of humerus lesion,2018-10-01,2019-09-30
23156,Removal of humerus lesion,2018-10-01,2019-09-30
23170,Remove collar bone lesion,2018-10-01,2019-09-30
23172,Remove shoulder blade lesion,2018-10-01,2019-09-30
23174,Remove humerus lesion,2018-10-01,2019-09-30
23180,Remove collar bone lesion,2018-10-01,2019-09-30
23182,Remove shoulder blade lesion,2018-10-01,2019-09-30
23184,Remove humerus lesion,2018-10-01,2019-09-30
23190,Partial removal of scapula,2018-10-01,2019-09-30
23195,Removal of head of humerus,2018-10-01,2019-09-30
23200,Resect clavicle tumor,2018-10-01,2019-09-30
23210,Resect scapula tumor,2018-10-01,2019-09-30
23220,Resect prox humerus tumor,2018-10-01,2019-09-30
23330,Remove shoulder foreign body,2018-10-01,2019-09-30
23333,Remove shoulder fb deep,2018-10-01,2019-09-30
23334,Shoulder prosthesis removal,2018-10-01,2019-09-30
23335,Shoulder prosthesis removal,2018-10-01,2019-09-30
23395,Muscle transfer shoulder/arm,2018-10-01,2019-09-30
23397,Muscle transfers,2018-10-01,2019-09-30
23400,Fixation of shoulder blade,2018-10-01,2019-09-30
23405,Incision of tendon & muscle,2018-10-01,2019-09-30
23406,Incise tendon(s) & muscle(s),2018-10-01,2019-09-30
23410,Repair rotator cuff acute,2018-10-01,2019-09-30
23412,Repair rotator cuff chronic,2018-10-01,2019-09-30
23415,Release of shoulder ligament,2018-10-01,2019-09-30
23420,Repair of shoulder,2018-10-01,2019-09-30
23430,Repair biceps tendon,2018-10-01,2019-09-30
23440,Remove/transplant tendon,2018-10-01,2019-09-30
23450,Repair shoulder capsule,2018-10-01,2019-09-30
23455,Repair shoulder capsule,2018-10-01,2019-09-30
23460,Repair shoulder capsule,2018-10-01,2019-09-30
23462,Repair shoulder capsule,2018-10-01,2019-09-30
23465,Repair shoulder capsule,2018-10-01,2019-09-30
23466,Repair shoulder capsule,2018-10-01,2019-09-30
23470,Reconstruct shoulder joint,2018-10-01,2019-09-30
23472,Reconstruct shoulder joint,2018-10-01,2019-09-30
23473,Revis reconst shoulder joint,2018-10-01,2019-09-30
23474,Revis reconst shoulder joint,2018-10-01,2019-09-30
23480,Revision of collar bone,2018-10-01,2019-09-30
23485,Revision of collar bone,2018-10-01,2019-09-30
23490,Reinforce clavicle,2018-10-01,2019-09-30
23491,Reinforce shoulder bones,2018-10-01,2019-09-30
23500,Treat clavicle fracture,2018-10-01,2019-09-30
23505,Treat clavicle fracture,2018-10-01,2019-09-30
23515,Treat clavicle fracture,2018-10-01,2019-09-30
23520,Treat clavicle dislocation,2018-10-01,2019-09-30
23525,Treat clavicle dislocation,2018-10-01,2019-09-30
23530,Treat clavicle dislocation,2018-10-01,2019-09-30
23532,Treat clavicle dislocation,2018-10-01,2019-09-30
23540,Treat clavicle dislocation,2018-10-01,2019-09-30
23545,Treat clavicle dislocation,2018-10-01,2019-09-30
23550,Treat clavicle dislocation,2018-10-01,2019-09-30
23552,Treat clavicle dislocation,2018-10-01,2019-09-30
23570,Treat shoulder blade fx,2018-10-01,2019-09-30
23575,Treat shoulder blade fx,2018-10-01,2019-09-30
23585,Treat scapula fracture,2018-10-01,2019-09-30
23600,Treat humerus fracture,2018-10-01,2019-09-30
23605,Treat humerus fracture,2018-10-01,2019-09-30
23615,Treat humerus fracture,2018-10-01,2019-09-30
23616,Treat humerus fracture,2018-10-01,2019-09-30
23620,Treat humerus fracture,2018-10-01,2019-09-30
23625,Treat humerus fracture,2018-10-01,2019-09-30
23630,Treat humerus fracture,2018-10-01,2019-09-30
23650,Treat shoulder dislocation,2018-10-01,2019-09-30
23655,Treat shoulder dislocation,2018-10-01,2019-09-30
23660,Treat shoulder dislocation,2018-10-01,2019-09-30
23665,Treat dislocation/fracture,2018-10-01,2019-09-30
23670,Treat dislocation/fracture,2018-10-01,2019-09-30
23675,Treat dislocation/fracture,2018-10-01,2019-09-30
23680,Treat dislocation/fracture,2018-10-01,2019-09-30
23700,Fixation of shoulder,2018-10-01,2019-09-30
23800,Fusion of shoulder joint,2018-10-01,2019-09-30
23802,Fusion of shoulder joint,2018-10-01,2019-09-30
23900,Amputation of arm & girdle,2018-10-01,2019-09-30
23920,Amputation at shoulder joint,2018-10-01,2019-09-30
23921,Amputation follow-up surgery,2018-10-01,2019-09-30
23929,Shoulder surgery procedure,2018-10-01,2019-09-30
23930,Drainage of arm lesion,2018-10-01,2019-09-30
23931,Drainage of arm bursa,2018-10-01,2019-09-30
23935,Drain arm/elbow bone lesion,2018-10-01,2019-09-30
24000,Exploratory elbow surgery,2018-10-01,2019-09-30
24006,Release elbow joint,2018-10-01,2019-09-30
24071,Exc arm/elbow les sc 3 cm/>,2018-10-01,2019-09-30
24073,Ex arm/elbow tum deep 5 cm/>,2018-10-01,2019-09-30
24075,Exc arm/elbow les sc < 3 cm,2018-10-01,2019-09-30
24076,Ex arm/elbow tum deep < 5 cm,2018-10-01,2019-09-30
24077,Resect arm/elbow tum < 5 cm,2018-10-01,2019-09-30
24079,Resect arm/elbow tum 5 cm/>,2018-10-01,2019-09-30
24100,Biopsy elbow joint lining,2018-10-01,2019-09-30
24101,Explore/treat elbow joint,2018-10-01,2019-09-30
24102,Remove elbow joint lining,2018-10-01,2019-09-30
24105,Removal of elbow bursa,2018-10-01,2019-09-30
24110,Remove humerus lesion,2018-10-01,2019-09-30
24115,Remove/graft bone lesion,2018-10-01,2019-09-30
24116,Remove/graft bone lesion,2018-10-01,2019-09-30
24120,Remove elbow lesion,2018-10-01,2019-09-30
24125,Remove/graft bone lesion,2018-10-01,2019-09-30
24126,Remove/graft bone lesion,2018-10-01,2019-09-30
24130,Removal of head of radius,2018-10-01,2019-09-30
24134,Removal of arm bone lesion,2018-10-01,2019-09-30
24136,Remove radius bone lesion,2018-10-01,2019-09-30
24138,Remove elbow bone lesion,2018-10-01,2019-09-30
24140,Partial removal of arm bone,2018-10-01,2019-09-30
24145,Partial removal of radius,2018-10-01,2019-09-30
24147,Partial removal of elbow,2018-10-01,2019-09-30
24149,Radical resection of elbow,2018-10-01,2019-09-30
24150,Resect distal humerus tumor,2018-10-01,2019-09-30
24152,Resect radius tumor,2018-10-01,2019-09-30
24155,Removal of elbow joint,2018-10-01,2019-09-30
24160,Remove elbow joint implant,2018-10-01,2019-09-30
24164,Remove radius head implant,2018-10-01,2019-09-30
24200,Removal of arm foreign body,2018-10-01,2019-09-30
24201,Removal of arm foreign body,2018-10-01,2019-09-30
24300,Manipulate elbow w/anesth,2018-10-01,2019-09-30
24301,Muscle/tendon transfer,2018-10-01,2019-09-30
24305,Arm tendon lengthening,2018-10-01,2019-09-30
24310,Revision of arm tendon,2018-10-01,2019-09-30
24320,Repair of arm tendon,2018-10-01,2019-09-30
24330,Revision of arm muscles,2018-10-01,2019-09-30
24331,Revision of arm muscles,2018-10-01,2019-09-30
24332,Tenolysis triceps,2018-10-01,2019-09-30
24340,Repair of biceps tendon,2018-10-01,2019-09-30
24341,Repair arm tendon/muscle,2018-10-01,2019-09-30
24342,Repair of ruptured tendon,2018-10-01,2019-09-30
24343,Repr elbow lat ligmnt w/tiss,2018-10-01,2019-09-30
24344,Reconstruct elbow lat ligmnt,2018-10-01,2019-09-30
24345,Repr elbw med ligmnt w/tissu,2018-10-01,2019-09-30
24346,Reconstruct elbow med ligmnt,2018-10-01,2019-09-30
24357,Repair elbow perc,2018-10-01,2019-09-30
24358,Repair elbow w/deb open,2018-10-01,2019-09-30
24359,Repair elbow deb/attch open,2018-10-01,2019-09-30
24360,Reconstruct elbow joint,2018-10-01,2019-09-30
24361,Reconstruct elbow joint,2018-10-01,2019-09-30
24362,Reconstruct elbow joint,2018-10-01,2019-09-30
24363,Replace elbow joint,2018-10-01,2019-09-30
24365,Reconstruct head of radius,2018-10-01,2019-09-30
24366,Reconstruct head of radius,2018-10-01,2019-09-30
24370,Revise reconst elbow joint,2018-10-01,2019-09-30
24371,Revise reconst elbow joint,2018-10-01,2019-09-30
24400,Revision of humerus,2018-10-01,2019-09-30
24410,Revision of humerus,2018-10-01,2019-09-30
24420,Revision of humerus,2018-10-01,2019-09-30
24430,Repair of humerus,2018-10-01,2019-09-30
24435,Repair humerus with graft,2018-10-01,2019-09-30
24470,Revision of elbow joint,2018-10-01,2019-09-30
24495,Decompression of forearm,2018-10-01,2019-09-30
24498,Reinforce humerus,2018-10-01,2019-09-30
24500,Treat humerus fracture,2018-10-01,2019-09-30
24505,Treat humerus fracture,2018-10-01,2019-09-30
24515,Treat humerus fracture,2018-10-01,2019-09-30
24516,Treat humerus fracture,2018-10-01,2019-09-30
24530,Treat humerus fracture,2018-10-01,2019-09-30
24535,Treat humerus fracture,2018-10-01,2019-09-30
24538,Treat humerus fracture,2018-10-01,2019-09-30
24545,Treat humerus fracture,2018-10-01,2019-09-30
24546,Treat humerus fracture,2018-10-01,2019-09-30
24560,Treat humerus fracture,2018-10-01,2019-09-30
24565,Treat humerus fracture,2018-10-01,2019-09-30
24566,Treat humerus fracture,2018-10-01,2019-09-30
24575,Treat humerus fracture,2018-10-01,2019-09-30
24576,Treat humerus fracture,2018-10-01,2019-09-30
24577,Treat humerus fracture,2018-10-01,2019-09-30
24579,Treat humerus fracture,2018-10-01,2019-09-30
24582,Treat humerus fracture,2018-10-01,2019-09-30
24586,Treat elbow fracture,2018-10-01,2019-09-30
24587,Treat elbow fracture,2018-10-01,2019-09-30
24600,Treat elbow dislocation,2018-10-01,2019-09-30
24605,Treat elbow dislocation,2018-10-01,2019-09-30
24615,Treat elbow dislocation,2018-10-01,2019-09-30
24620,Treat elbow fracture,2018-10-01,2019-09-30
24635,Treat elbow fracture,2018-10-01,2019-09-30
24640,Treat elbow dislocation,2018-10-01,2019-09-30
24650,Treat radius fracture,2018-10-01,2019-09-30
24655,Treat radius fracture,2018-10-01,2019-09-30
24665,Treat radius fracture,2018-10-01,2019-09-30
24666,Treat radius fracture,2018-10-01,2019-09-30
24670,Treat ulnar fracture,2018-10-01,2019-09-30
24675,Treat ulnar fracture,2018-10-01,2019-09-30
24685,Treat ulnar fracture,2018-10-01,2019-09-30
24800,Fusion of elbow joint,2018-10-01,2019-09-30
24802,Fusion/graft of elbow joint,2018-10-01,2019-09-30
24900,Amputation of upper arm,2018-10-01,2019-09-30
24920,Amputation of upper arm,2018-10-01,2019-09-30
24925,Amputation follow-up surgery,2018-10-01,2019-09-30
24930,Amputation follow-up surgery,2018-10-01,2019-09-30
24931,Amputate upper arm & implant,2018-10-01,2019-09-30
24935,Revision of amputation,2018-10-01,2019-09-30
24940,Revision of upper arm,2018-10-01,2019-09-30
24999,Upper arm/elbow surgery,2018-10-01,2019-09-30
25000,Incision of tendon sheath,2018-10-01,2019-09-30
25001,Incise flexor carpi radialis,2018-10-01,2019-09-30
25020,Decompress forearm 1 space,2018-10-01,2019-09-30
25023,Decompress forearm 1 space,2018-10-01,2019-09-30
25024,Decompress forearm 2 spaces,2018-10-01,2019-09-30
25025,Decompress forearm 2 spaces,2018-10-01,2019-09-30
25028,Drainage of forearm lesion,2018-10-01,2019-09-30
25031,Drainage of forearm bursa,2018-10-01,2019-09-30
25035,Treat forearm bone lesion,2018-10-01,2019-09-30
25040,Explore/treat wrist joint,2018-10-01,2019-09-30
25071,Exc forearm les sc 3 cm/>,2018-10-01,2019-09-30
25073,Exc forearm tum deep 3 cm/>,2018-10-01,2019-09-30
25075,Exc forearm les sc < 3 cm,2018-10-01,2019-09-30
25076,Exc forearm tum deep < 3 cm,2018-10-01,2019-09-30
25077,Resect forearm/wrist tum<3cm,2018-10-01,2019-09-30
25078,Resect forarm/wrist tum 3cm>,2018-10-01,2019-09-30
25085,Incision of wrist capsule,2018-10-01,2019-09-30
25100,Biopsy of wrist joint,2018-10-01,2019-09-30
25101,Explore/treat wrist joint,2018-10-01,2019-09-30
25105,Remove wrist joint lining,2018-10-01,2019-09-30
25107,Remove wrist joint cartilage,2018-10-01,2019-09-30
25109,Excise tendon forearm/wrist,2018-10-01,2019-09-30
25110,Remove wrist tendon lesion,2018-10-01,2019-09-30
25111,Remove wrist tendon lesion,2018-10-01,2019-09-30
25112,Reremove wrist tendon lesion,2018-10-01,2019-09-30
25115,Remove wrist/forearm lesion,2018-10-01,2019-09-30
25116,Remove wrist/forearm lesion,2018-10-01,2019-09-30
25118,Excise wrist tendon sheath,2018-10-01,2019-09-30
25119,Partial removal of ulna,2018-10-01,2019-09-30
25120,Removal of forearm lesion,2018-10-01,2019-09-30
25125,Remove/graft forearm lesion,2018-10-01,2019-09-30
25126,Remove/graft forearm lesion,2018-10-01,2019-09-30
25130,Removal of wrist lesion,2018-10-01,2019-09-30
25135,Remove & graft wrist lesion,2018-10-01,2019-09-30
25136,Remove & graft wrist lesion,2018-10-01,2019-09-30
25145,Remove forearm bone lesion,2018-10-01,2019-09-30
25150,Partial removal of ulna,2018-10-01,2019-09-30
25151,Partial removal of radius,2018-10-01,2019-09-30
25170,Resect radius/ulnar tumor,2018-10-01,2019-09-30
25210,Removal of wrist bone,2018-10-01,2019-09-30
25215,Removal of wrist bones,2018-10-01,2019-09-30
25230,Partial removal of radius,2018-10-01,2019-09-30
25240,Partial removal of ulna,2018-10-01,2019-09-30
25248,Remove forearm foreign body,2018-10-01,2019-09-30
25250,Removal of wrist prosthesis,2018-10-01,2019-09-30
25251,Removal of wrist prosthesis,2018-10-01,2019-09-30
25259,Manipulate wrist w/anesthes,2018-10-01,2019-09-30
25260,Repair forearm tendon/muscle,2018-10-01,2019-09-30
25263,Repair forearm tendon/muscle,2018-10-01,2019-09-30
25265,Repair forearm tendon/muscle,2018-10-01,2019-09-30
25270,Repair forearm tendon/muscle,2018-10-01,2019-09-30
25272,Repair forearm tendon/muscle,2018-10-01,2019-09-30
25274,Repair forearm tendon/muscle,2018-10-01,2019-09-30
25275,Repair forearm tendon sheath,2018-10-01,2019-09-30
25280,Revise wrist/forearm tendon,2018-10-01,2019-09-30
25290,Incise wrist/forearm tendon,2018-10-01,2019-09-30
25295,Release wrist/forearm tendon,2018-10-01,2019-09-30
25300,Fusion of tendons at wrist,2018-10-01,2019-09-30
25301,Fusion of tendons at wrist,2018-10-01,2019-09-30
25310,Transplant forearm tendon,2018-10-01,2019-09-30
25312,Transplant forearm tendon,2018-10-01,2019-09-30
25315,Revise palsy hand tendon(s),2018-10-01,2019-09-30
25316,Revise palsy hand tendon(s),2018-10-01,2019-09-30
25320,Repair/revise wrist joint,2018-10-01,2019-09-30
25332,Revise wrist joint,2018-10-01,2019-09-30
25335,Realignment of hand,2018-10-01,2019-09-30
25337,Reconstruct ulna/radioulnar,2018-10-01,2019-09-30
25350,Revision of radius,2018-10-01,2019-09-30
25355,Revision of radius,2018-10-01,2019-09-30
25360,Revision of ulna,2018-10-01,2019-09-30
25365,Revise radius & ulna,2018-10-01,2019-09-30
25370,Revise radius or ulna,2018-10-01,2019-09-30
25375,Revise radius & ulna,2018-10-01,2019-09-30
25390,Shorten radius or ulna,2018-10-01,2019-09-30
25391,Lengthen radius or ulna,2018-10-01,2019-09-30
25392,Shorten radius & ulna,2018-10-01,2019-09-30
25393,Lengthen radius & ulna,2018-10-01,2019-09-30
25394,Repair carpal bone shorten,2018-10-01,2019-09-30
25400,Repair radius or ulna,2018-10-01,2019-09-30
25405,Repair/graft radius or ulna,2018-10-01,2019-09-30
25415,Repair radius & ulna,2018-10-01,2019-09-30
25420,Repair/graft radius & ulna,2018-10-01,2019-09-30
25425,Repair/graft radius or ulna,2018-10-01,2019-09-30
25426,Repair/graft radius & ulna,2018-10-01,2019-09-30
25430,Vasc graft into carpal bone,2018-10-01,2019-09-30
25431,Repair nonunion carpal bone,2018-10-01,2019-09-30
25440,Repair/graft wrist bone,2018-10-01,2019-09-30
25441,Reconstruct wrist joint,2018-10-01,2019-09-30
25442,Reconstruct wrist joint,2018-10-01,2019-09-30
25443,Reconstruct wrist joint,2018-10-01,2019-09-30
25444,Reconstruct wrist joint,2018-10-01,2019-09-30
25445,Reconstruct wrist joint,2018-10-01,2019-09-30
25446,Wrist replacement,2018-10-01,2019-09-30
25447,Repair wrist joints,2018-10-01,2019-09-30
25448,Arthrp ntrcrpl/crp/mtcrp ssp,2025-10-01,9999-12-31
25449,Remove wrist joint implant,2018-10-01,2019-09-30
25450,Revision of wrist joint,2018-10-01,2019-09-30
25455,Revision of wrist joint,2018-10-01,2019-09-30
25490,Reinforce radius,2018-10-01,2019-09-30
25491,Reinforce ulna,2018-10-01,2019-09-30
25492,Reinforce radius and ulna,2018-10-01,2019-09-30
25500,Treat fracture of radius,2018-10-01,2019-09-30
25505,Treat fracture of radius,2018-10-01,2019-09-30
25515,Treat fracture of radius,2018-10-01,2019-09-30
25520,Treat fracture of radius,2018-10-01,2019-09-30
25525,Treat fracture of radius,2018-10-01,2019-09-30
25526,Treat fracture of radius,2018-10-01,2019-09-30
25530,Treat fracture of ulna,2018-10-01,2019-09-30
25535,Treat fracture of ulna,2018-10-01,2019-09-30
25545,Treat fracture of ulna,2018-10-01,2019-09-30
25560,Treat fracture radius & ulna,2018-10-01,2019-09-30
25565,Treat fracture radius & ulna,2018-10-01,2019-09-30
25574,Treat fracture radius & ulna,2018-10-01,2019-09-30
25575,Treat fracture radius/ulna,2018-10-01,2019-09-30
25600,Treat fracture radius/ulna,2018-10-01,2019-09-30
25605,Treat fracture radius/ulna,2018-10-01,2019-09-30
25606,Treat fx distal radial,2018-10-01,2019-09-30
25607,Treat fx rad extra-articul,2018-10-01,2019-09-30
25608,Treat fx rad intra-articul,2018-10-01,2019-09-30
25609,Treat fx radial 3+ frag,2018-10-01,2019-09-30
25622,Treat wrist bone fracture,2018-10-01,2019-09-30
25624,Treat wrist bone fracture,2018-10-01,2019-09-30
25628,Treat wrist bone fracture,2018-10-01,2019-09-30
25630,Treat wrist bone fracture,2018-10-01,2019-09-30
25635,Treat wrist bone fracture,2018-10-01,2019-09-30
25645,Treat wrist bone fracture,2018-10-01,2019-09-30
25650,Treat wrist bone fracture,2018-10-01,2019-09-30
25651,Pin ulnar styloid fracture,2018-10-01,2019-09-30
25652,Treat fracture ulnar styloid,2018-10-01,2019-09-30
25660,Treat wrist dislocation,2018-10-01,2019-09-30
25670,Treat wrist dislocation,2018-10-01,2019-09-30
25671,Pin radioulnar dislocation,2018-10-01,2019-09-30
25675,Treat wrist dislocation,2018-10-01,2019-09-30
25676,Treat wrist dislocation,2018-10-01,2019-09-30
25680,Treat wrist fracture,2018-10-01,2019-09-30
25685,Treat wrist fracture,2018-10-01,2019-09-30
25690,Treat wrist dislocation,2018-10-01,2019-09-30
25695,Treat wrist dislocation,2018-10-01,2019-09-30
25800,Fusion of wrist joint,2018-10-01,2019-09-30
25805,Fusion/graft of wrist joint,2018-10-01,2019-09-30
25810,Fusion/graft of wrist joint,2018-10-01,2019-09-30
25820,Fusion of hand bones,2018-10-01,2019-09-30
25825,Fuse hand bones with graft,2018-10-01,2019-09-30
25830,Fusion radioulnar jnt/ulna,2018-10-01,2019-09-30
25900,Amputation of forearm,2018-10-01,2019-09-30
25905,Amputation of forearm,2018-10-01,2019-09-30
25907,Amputation follow-up surgery,2018-10-01,2019-09-30
25909,Amputation follow-up surgery,2018-10-01,2019-09-30
25915,Amputation of forearm,2018-10-01,2019-09-30
25920,Amputate hand at wrist,2018-10-01,2019-09-30
25922,Amputate hand at wrist,2018-10-01,2019-09-30
25924,Amputation follow-up surgery,2018-10-01,2019-09-30
25927,Amputation of hand,2018-10-01,2019-09-30
25929,Amputation follow-up surgery,2018-10-01,2019-09-30
25931,Amputation follow-up surgery,2018-10-01,2019-09-30
25999,Forearm or wrist surgery,2018-10-01,2019-09-30
26010,Drainage of finger abscess,2018-10-01,2019-09-30
26011,Drainage of finger abscess,2018-10-01,2019-09-30
26020,Drain hand tendon sheath,2018-10-01,2019-09-30
26025,Drainage of palm bursa,2018-10-01,2019-09-30
26030,Drainage of palm bursas,2018-10-01,2019-09-30
26034,Treat hand bone lesion,2018-10-01,2019-09-30
26035,Decompress fingers/hand,2018-10-01,2019-09-30
26037,Decompress fingers/hand,2018-10-01,2019-09-30
26040,Release palm contracture,2018-10-01,2019-09-30
26045,Release palm contracture,2018-10-01,2019-09-30
26055,Incise finger tendon sheath,2018-10-01,2019-09-30
26060,Incision of finger tendon,2018-10-01,2019-09-30
26070,Explore/treat hand joint,2018-10-01,2019-09-30
26075,Explore/treat finger joint,2018-10-01,2019-09-30
26080,Explore/treat finger joint,2018-10-01,2019-09-30
26100,Biopsy hand joint lining,2018-10-01,2019-09-30
26105,Biopsy finger joint lining,2018-10-01,2019-09-30
26110,Biopsy finger joint lining,2018-10-01,2019-09-30
26111,Exc hand les sc 1.5 cm/>,2018-10-01,2019-09-30
26113,Exc hand tum deep 1.5 cm/>,2018-10-01,2019-09-30
26115,Exc hand les sc < 1.5 cm,2018-10-01,2019-09-30
26116,Exc hand tum deep < 1.5 cm,2018-10-01,2019-09-30
26117,Rad resect hand tumor < 3 cm,2018-10-01,2019-09-30
26118,Rad resect hand tumor 3 cm/>,2018-10-01,2019-09-30
26121,Release palm contracture,2018-10-01,2019-09-30
26123,Release palm contracture,2018-10-01,2019-09-30
26130,Remove wrist joint lining,2018-10-01,2019-09-30
26135,Revise finger joint each,2018-10-01,2019-09-30
26140,Revise finger joint each,2018-10-01,2019-09-30
26145,Tendon excision palm/finger,2018-10-01,2019-09-30
26160,Remove tendon sheath lesion,2018-10-01,2019-09-30
26170,Removal of palm tendon each,2018-10-01,2019-09-30
26180,Removal of finger tendon,2018-10-01,2019-09-30
26185,Remove finger bone,2018-10-01,2019-09-30
26200,Remove hand bone lesion,2018-10-01,2019-09-30
26205,Remove/graft bone lesion,2018-10-01,2019-09-30
26210,Removal of finger lesion,2018-10-01,2019-09-30
26215,Remove/graft finger lesion,2018-10-01,2019-09-30
26230,Partial removal of hand bone,2018-10-01,2019-09-30
26235,Partial removal finger bone,2018-10-01,2019-09-30
26236,Partial removal finger bone,2018-10-01,2019-09-30
26250,Extensive hand surgery,2018-10-01,2019-09-30
26260,Resect prox finger tumor,2018-10-01,2019-09-30
26262,Resect distal finger tumor,2018-10-01,2019-09-30
26320,Removal of implant from hand,2018-10-01,2019-09-30
26340,Manipulate finger w/anesth,2018-10-01,2019-09-30
26341,Manipulat palm cord post inj,2018-10-01,2019-09-30
26350,Repair finger/hand tendon,2018-10-01,2019-09-30
26352,Repair/graft hand tendon,2018-10-01,2019-09-30
26356,Repair finger/hand tendon,2018-10-01,2019-09-30
26357,Repair finger/hand tendon,2018-10-01,2019-09-30
26358,Repair/graft hand tendon,2018-10-01,2019-09-30
26370,Repair finger/hand tendon,2018-10-01,2019-09-30
26372,Repair/graft hand tendon,2018-10-01,2019-09-30
26373,Repair finger/hand tendon,2018-10-01,2019-09-30
26390,Revise hand/finger tendon,2018-10-01,2019-09-30
26392,Repair/graft hand tendon,2018-10-01,2019-09-30
26410,Repair hand tendon,2018-10-01,2019-09-30
26412,Repair/graft hand tendon,2018-10-01,2019-09-30
26415,Excision hand/finger tendon,2018-10-01,2019-09-30
26416,Graft hand or finger tendon,2018-10-01,2019-09-30
26418,Repair finger tendon,2018-10-01,2019-09-30
26420,Repair/graft finger tendon,2018-10-01,2019-09-30
26426,Repair finger/hand tendon,2018-10-01,2019-09-30
26428,Repair/graft finger tendon,2018-10-01,2019-09-30
26432,Repair finger tendon,2018-10-01,2019-09-30
26433,Repair finger tendon,2018-10-01,2019-09-30
26434,Repair/graft finger tendon,2018-10-01,2019-09-30
26437,Realignment of tendons,2018-10-01,2019-09-30
26440,Release palm/finger tendon,2018-10-01,2019-09-30
26442,Release palm & finger tendon,2018-10-01,2019-09-30
26445,Release hand/finger tendon,2018-10-01,2019-09-30
26449,Release forearm/hand tendon,2018-10-01,2019-09-30
26450,Incision of palm tendon,2018-10-01,2019-09-30
26455,Incision of finger tendon,2018-10-01,2019-09-30
26460,Incise hand/finger tendon,2018-10-01,2019-09-30
26471,Fusion of finger tendons,2018-10-01,2019-09-30
26474,Fusion of finger tendons,2018-10-01,2019-09-30
26476,Tendon lengthening,2018-10-01,2019-09-30
26477,Tendon shortening,2018-10-01,2019-09-30
26478,Lengthening of hand tendon,2018-10-01,2019-09-30
26479,Shortening of hand tendon,2018-10-01,2019-09-30
26480,Transplant hand tendon,2018-10-01,2019-09-30
26483,Transplant/graft hand tendon,2018-10-01,2019-09-30
26485,Transplant palm tendon,2018-10-01,2019-09-30
26489,Transplant/graft palm tendon,2018-10-01,2019-09-30
26490,Revise thumb tendon,2018-10-01,2019-09-30
26492,Tendon transfer with graft,2018-10-01,2019-09-30
26494,Hand tendon/muscle transfer,2018-10-01,2019-09-30
26496,Revise thumb tendon,2018-10-01,2019-09-30
26497,Finger tendon transfer,2018-10-01,2019-09-30
26498,Finger tendon transfer,2018-10-01,2019-09-30
26499,Revision of finger,2018-10-01,2019-09-30
26500,Hand tendon reconstruction,2018-10-01,2019-09-30
26502,Hand tendon reconstruction,2018-10-01,2019-09-30
26508,Release thumb contracture,2018-10-01,2019-09-30
26510,Thumb tendon transfer,2018-10-01,2019-09-30
26516,Fusion of knuckle joint,2018-10-01,2019-09-30
26517,Fusion of knuckle joints,2018-10-01,2019-09-30
26518,Fusion of knuckle joints,2018-10-01,2019-09-30
26520,Release knuckle contracture,2018-10-01,2019-09-30
26525,Release finger contracture,2018-10-01,2019-09-30
26530,Revise knuckle joint,2018-10-01,2019-09-30
26531,Revise knuckle with implant,2018-10-01,2019-09-30
26535,Revise finger joint,2018-10-01,2019-09-30
26536,Revise/implant finger joint,2018-10-01,2019-09-30
26540,Repair hand joint,2018-10-01,2019-09-30
26541,Repair hand joint with graft,2018-10-01,2019-09-30
26542,Repair hand joint with graft,2018-10-01,2019-09-30
26545,Reconstruct finger joint,2018-10-01,2019-09-30
26546,Repair nonunion hand,2018-10-01,2019-09-30
26548,Reconstruct finger joint,2018-10-01,2019-09-30
26550,Construct thumb replacement,2018-10-01,2019-09-30
26551,Great toe-hand transfer,2018-10-01,2019-09-30
26553,Single transfer toe-hand,2018-10-01,2019-09-30
26554,Double transfer toe-hand,2018-10-01,2019-09-30
26555,Positional change of finger,2018-10-01,2019-09-30
26556,Toe joint transfer,2018-10-01,2019-09-30
26560,Repair of web finger,2018-10-01,2019-09-30
26561,Repair of web finger,2018-10-01,2019-09-30
26562,Repair of web finger,2018-10-01,2019-09-30
26565,Correct metacarpal flaw,2018-10-01,2019-09-30
26567,Correct finger deformity,2018-10-01,2019-09-30
26568,Lengthen metacarpal/finger,2018-10-01,2019-09-30
26580,Repair hand deformity,2018-10-01,2019-09-30
26587,Reconstruct extra finger,2018-10-01,2019-09-30
26590,Repair finger deformity,2018-10-01,2019-09-30
26591,Repair muscles of hand,2018-10-01,2019-09-30
26593,Release muscles of hand,2018-10-01,2019-09-30
26596,Excision constricting tissue,2018-10-01,2019-09-30
26600,Treat metacarpal fracture,2018-10-01,2019-09-30
26605,Treat metacarpal fracture,2018-10-01,2019-09-30
26607,Treat metacarpal fracture,2018-10-01,2019-09-30
26608,Treat metacarpal fracture,2018-10-01,2019-09-30
26615,Treat metacarpal fracture,2018-10-01,2019-09-30
26641,Treat thumb dislocation,2018-10-01,2019-09-30
26645,Treat thumb fracture,2018-10-01,2019-09-30
26650,Treat thumb fracture,2018-10-01,2019-09-30
26665,Treat thumb fracture,2018-10-01,2019-09-30
26670,Treat hand dislocation,2018-10-01,2019-09-30
26675,Treat hand dislocation,2018-10-01,2019-09-30
26676,Pin hand dislocation,2018-10-01,2019-09-30
26685,Treat hand dislocation,2018-10-01,2019-09-30
26686,Treat hand dislocation,2018-10-01,2019-09-30
26700,Treat knuckle dislocation,2018-10-01,2019-09-30
26705,Treat knuckle dislocation,2018-10-01,2019-09-30
26706,Pin knuckle dislocation,2018-10-01,2019-09-30
26715,Treat knuckle dislocation,2018-10-01,2019-09-30
26720,Treat finger fracture each,2018-10-01,2019-09-30
26725,Treat finger fracture each,2018-10-01,2019-09-30
26727,Treat finger fracture each,2018-10-01,2019-09-30
26735,Treat finger fracture each,2018-10-01,2019-09-30
26740,Treat finger fracture each,2018-10-01,2019-09-30
26742,Treat finger fracture each,2018-10-01,2019-09-30
26746,Treat finger fracture each,2018-10-01,2019-09-30
26750,Treat finger fracture each,2018-10-01,2019-09-30
26755,Treat finger fracture each,2018-10-01,2019-09-30
26756,Pin finger fracture each,2018-10-01,2019-09-30
26765,Treat finger fracture each,2018-10-01,2019-09-30
26770,Treat finger dislocation,2018-10-01,2019-09-30
26775,Treat finger dislocation,2018-10-01,2019-09-30
26776,Pin finger dislocation,2018-10-01,2019-09-30
26785,Treat finger dislocation,2018-10-01,2019-09-30
26820,Thumb fusion with graft,2018-10-01,2019-09-30
26841,Fusion of thumb,2018-10-01,2019-09-30
26842,Thumb fusion with graft,2018-10-01,2019-09-30
26843,Fusion of hand joint,2018-10-01,2019-09-30
26844,Fusion/graft of hand joint,2018-10-01,2019-09-30
26850,Fusion of knuckle,2018-10-01,2019-09-30
26852,Fusion of knuckle with graft,2018-10-01,2019-09-30
26860,Fusion of finger joint,2018-10-01,2019-09-30
26862,Fusion/graft of finger joint,2018-10-01,2019-09-30
26910,Amputate metacarpal bone,2018-10-01,2019-09-30
26951,Amputation of finger/thumb,2018-10-01,2019-09-30
26952,Amputation of finger/thumb,2018-10-01,2019-09-30
26989,Hand/finger surgery,2018-10-01,2019-09-30
26990,Drainage of pelvis lesion,2018-10-01,2019-09-30
26991,Drainage of pelvis bursa,2018-10-01,2019-09-30
26992,Drainage of bone lesion,2018-10-01,2019-09-30
27000,Incision of hip tendon,2018-10-01,2019-09-30
27001,Incision of hip tendon,2018-10-01,2019-09-30
27003,Incision of hip tendon,2018-10-01,2019-09-30
27005,Incision of hip tendon,2018-10-01,2019-09-30
27006,Incision of hip tendons,2018-10-01,2019-09-30
27025,Incision of hip/thigh fascia,2018-10-01,2019-09-30
27027,Buttock fasciotomy,2018-10-01,2019-09-30
27030,Drainage of hip joint,2018-10-01,2019-09-30
27033,Exploration of hip joint,2018-10-01,2019-09-30
27035,Denervation of hip joint,2018-10-01,2019-09-30
27036,Excision of hip joint/muscle,2018-10-01,2019-09-30
27043,Exc hip pelvis les sc 3 cm/>,2018-10-01,2019-09-30
27045,Exc hip/pelv tum deep 5 cm/>,2018-10-01,2019-09-30
27047,Exc hip/pelvis les sc < 3 cm,2018-10-01,2019-09-30
27048,Exc hip/pelv tum deep < 5 cm,2018-10-01,2019-09-30
27049,Resect hip/pelv tum < 5 cm,2018-10-01,2019-09-30
27050,Biopsy of sacroiliac joint,2018-10-01,2019-09-30
27052,Biopsy of hip joint,2018-10-01,2019-09-30
27054,Removal of hip joint lining,2018-10-01,2019-09-30
27057,Buttock fasciotomy w/dbrdmt,2018-10-01,2019-09-30
27059,Resect hip/pelv tum 5 cm/>,2018-10-01,2019-09-30
27060,Removal of ischial bursa,2018-10-01,2019-09-30
27062,Remove femur lesion/bursa,2018-10-01,2019-09-30
27065,Remove hip bone les super,2018-10-01,2019-09-30
27066,Remove hip bone les deep,2018-10-01,2019-09-30
27067,Remove/graft hip bone lesion,2018-10-01,2019-09-30
27070,Part remove hip bone super,2018-10-01,2019-09-30
27071,Part removal hip bone deep,2018-10-01,2019-09-30
27075,Resect hip tumor,2018-10-01,2019-09-30
27076,Resect hip tum incl acetabul,2018-10-01,2019-09-30
27077,Resect hip tum w/innom bone,2018-10-01,2019-09-30
27078,Rsect hip tum incl femur,2018-10-01,2019-09-30
27080,Removal of tail bone,2018-10-01,2019-09-30
27086,Remove hip foreign body,2018-10-01,2019-09-30
27087,Remove hip foreign body,2018-10-01,2019-09-30
27090,Removal of hip prosthesis,2018-10-01,2019-09-30
27091,Removal of hip prosthesis,2018-10-01,2019-09-30
27096,Inject sacroiliac joint,2018-10-01,2019-09-30
27097,Revision of hip tendon,2018-10-01,2019-09-30
27098,Transfer tendon to pelvis,2018-10-01,2019-09-30
27100,Transfer of abdominal muscle,2018-10-01,2019-09-30
27105,Transfer of spinal muscle,2018-10-01,2019-09-30
27110,Transfer of iliopsoas muscle,2018-10-01,2019-09-30
27111,Transfer of iliopsoas muscle,2018-10-01,2019-09-30
27120,Reconstruction of hip socket,2018-10-01,2019-09-30
27122,Reconstruction of hip socket,2018-10-01,2019-09-30
27125,Partial hip replacement,2018-10-01,2019-09-30
27130,Total hip arthroplasty,2018-10-01,2019-09-30
27132,Total hip arthroplasty,2018-10-01,2019-09-30
27134,Revise hip joint replacement,2018-10-01,2019-09-30
27137,Revise hip joint replacement,2018-10-01,2019-09-30
27138,Revise hip joint replacement,2018-10-01,2019-09-30
27140,Transplant femur ridge,2018-10-01,2019-09-30
27146,Incision of hip bone,2018-10-01,2019-09-30
27147,Revision of hip bone,2018-10-01,2019-09-30
27151,Incision of hip bones,2018-10-01,2019-09-30
27156,Revision of hip bones,2018-10-01,2019-09-30
27158,Revision of pelvis,2018-10-01,2019-09-30
27161,Incision of neck of femur,2018-10-01,2019-09-30
27165,Incision/fixation of femur,2018-10-01,2019-09-30
27170,Repair/graft femur head/neck,2018-10-01,2019-09-30
27175,Treat slipped epiphysis,2018-10-01,2019-09-30
27176,Treat slipped epiphysis,2018-10-01,2019-09-30
27177,Treat slipped epiphysis,2018-10-01,2019-09-30
27178,Treat slipped epiphysis,2018-10-01,2019-09-30
27179,Revise head/neck of femur,2018-10-01,2019-09-30
27181,Treat slipped epiphysis,2018-10-01,2019-09-30
27185,Revision of femur epiphysis,2018-10-01,2019-09-30
27187,Reinforce hip bones,2018-10-01,2019-09-30
27197,Clsd tx pelvic ring fx,2018-10-01,2019-09-30
27198,Clsd tx pelvic ring fx,2018-10-01,2019-09-30
27200,Treat tail bone fracture,2018-10-01,2019-09-30
27202,Treat tail bone fracture,2018-10-01,2019-09-30
27215,Treat pelvic fracture(s),2018-10-01,2019-09-30
27216,Treat pelvic ring fracture,2018-10-01,2019-09-30
27217,Treat pelvic ring fracture,2018-10-01,2019-09-30
27218,Treat pelvic ring fracture,2018-10-01,2019-09-30
27220,Treat hip socket fracture,2018-10-01,2019-09-30
27222,Treat hip socket fracture,2018-10-01,2019-09-30
27226,Treat hip wall fracture,2018-10-01,2019-09-30
27227,Treat hip fracture(s),2018-10-01,2019-09-30
27228,Treat hip fracture(s),2018-10-01,2019-09-30
27230,Treat thigh fracture,2018-10-01,2019-09-30
27232,Treat thigh fracture,2018-10-01,2019-09-30
27235,Treat thigh fracture,2018-10-01,2019-09-30
27236,Treat thigh fracture,2018-10-01,2019-09-30
27238,Treat thigh fracture,2018-10-01,2019-09-30
27240,Treat thigh fracture,2018-10-01,2019-09-30
27244,Treat thigh fracture,2018-10-01,2019-09-30
27245,Treat thigh fracture,2018-10-01,2019-09-30
27246,Treat thigh fracture,2018-10-01,2019-09-30
27248,Treat thigh fracture,2018-10-01,2019-09-30
27250,Treat hip dislocation,2018-10-01,2019-09-30
27252,Treat hip dislocation,2018-10-01,2019-09-30
27253,Treat hip dislocation,2018-10-01,2019-09-30
27254,Treat hip dislocation,2018-10-01,2019-09-30
27256,Treat hip dislocation,2018-10-01,2019-09-30
27257,Treat hip dislocation,2018-10-01,2019-09-30
27258,Treat hip dislocation,2018-10-01,2019-09-30
27259,Treat hip dislocation,2018-10-01,2019-09-30
27265,Treat hip dislocation,2018-10-01,2019-09-30
27266,Treat hip dislocation,2018-10-01,2019-09-30
27267,Cltx thigh fx,2018-10-01,2019-09-30
27268,Cltx thigh fx w/mnpj,2018-10-01,2019-09-30
27269,Optx thigh fx,2018-10-01,2019-09-30
27275,Manipulation of hip joint,2018-10-01,2019-09-30
27278,Arthrd si jt prq wo tfxj dev,2024-10-01,2025-09-30
27279,Arthrodesis sacroiliac joint,2018-10-01,2019-09-30
27280,Fusion of sacroiliac joint,2018-10-01,2019-09-30
27282,Fusion of pubic bones,2018-10-01,2019-09-30
27284,Fusion of hip joint,2018-10-01,2019-09-30
27286,Fusion of hip joint,2018-10-01,2019-09-30
27290,Amputation of leg at hip,2018-10-01,2019-09-30
27295,Amputation of leg at hip,2018-10-01,2019-09-30
27299,Pelvis/hip joint surgery,2018-10-01,2019-09-30
27301,Drain thigh/knee lesion,2018-10-01,2019-09-30
27303,Drainage of bone lesion,2018-10-01,2019-09-30
27305,Incise thigh tendon & fascia,2018-10-01,2019-09-30
27306,Incision of thigh tendon,2018-10-01,2019-09-30
27307,Incision of thigh tendons,2018-10-01,2019-09-30
27310,Exploration of knee joint,2018-10-01,2019-09-30
27325,Neurectomy hamstring,2018-10-01,2019-09-30
27326,Neurectomy popliteal,2018-10-01,2019-09-30
27327,Exc thigh/knee les sc < 3 cm,2018-10-01,2019-09-30
27328,Exc thigh/knee tum deep <5cm,2018-10-01,2019-09-30
27329,Resect thigh/knee tum < 5 cm,2018-10-01,2019-09-30
27330,Biopsy knee joint lining,2018-10-01,2019-09-30
27331,Explore/treat knee joint,2018-10-01,2019-09-30
27332,Removal of knee cartilage,2018-10-01,2019-09-30
27333,Removal of knee cartilage,2018-10-01,2019-09-30
27334,Remove knee joint lining,2018-10-01,2019-09-30
27335,Remove knee joint lining,2018-10-01,2019-09-30
27337,Exc thigh/knee les sc 3 cm/>,2018-10-01,2019-09-30
27339,Exc thigh/knee tum dep 5cm/>,2018-10-01,2019-09-30
27340,Removal of kneecap bursa,2018-10-01,2019-09-30
27345,Removal of knee cyst,2018-10-01,2019-09-30
27347,Remove knee cyst,2018-10-01,2019-09-30
27350,Removal of kneecap,2018-10-01,2019-09-30
27355,Remove femur lesion,2018-10-01,2019-09-30
27356,Remove femur lesion/graft,2018-10-01,2019-09-30
27357,Remove femur lesion/graft,2018-10-01,2019-09-30
27360,Partial removal leg bone(s),2018-10-01,2019-09-30
27364,Resect thigh/knee tum 5 cm/>,2018-10-01,2019-09-30
27365,Resect femur/knee tumor,2018-10-01,2019-09-30
27372,Removal of foreign body,2018-10-01,2019-09-30
27380,Repair of kneecap tendon,2018-10-01,2019-09-30
27381,Repair/graft kneecap tendon,2018-10-01,2019-09-30
27385,Repair of thigh muscle,2018-10-01,2019-09-30
27386,Repair/graft of thigh muscle,2018-10-01,2019-09-30
27390,Incision of thigh tendon,2018-10-01,2019-09-30
27391,Incision of thigh tendons,2018-10-01,2019-09-30
27392,Incision of thigh tendons,2018-10-01,2019-09-30
27393,Lengthening of thigh tendon,2018-10-01,2019-09-30
27394,Lengthening of thigh tendons,2018-10-01,2019-09-30
27395,Lengthening of thigh tendons,2018-10-01,2019-09-30
27396,Transplant of thigh tendon,2018-10-01,2019-09-30
27397,Transplants of thigh tendons,2018-10-01,2019-09-30
27400,Revise thigh muscles/tendons,2018-10-01,2019-09-30
27403,Repair of knee cartilage,2018-10-01,2019-09-30
27405,Repair of knee ligament,2018-10-01,2019-09-30
27407,Repair of knee ligament,2018-10-01,2019-09-30
27409,Repair of knee ligaments,2018-10-01,2019-09-30
27412,Autochondrocyte implant knee,2018-10-01,2019-09-30
27415,Osteochondral knee allograft,2018-10-01,2019-09-30
27416,Osteochondral knee autograft,2018-10-01,2019-09-30
27418,Repair degenerated kneecap,2018-10-01,2019-09-30
27420,Revision of unstable kneecap,2018-10-01,2019-09-30
27422,Revision of unstable kneecap,2018-10-01,2019-09-30
27424,Revision/removal of kneecap,2018-10-01,2019-09-30
27425,Lat retinacular release open,2018-10-01,2019-09-30
27427,Reconstruction knee,2018-10-01,2019-09-30
27428,Reconstruction knee,2018-10-01,2019-09-30
27429,Reconstruction knee,2018-10-01,2019-09-30
27430,Revision of thigh muscles,2018-10-01,2019-09-30
27435,Incision of knee joint,2018-10-01,2019-09-30
27437,Revise kneecap,2018-10-01,2019-09-30
27438,Revise kneecap with implant,2018-10-01,2019-09-30
27440,Revision of knee joint,2018-10-01,2019-09-30
27441,Revision of knee joint,2018-10-01,2019-09-30
27442,Revision of knee joint,2018-10-01,2019-09-30
27443,Revision of knee joint,2018-10-01,2019-09-30
27445,Revision of knee joint,2018-10-01,2019-09-30
27446,Revision of knee joint,2018-10-01,2019-09-30
27447,Total knee arthroplasty,2018-10-01,2019-09-30
27448,Incision of thigh,2018-10-01,2019-09-30
27450,Incision of thigh,2018-10-01,2019-09-30
27454,Realignment of thigh bone,2018-10-01,2019-09-30
27455,Realignment of knee,2018-10-01,2019-09-30
27457,Realignment of knee,2018-10-01,2019-09-30
27465,Shortening of thigh bone,2018-10-01,2019-09-30
27466,Lengthening of thigh bone,2018-10-01,2019-09-30
27468,Shorten/lengthen thighs,2018-10-01,2019-09-30
27470,Repair of thigh,2018-10-01,2019-09-30
27472,Repair/graft of thigh,2018-10-01,2019-09-30
27475,Surgery to stop leg growth,2018-10-01,2019-09-30
27477,Surgery to stop leg growth,2018-10-01,2019-09-30
27479,Surgery to stop leg growth,2018-10-01,2019-09-30
27485,Surgery to stop leg growth,2018-10-01,2019-09-30
27486,Revise/replace knee joint,2018-10-01,2019-09-30
27487,Revise/replace knee joint,2018-10-01,2019-09-30
27488,Removal of knee prosthesis,2018-10-01,2019-09-30
27495,Reinforce thigh,2018-10-01,2019-09-30
27496,Decompression of thigh/knee,2018-10-01,2019-09-30
27497,Decompression of thigh/knee,2018-10-01,2019-09-30
27498,Decompression of thigh/knee,2018-10-01,2019-09-30
27499,Decompression of thigh/knee,2018-10-01,2019-09-30
27500,Treatment of thigh fracture,2018-10-01,2019-09-30
27501,Treatment of thigh fracture,2018-10-01,2019-09-30
27502,Treatment of thigh fracture,2018-10-01,2019-09-30
27503,Treatment of thigh fracture,2018-10-01,2019-09-30
27506,Treatment of thigh fracture,2018-10-01,2019-09-30
27507,Treatment of thigh fracture,2018-10-01,2019-09-30
27508,Treatment of thigh fracture,2018-10-01,2019-09-30
27509,Treatment of thigh fracture,2018-10-01,2019-09-30
27510,Treatment of thigh fracture,2018-10-01,2019-09-30
27511,Treatment of thigh fracture,2018-10-01,2019-09-30
27513,Treatment of thigh fracture,2018-10-01,2019-09-30
27514,Treatment of thigh fracture,2018-10-01,2019-09-30
27516,Treat thigh fx growth plate,2018-10-01,2019-09-30
27517,Treat thigh fx growth plate,2018-10-01,2019-09-30
27519,Treat thigh fx growth plate,2018-10-01,2019-09-30
27520,Treat kneecap fracture,2018-10-01,2019-09-30
27524,Treat kneecap fracture,2018-10-01,2019-09-30
27530,Treat knee fracture,2018-10-01,2019-09-30
27532,Treat knee fracture,2018-10-01,2019-09-30
27535,Treat knee fracture,2018-10-01,2019-09-30
27536,Treat knee fracture,2018-10-01,2019-09-30
27538,Treat knee fracture(s),2018-10-01,2019-09-30
27540,Treat knee fracture,2018-10-01,2019-09-30
27550,Treat knee dislocation,2018-10-01,2019-09-30
27552,Treat knee dislocation,2018-10-01,2019-09-30
27556,Treat knee dislocation,2018-10-01,2019-09-30
27557,Treat knee dislocation,2018-10-01,2019-09-30
27558,Treat knee dislocation,2018-10-01,2019-09-30
27560,Treat kneecap dislocation,2018-10-01,2019-09-30
27562,Treat kneecap dislocation,2018-10-01,2019-09-30
27566,Treat kneecap dislocation,2018-10-01,2019-09-30
27570,Fixation of knee joint,2018-10-01,2019-09-30
27580,Fusion of knee,2018-10-01,2019-09-30
27590,Amputate leg at thigh,2018-10-01,2019-09-30
27591,Amputate leg at thigh,2018-10-01,2019-09-30
27592,Amputate leg at thigh,2018-10-01,2019-09-30
27594,Amputation follow-up surgery,2018-10-01,2019-09-30
27596,Amputation follow-up surgery,2018-10-01,2019-09-30
27598,Amputate lower leg at knee,2018-10-01,2019-09-30
27599,Leg surgery procedure,2018-10-01,2019-09-30
27600,Decompression of lower leg,2018-10-01,2019-09-30
27601,Decompression of lower leg,2018-10-01,2019-09-30
27602,Decompression of lower leg,2018-10-01,2019-09-30
27603,Drain lower leg lesion,2018-10-01,2019-09-30
27604,Drain lower leg bursa,2018-10-01,2019-09-30
27605,Incision of achilles tendon,2018-10-01,2019-09-30
27606,Incision of achilles tendon,2018-10-01,2019-09-30
27607,Treat lower leg bone lesion,2018-10-01,2019-09-30
27610,Explore/treat ankle joint,2018-10-01,2019-09-30
27612,Exploration of ankle joint,2018-10-01,2019-09-30
27615,Resect leg/ankle tum < 5 cm,2018-10-01,2019-09-30
27616,Resect leg/ankle tum 5 cm/>,2018-10-01,2019-09-30
27618,Exc leg/ankle tum < 3 cm,2018-10-01,2019-09-30
27619,Exc leg/ankle tum deep <5 cm,2018-10-01,2019-09-30
27620,Explore/treat ankle joint,2018-10-01,2019-09-30
27625,Remove ankle joint lining,2018-10-01,2019-09-30
27626,Remove ankle joint lining,2018-10-01,2019-09-30
27630,Removal of tendon lesion,2018-10-01,2019-09-30
27632,Exc leg/ankle les sc 3 cm/>,2018-10-01,2019-09-30
27634,Exc leg/ankle tum dep 5 cm/>,2018-10-01,2019-09-30
27635,Remove lower leg bone lesion,2018-10-01,2019-09-30
27637,Remove/graft leg bone lesion,2018-10-01,2019-09-30
27638,Remove/graft leg bone lesion,2018-10-01,2019-09-30
27640,Partial removal of tibia,2018-10-01,2019-09-30
27641,Partial removal of fibula,2018-10-01,2019-09-30
27645,Resect tibia tumor,2018-10-01,2019-09-30
27646,Resect fibula tumor,2018-10-01,2019-09-30
27647,Resect talus/calcaneus tum,2018-10-01,2019-09-30
27650,Repair achilles tendon,2018-10-01,2019-09-30
27652,Repair/graft achilles tendon,2018-10-01,2019-09-30
27654,Repair of achilles tendon,2018-10-01,2019-09-30
27656,Repair leg fascia defect,2018-10-01,2019-09-30
27658,Repair of leg tendon each,2018-10-01,2019-09-30
27659,Repair of leg tendon each,2018-10-01,2019-09-30
27664,Repair of leg tendon each,2018-10-01,2019-09-30
27665,Repair of leg tendon each,2018-10-01,2019-09-30
27675,Repair lower leg tendons,2018-10-01,2019-09-30
27676,Repair lower leg tendons,2018-10-01,2019-09-30
27680,Release of lower leg tendon,2018-10-01,2019-09-30
27681,Release of lower leg tendons,2018-10-01,2019-09-30
27685,Revision of lower leg tendon,2018-10-01,2019-09-30
27686,Revise lower leg tendons,2018-10-01,2019-09-30
27687,Revision of calf tendon,2018-10-01,2019-09-30
27690,Revise lower leg tendon,2018-10-01,2019-09-30
27691,Revise lower leg tendon,2018-10-01,2019-09-30
27695,Repair of ankle ligament,2018-10-01,2019-09-30
27696,Repair of ankle ligaments,2018-10-01,2019-09-30
27698,Repair of ankle ligament,2018-10-01,2019-09-30
27700,Revision of ankle joint,2018-10-01,2019-09-30
27702,Reconstruct ankle joint,2018-10-01,2019-09-30
27703,Reconstruction ankle joint,2018-10-01,2019-09-30
27704,Removal of ankle implant,2018-10-01,2019-09-30
27705,Incision of tibia,2018-10-01,2019-09-30
27707,Incision of fibula,2018-10-01,2019-09-30
27709,Incision of tibia & fibula,2018-10-01,2019-09-30
27712,Realignment of lower leg,2018-10-01,2019-09-30
27715,Revision of lower leg,2018-10-01,2019-09-30
27720,Repair of tibia,2018-10-01,2019-09-30
27722,Repair/graft of tibia,2018-10-01,2019-09-30
27724,Repair/graft of tibia,2018-10-01,2019-09-30
27725,Repair of lower leg,2018-10-01,2019-09-30
27726,Repair fibula nonunion,2018-10-01,2019-09-30
27727,Repair of lower leg,2018-10-01,2019-09-30
27730,Repair of tibia epiphysis,2018-10-01,2019-09-30
27732,Repair of fibula epiphysis,2018-10-01,2019-09-30
27734,Repair lower leg epiphyses,2018-10-01,2019-09-30
27740,Repair of leg epiphyses,2018-10-01,2019-09-30
27742,Repair of leg epiphyses,2018-10-01,2019-09-30
27745,Reinforce tibia,2018-10-01,2019-09-30
27750,Treatment of tibia fracture,2018-10-01,2019-09-30
27752,Treatment of tibia fracture,2018-10-01,2019-09-30
27756,Treatment of tibia fracture,2018-10-01,2019-09-30
27758,Treatment of tibia fracture,2018-10-01,2019-09-30
27759,Treatment of tibia fracture,2018-10-01,2019-09-30
27760,Cltx medial ankle fx,2018-10-01,2019-09-30
27762,Cltx med ankle fx w/mnpj,2018-10-01,2019-09-30
27766,Optx medial ankle fx,2018-10-01,2019-09-30
27767,Cltx post ankle fx,2018-10-01,2019-09-30
27768,Cltx post ankle fx w/mnpj,2018-10-01,2019-09-30
27769,Optx post ankle fx,2018-10-01,2019-09-30
27780,Treatment of fibula fracture,2018-10-01,2019-09-30
27781,Treatment of fibula fracture,2018-10-01,2019-09-30
27784,Treatment of fibula fracture,2018-10-01,2019-09-30
27786,Treatment of ankle fracture,2018-10-01,2019-09-30
27788,Treatment of ankle fracture,2018-10-01,2019-09-30
27792,Treatment of ankle fracture,2018-10-01,2019-09-30
27808,Treatment of ankle fracture,2018-10-01,2019-09-30
27810,Treatment of ankle fracture,2018-10-01,2019-09-30
27814,Treatment of ankle fracture,2018-10-01,2019-09-30
27816,Treatment of ankle fracture,2018-10-01,2019-09-30
27818,Treatment of ankle fracture,2018-10-01,2019-09-30
27822,Treatment of ankle fracture,2018-10-01,2019-09-30
27823,Treatment of ankle fracture,2018-10-01,2019-09-30
27824,Treat lower leg fracture,2018-10-01,2019-09-30
27825,Treat lower leg fracture,2018-10-01,2019-09-30
27826,Treat lower leg fracture,2018-10-01,2019-09-30
27827,Treat lower leg fracture,2018-10-01,2019-09-30
27828,Treat lower leg fracture,2018-10-01,2019-09-30
27829,Treat lower leg joint,2018-10-01,2019-09-30
27830,Treat lower leg dislocation,2018-10-01,2019-09-30
27831,Treat lower leg dislocation,2018-10-01,2019-09-30
27832,Treat lower leg dislocation,2018-10-01,2019-09-30
27840,Treat ankle dislocation,2018-10-01,2019-09-30
27842,Treat ankle dislocation,2018-10-01,2019-09-30
27846,Treat ankle dislocation,2018-10-01,2019-09-30
27848,Treat ankle dislocation,2018-10-01,2019-09-30
27860,Fixation of ankle joint,2018-10-01,2019-09-30
27870,Fusion of ankle joint open,2018-10-01,2019-09-30
27871,Fusion of tibiofibular joint,2018-10-01,2019-09-30
27880,Amputation of lower leg,2018-10-01,2019-09-30
27881,Amputation of lower leg,2018-10-01,2019-09-30
27882,Amputation of lower leg,2018-10-01,2019-09-30
27884,Amputation follow-up surgery,2018-10-01,2019-09-30
27886,Amputation follow-up surgery,2018-10-01,2019-09-30
27888,Amputation of foot at ankle,2018-10-01,2019-09-30
27889,Amputation of foot at ankle,2018-10-01,2019-09-30
27892,Decompression of leg,2018-10-01,2019-09-30
27893,Decompression of leg,2018-10-01,2019-09-30
27894,Decompression of leg,2018-10-01,2019-09-30
27899,Leg/ankle surgery procedure,2018-10-01,2019-09-30
28001,Drainage of bursa of foot,2018-10-01,2019-09-30
28002,Treatment of foot infection,2018-10-01,2019-09-30
28003,Treatment of foot infection,2018-10-01,2019-09-30
28005,Treat foot bone lesion,2018-10-01,2019-09-30
28008,Incision of foot fascia,2018-10-01,2019-09-30
28010,Incision of toe tendon,2018-10-01,2019-09-30
28011,Incision of toe tendons,2018-10-01,2019-09-30
28020,Exploration of foot joint,2018-10-01,2019-09-30
28022,Exploration of foot joint,2018-10-01,2019-09-30
28024,Exploration of toe joint,2018-10-01,2019-09-30
28035,Decompression of tibia nerve,2018-10-01,2019-09-30
28039,Exc foot/toe tum sc 1.5 cm/>,2018-10-01,2019-09-30
28041,Exc foot/toe tum dep 1.5cm/>,2018-10-01,2019-09-30
28043,Exc foot/toe tum sc < 1.5 cm,2018-10-01,2019-09-30
28045,Exc foot/toe tum deep <1.5cm,2018-10-01,2019-09-30
28046,Resect foot/toe tumor < 3 cm,2018-10-01,2019-09-30
28047,Resect foot/toe tumor 3 cm/>,2018-10-01,2019-09-30
28050,Biopsy of foot joint lining,2018-10-01,2019-09-30
28052,Biopsy of foot joint lining,2018-10-01,2019-09-30
28054,Biopsy of toe joint lining,2018-10-01,2019-09-30
28055,Neurectomy foot,2018-10-01,2019-09-30
28060,Partial removal foot fascia,2018-10-01,2019-09-30
28062,Removal of foot fascia,2018-10-01,2019-09-30
28070,Removal of foot joint lining,2018-10-01,2019-09-30
28072,Removal of foot joint lining,2018-10-01,2019-09-30
28080,Removal of foot lesion,2018-10-01,2019-09-30
28086,Excise foot tendon sheath,2018-10-01,2019-09-30
28088,Excise foot tendon sheath,2018-10-01,2019-09-30
28090,Removal of foot lesion,2018-10-01,2019-09-30
28092,Removal of toe lesions,2018-10-01,2019-09-30
28100,Removal of ankle/heel lesion,2018-10-01,2019-09-30
28102,Remove/graft foot lesion,2018-10-01,2019-09-30
28103,Remove/graft foot lesion,2018-10-01,2019-09-30
28104,Removal of foot lesion,2018-10-01,2019-09-30
28106,Remove/graft foot lesion,2018-10-01,2019-09-30
28107,Remove/graft foot lesion,2018-10-01,2019-09-30
28108,Removal of toe lesions,2018-10-01,2019-09-30
28110,Part removal of metatarsal,2018-10-01,2019-09-30
28111,Part removal of metatarsal,2018-10-01,2019-09-30
28112,Part removal of metatarsal,2018-10-01,2019-09-30
28113,Part removal of metatarsal,2018-10-01,2019-09-30
28114,Removal of metatarsal heads,2018-10-01,2019-09-30
28116,Revision of foot,2018-10-01,2019-09-30
28118,Removal of heel bone,2018-10-01,2019-09-30
28119,Removal of heel spur,2018-10-01,2019-09-30
28120,Part removal of ankle/heel,2018-10-01,2019-09-30
28122,Partial removal of foot bone,2018-10-01,2019-09-30
28124,Partial removal of toe,2018-10-01,2019-09-30
28126,Partial removal of toe,2018-10-01,2019-09-30
28130,Removal of ankle bone,2018-10-01,2019-09-30
28140,Removal of metatarsal,2018-10-01,2019-09-30
28150,Removal of toe,2018-10-01,2019-09-30
28153,Partial removal of toe,2018-10-01,2019-09-30
28160,Partial removal of toe,2018-10-01,2019-09-30
28171,Resect tarsal tumor,2018-10-01,2019-09-30
28173,Resect metatarsal tumor,2018-10-01,2019-09-30
28175,Resect phalanx of toe tumor,2018-10-01,2019-09-30
28190,Removal of foot foreign body,2018-10-01,2019-09-30
28192,Removal of foot foreign body,2018-10-01,2019-09-30
28193,Removal of foot foreign body,2018-10-01,2019-09-30
28200,Repair of foot tendon,2018-10-01,2019-09-30
28202,Repair/graft of foot tendon,2018-10-01,2019-09-30
28208,Repair of foot tendon,2018-10-01,2019-09-30
28210,Repair/graft of foot tendon,2018-10-01,2019-09-30
28220,Release of foot tendon,2018-10-01,2019-09-30
28222,Release of foot tendons,2018-10-01,2019-09-30
28225,Release of foot tendon,2018-10-01,2019-09-30
28226,Release of foot tendons,2018-10-01,2019-09-30
28230,Incision of foot tendon(s),2018-10-01,2019-09-30
28232,Incision of toe tendon,2018-10-01,2019-09-30
28234,Incision of foot tendon,2018-10-01,2019-09-30
28238,Revision of foot tendon,2018-10-01,2019-09-30
28240,Release of big toe,2018-10-01,2019-09-30
28250,Revision of foot fascia,2018-10-01,2019-09-30
28260,Release of midfoot joint,2018-10-01,2019-09-30
28261,Revision of foot tendon,2018-10-01,2019-09-30
28262,Revision of foot and ankle,2018-10-01,2019-09-30
28264,Release of midfoot joint,2018-10-01,2019-09-30
28270,Release of foot contracture,2018-10-01,2019-09-30
28272,Release of toe joint each,2018-10-01,2019-09-30
28280,Fusion of toes,2018-10-01,2019-09-30
28285,Repair of hammertoe,2018-10-01,2019-09-30
28286,Repair of hammertoe,2018-10-01,2019-09-30
28288,Partial removal of foot bone,2018-10-01,2019-09-30
28289,Corrj halux rigdus w/o implt,2018-10-01,2019-09-30
28291,Corrj halux rigdus w/implt,2018-10-01,2019-09-30
28292,Correction hallux valgus,2018-10-01,2019-09-30
28295,Correction hallux valgus,2018-10-01,2019-09-30
28296,Correction hallux valgus,2018-10-01,2019-09-30
28297,Correction hallux valgus,2018-10-01,2019-09-30
28298,Correction hallux valgus,2018-10-01,2019-09-30
28299,Correction hallux valgus,2018-10-01,2019-09-30
28300,Incision of heel bone,2018-10-01,2019-09-30
28302,Incision of ankle bone,2018-10-01,2019-09-30
28304,Incision of midfoot bones,2018-10-01,2019-09-30
28305,Incise/graft midfoot bones,2018-10-01,2019-09-30
28306,Incision of metatarsal,2018-10-01,2019-09-30
28307,Incision of metatarsal,2018-10-01,2019-09-30
28308,Incision of metatarsal,2018-10-01,2019-09-30
28309,Incision of metatarsals,2018-10-01,2019-09-30
28310,Revision of big toe,2018-10-01,2019-09-30
28312,Revision of toe,2018-10-01,2019-09-30
28313,Repair deformity of toe,2018-10-01,2019-09-30
28315,Removal of sesamoid bone,2018-10-01,2019-09-30
28320,Repair of foot bones,2018-10-01,2019-09-30
28322,Repair of metatarsals,2018-10-01,2019-09-30
28340,Resect enlarged toe tissue,2018-10-01,2019-09-30
28341,Resect enlarged toe,2018-10-01,2019-09-30
28344,Repair extra toe(s),2018-10-01,2019-09-30
28345,Repair webbed toe(s),2018-10-01,2019-09-30
28360,Reconstruct cleft foot,2018-10-01,2019-09-30
28400,Treatment of heel fracture,2018-10-01,2019-09-30
28405,Treatment of heel fracture,2018-10-01,2019-09-30
28406,Treatment of heel fracture,2018-10-01,2019-09-30
28415,Treat heel fracture,2018-10-01,2019-09-30
28420,Treat/graft heel fracture,2018-10-01,2019-09-30
28430,Treatment of ankle fracture,2018-10-01,2019-09-30
28435,Treatment of ankle fracture,2018-10-01,2019-09-30
28436,Treatment of ankle fracture,2018-10-01,2019-09-30
28445,Treat ankle fracture,2018-10-01,2019-09-30
28446,Osteochondral talus autogrft,2018-10-01,2019-09-30
28450,Treat midfoot fracture each,2018-10-01,2019-09-30
28455,Treat midfoot fracture each,2018-10-01,2019-09-30
28456,Treat midfoot fracture,2018-10-01,2019-09-30
28465,Treat midfoot fracture each,2018-10-01,2019-09-30
28470,Treat metatarsal fracture,2018-10-01,2019-09-30
28475,Treat metatarsal fracture,2018-10-01,2019-09-30
28476,Treat metatarsal fracture,2018-10-01,2019-09-30
28485,Treat metatarsal fracture,2018-10-01,2019-09-30
28490,Treat big toe fracture,2018-10-01,2019-09-30
28495,Treat big toe fracture,2018-10-01,2019-09-30
28496,Treat big toe fracture,2018-10-01,2019-09-30
28505,Treat big toe fracture,2018-10-01,2019-09-30
28510,Treatment of toe fracture,2018-10-01,2019-09-30
28515,Treatment of toe fracture,2018-10-01,2019-09-30
28525,Treat toe fracture,2018-10-01,2019-09-30
28530,Treat sesamoid bone fracture,2018-10-01,2019-09-30
28531,Treat sesamoid bone fracture,2018-10-01,2019-09-30
28540,Treat foot dislocation,2018-10-01,2019-09-30
28545,Treat foot dislocation,2018-10-01,2019-09-30
28546,Treat foot dislocation,2018-10-01,2019-09-30
28555,Repair foot dislocation,2018-10-01,2019-09-30
28570,Treat foot dislocation,2018-10-01,2019-09-30
28575,Treat foot dislocation,2018-10-01,2019-09-30
28576,Treat foot dislocation,2018-10-01,2019-09-30
28585,Repair foot dislocation,2018-10-01,2019-09-30
28600,Treat foot dislocation,2018-10-01,2019-09-30
28605,Treat foot dislocation,2018-10-01,2019-09-30
28606,Treat foot dislocation,2018-10-01,2019-09-30
28615,Repair foot dislocation,2018-10-01,2019-09-30
28630,Treat toe dislocation,2018-10-01,2019-09-30
28635,Treat toe dislocation,2018-10-01,2019-09-30
28636,Treat toe dislocation,2018-10-01,2019-09-30
28645,Repair toe dislocation,2018-10-01,2019-09-30
28660,Treat toe dislocation,2018-10-01,2019-09-30
28665,Treat toe dislocation,2018-10-01,2019-09-30
28666,Treat toe dislocation,2018-10-01,2019-09-30
28675,Repair of toe dislocation,2018-10-01,2019-09-30
28705,Fusion of foot bones,2018-10-01,2019-09-30
28715,Fusion of foot bones,2018-10-01,2019-09-30
28725,Fusion of foot bones,2018-10-01,2019-09-30
28730,Fusion of foot bones,2018-10-01,2019-09-30
28735,Fusion of foot bones,2018-10-01,2019-09-30
28737,Revision of foot bones,2018-10-01,2019-09-30
28740,Fusion of foot bones,2018-10-01,2019-09-30
28750,Fusion of big toe joint,2018-10-01,2019-09-30
28755,Fusion of big toe joint,2018-10-01,2019-09-30
28760,Fusion of big toe joint,2018-10-01,2019-09-30
28800,Amputation of midfoot,2018-10-01,2019-09-30
28805,Amputation thru metatarsal,2018-10-01,2019-09-30
28810,Amputation toe & metatarsal,2018-10-01,2019-09-30
28820,Amputation of toe,2018-10-01,2019-09-30
28825,Partial amputation of toe,2018-10-01,2019-09-30
28890,Hi enrgy eswt plantar fascia,2018-10-01,2019-09-30
28899,Foot/toes surgery procedure,2018-10-01,2019-09-30
29000,Application of body cast,2018-10-01,2019-09-30
29010,Application of body cast,2018-10-01,2019-09-30
29015,Application of body cast,2018-10-01,2019-09-30
29035,Application of body cast,2018-10-01,2019-09-30
29040,Application of body cast,2018-10-01,2019-09-30
29044,Application of body cast,2018-10-01,2019-09-30
29046,Application of body cast,2018-10-01,2019-09-30
29049,Application of figure eight,2018-10-01,2019-09-30
29055,Application of shoulder cast,2018-10-01,2019-09-30
29058,Application of shoulder cast,2018-10-01,2019-09-30
29065,Application of long arm cast,2018-10-01,2019-09-30
29075,Application of forearm cast,2018-10-01,2019-09-30
29085,Apply hand/wrist cast,2018-10-01,2019-09-30
29086,Apply finger cast,2018-10-01,2019-09-30
29105,Apply long arm splint,2018-10-01,2019-09-30
29125,Apply forearm splint,2018-10-01,2019-09-30
29126,Apply forearm splint,2018-10-01,2019-09-30
29130,Application of finger splint,2018-10-01,2019-09-30
29131,Application of finger splint,2018-10-01,2019-09-30
29200,Strapping of chest,2018-10-01,2019-09-30
29240,Strapping of shoulder,2018-10-01,2019-09-30
29260,Strapping of elbow or wrist,2018-10-01,2019-09-30
29280,Strapping of hand or finger,2018-10-01,2019-09-30
29305,Application of hip cast,2018-10-01,2019-09-30
29325,Application of hip casts,2018-10-01,2019-09-30
29345,Application of long leg cast,2018-10-01,2019-09-30
29355,Application of long leg cast,2018-10-01,2019-09-30
29358,Apply long leg cast brace,2018-10-01,2019-09-30
29365,Application of long leg cast,2018-10-01,2019-09-30
29405,Apply short leg cast,2018-10-01,2019-09-30
29425,Apply short leg cast,2018-10-01,2019-09-30
29435,Apply short leg cast,2018-10-01,2019-09-30
29440,Addition of walker to cast,2018-10-01,2019-09-30
29445,Apply rigid leg cast,2018-10-01,2019-09-30
29450,Application of leg cast,2018-10-01,2019-09-30
29505,Application long leg splint,2018-10-01,2019-09-30
29515,Application lower leg splint,2018-10-01,2019-09-30
29520,Strapping of hip,2018-10-01,2019-09-30
29530,Strapping of knee,2018-10-01,2019-09-30
29540,Strapping of ankle and/or ft,2018-10-01,2019-09-30
29550,Strapping of toes,2018-10-01,2019-09-30
29580,Application of paste boot,2018-10-01,2019-09-30
29581,Apply multlay comprs lwr leg,2018-10-01,2019-09-30
29584,Appl multlay comprs arm/hand,2018-10-01,2019-09-30
29700,Removal/revision of cast,2018-10-01,2019-09-30
29705,Removal/revision of cast,2018-10-01,2019-09-30
29710,Removal/revision of cast,2018-10-01,2019-09-30
29720,Repair of body cast,2018-10-01,2019-09-30
29730,Windowing of cast,2018-10-01,2019-09-30
29740,Wedging of cast,2018-10-01,2019-09-30
29750,Wedging of clubfoot cast,2018-10-01,2019-09-30
29799,Casting/strapping procedure,2018-10-01,2019-09-30
29800,Jaw arthroscopy/surgery,2018-10-01,2019-09-30
29804,Jaw arthroscopy/surgery,2018-10-01,2019-09-30
29805,Shoulder arthroscopy dx,2018-10-01,2019-09-30
29806,Shoulder arthroscopy/surgery,2018-10-01,2019-09-30
29807,Shoulder arthroscopy/surgery,2018-10-01,2019-09-30
29819,Shoulder arthroscopy/surgery,2018-10-01,2019-09-30
29820,Shoulder arthroscopy/surgery,2018-10-01,2019-09-30
29821,Shoulder arthroscopy/surgery,2018-10-01,2019-09-30
29822,Shoulder arthroscopy/surgery,2018-10-01,2019-09-30
29823,Shoulder arthroscopy/surgery,2018-10-01,2019-09-30
29824,Shoulder arthroscopy/surgery,2018-10-01,2019-09-30
29825,Shoulder arthroscopy/surgery,2018-10-01,2019-09-30
29827,Arthroscop rotator cuff repr,2018-10-01,2019-09-30
29828,Arthroscopy biceps tenodesis,2018-10-01,2019-09-30
29830,Elbow arthroscopy,2018-10-01,2019-09-30
29834,Elbow arthroscopy/surgery,2018-10-01,2019-09-30
29835,Elbow arthroscopy/surgery,2018-10-01,2019-09-30
29836,Elbow arthroscopy/surgery,2018-10-01,2019-09-30
29837,Elbow arthroscopy/surgery,2018-10-01,2019-09-30
29838,Elbow arthroscopy/surgery,2018-10-01,2019-09-30
29840,Wrist arthroscopy,2018-10-01,2019-09-30
29843,Wrist arthroscopy/surgery,2018-10-01,2019-09-30
29844,Wrist arthroscopy/surgery,2018-10-01,2019-09-30
29845,Wrist arthroscopy/surgery,2018-10-01,2019-09-30
29846,Wrist arthroscopy/surgery,2018-10-01,2019-09-30
29847,Wrist arthroscopy/surgery,2018-10-01,2019-09-30
29848,Wrist endoscopy/surgery,2018-10-01,2019-09-30
29850,Knee arthroscopy/surgery,2018-10-01,2019-09-30
29851,Knee arthroscopy/surgery,2018-10-01,2019-09-30
29855,Tibial arthroscopy/surgery,2018-10-01,2019-09-30
29856,Tibial arthroscopy/surgery,2018-10-01,2019-09-30
29860,Hip arthroscopy dx,2018-10-01,2019-09-30
29861,Hip arthro w/fb removal,2018-10-01,2019-09-30
29862,Hip arthr0 w/debridement,2018-10-01,2019-09-30
29863,Hip arthr0 w/synovectomy,2018-10-01,2019-09-30
29866,Autgrft implnt knee w/scope,2018-10-01,2019-09-30
29867,Allgrft implnt knee w/scope,2018-10-01,2019-09-30
29868,Meniscal trnspl knee w/scpe,2018-10-01,2019-09-30
29870,Knee arthroscopy dx,2018-10-01,2019-09-30
29871,Knee arthroscopy/drainage,2018-10-01,2019-09-30
29873,Knee arthroscopy/surgery,2018-10-01,2019-09-30
29874,Knee arthroscopy/surgery,2018-10-01,2019-09-30
29875,Knee arthroscopy/surgery,2018-10-01,2019-09-30
29876,Knee arthroscopy/surgery,2018-10-01,2019-09-30
29877,Knee arthroscopy/surgery,2018-10-01,2019-09-30
29879,Knee arthroscopy/surgery,2018-10-01,2019-09-30
29880,Knee arthroscopy/surgery,2018-10-01,2019-09-30
29881,Knee arthroscopy/surgery,2018-10-01,2019-09-30
29882,Knee arthroscopy/surgery,2018-10-01,2019-09-30
29883,Knee arthroscopy/surgery,2018-10-01,2019-09-30
29884,Knee arthroscopy/surgery,2018-10-01,2019-09-30
29885,Knee arthroscopy/surgery,2018-10-01,2019-09-30
29886,Knee arthroscopy/surgery,2018-10-01,2019-09-30
29887,Knee arthroscopy/surgery,2018-10-01,2019-09-30
29888,Knee arthroscopy/surgery,2018-10-01,2019-09-30
29889,Knee arthroscopy/surgery,2018-10-01,2019-09-30
29891,Ankle arthroscopy/surgery,2018-10-01,2019-09-30
29892,Ankle arthroscopy/surgery,2018-10-01,2019-09-30
29893,Scope plantar fasciotomy,2018-10-01,2019-09-30
29894,Ankle arthroscopy/surgery,2018-10-01,2019-09-30
29895,Ankle arthroscopy/surgery,2018-10-01,2019-09-30
29897,Ankle arthroscopy/surgery,2018-10-01,2019-09-30
29898,Ankle arthroscopy/surgery,2018-10-01,2019-09-30
29899,Ankle arthroscopy/surgery,2018-10-01,2019-09-30
29900,Mcp joint arthroscopy dx,2018-10-01,2019-09-30
29901,Mcp joint arthroscopy surg,2018-10-01,2019-09-30
29902,Mcp joint arthroscopy surg,2018-10-01,2019-09-30
29904,Subtalar arthro w/fb rmvl,2018-10-01,2019-09-30
29905,Subtalar arthro w/exc,2018-10-01,2019-09-30
29906,Subtalar arthro w/deb,2018-10-01,2019-09-30
29907,Subtalar arthro w/fusion,2018-10-01,2019-09-30
29914,Hip arthro w/femoroplasty,2018-10-01,2019-09-30
29915,Hip arthro acetabuloplasty,2018-10-01,2019-09-30
29916,Hip arthro w/labral repair,2018-10-01,2019-09-30
29999,Arthroscopy of joint,2018-10-01,2019-09-30
30000,Drainage of nose lesion,2018-10-01,2019-09-30
30020,Drainage of nose lesion,2018-10-01,2019-09-30
30110,Removal of nose polyp(s),2018-10-01,2019-09-30
30115,Removal of nose polyp(s),2018-10-01,2019-09-30
30117,Removal of intranasal lesion,2018-10-01,2019-09-30
30118,Removal of intranasal lesion,2018-10-01,2019-09-30
30120,Revision of nose,2018-10-01,2019-09-30
30124,Removal of nose lesion,2018-10-01,2019-09-30
30125,Removal of nose lesion,2018-10-01,2019-09-30
30130,Excise inferior turbinate,2018-10-01,2019-09-30
30140,Resect inferior turbinate,2018-10-01,2019-09-30
30150,Partial removal of nose,2018-10-01,2019-09-30
30160,Removal of nose,2018-10-01,2019-09-30
30200,Injection treatment of nose,2018-10-01,2019-09-30
30210,Nasal sinus therapy,2018-10-01,2019-09-30
30220,Insert nasal septal button,2018-10-01,2019-09-30
30300,Remove nasal foreign body,2018-10-01,2019-09-30
30310,Remove nasal foreign body,2018-10-01,2019-09-30
30320,Remove nasal foreign body,2018-10-01,2019-09-30
30400,Reconstruction of nose,2018-10-01,2019-09-30
30410,Reconstruction of nose,2018-10-01,2019-09-30
30420,Reconstruction of nose,2018-10-01,2019-09-30
30430,Revision of nose,2018-10-01,2019-09-30
30435,Revision of nose,2018-10-01,2019-09-30
30450,Revision of nose,2018-10-01,2019-09-30
30460,Revision of nose,2018-10-01,2019-09-30
30462,Revision of nose,2018-10-01,2019-09-30
30465,Repair nasal stenosis,2018-10-01,2019-09-30
30468,Rpr nsl vlv collapse w/implt,2020-10-01,2021-09-30
30469,Rpr nsl vlv collapse w/rmdlg,2023-10-01,2024-09-30
30520,Repair of nasal septum,2018-10-01,2019-09-30
30540,Repair nasal defect,2018-10-01,2019-09-30
30545,Repair nasal defect,2018-10-01,2019-09-30
30560,Release of nasal adhesions,2018-10-01,2019-09-30
30580,Repair upper jaw fistula,2018-10-01,2019-09-30
30600,Repair mouth/nose fistula,2018-10-01,2019-09-30
30620,Intranasal reconstruction,2018-10-01,2019-09-30
30630,Repair nasal septum defect,2018-10-01,2019-09-30
30801,Ablate inf turbinate superf,2018-10-01,2019-09-30
30802,Ablate inf turbinate submuc,2018-10-01,2019-09-30
30901,Control of nosebleed,2018-10-01,2019-09-30
30903,Control of nosebleed,2018-10-01,2019-09-30
30905,Control of nosebleed,2018-10-01,2019-09-30
30906,Repeat control of nosebleed,2018-10-01,2019-09-30
30915,Ligation nasal sinus artery,2018-10-01,2019-09-30
30920,Ligation upper jaw artery,2018-10-01,2019-09-30
30930,Ther fx nasal inf turbinate,2018-10-01,2019-09-30
30999,Nasal surgery procedure,2018-10-01,2019-09-30
31000,Irrigation maxillary sinus,2018-10-01,2019-09-30
31002,Irrigation sphenoid sinus,2018-10-01,2019-09-30
31020,Exploration maxillary sinus,2018-10-01,2019-09-30
31030,Exploration maxillary sinus,2018-10-01,2019-09-30
31032,Explore sinus remove polyps,2018-10-01,2019-09-30
31040,Exploration behind upper jaw,2018-10-01,2019-09-30
31050,Exploration sphenoid sinus,2018-10-01,2019-09-30
31051,Sphenoid sinus surgery,2018-10-01,2019-09-30
31070,Exploration of frontal sinus,2018-10-01,2019-09-30
31075,Exploration of frontal sinus,2018-10-01,2019-09-30
31080,Removal of frontal sinus,2018-10-01,2019-09-30
31081,Removal of frontal sinus,2018-10-01,2019-09-30
31084,Removal of frontal sinus,2018-10-01,2019-09-30
31085,Removal of frontal sinus,2018-10-01,2019-09-30
31086,Removal of frontal sinus,2018-10-01,2019-09-30
31087,Removal of frontal sinus,2018-10-01,2019-09-30
31090,Exploration of sinuses,2018-10-01,2019-09-30
31200,Removal of ethmoid sinus,2018-10-01,2019-09-30
31201,Removal of ethmoid sinus,2018-10-01,2019-09-30
31205,Removal of ethmoid sinus,2018-10-01,2019-09-30
31225,Removal of upper jaw,2018-10-01,2019-09-30
31230,Removal of upper jaw,2018-10-01,2019-09-30
31231,Nasal endoscopy dx,2018-10-01,2019-09-30
31233,Nasal/sinus endoscopy dx,2018-10-01,2019-09-30
31235,Nasal/sinus endoscopy dx,2018-10-01,2019-09-30
31237,Nasal/sinus endoscopy surg,2018-10-01,2019-09-30
31238,Nasal/sinus endoscopy surg,2018-10-01,2019-09-30
31239,Nasal/sinus endoscopy surg,2018-10-01,2019-09-30
31240,Nasal/sinus endoscopy surg,2018-10-01,2019-09-30
31241,Nsl/sins ndsc w/artery lig,2018-10-01,2019-09-30
31242,Nsl/sinus ndsc rf abltj pnn,2025-10-01,9999-12-31
31243,Nsl/sinus ndsc cryoabltj pnn,2025-10-01,9999-12-31
31253,Nsl/sins ndsc total,2018-10-01,2019-09-30
31254,Nsl/sins ndsc w/prtl ethmdct,2018-10-01,2019-09-30
31255,Nsl/sins ndsc w/tot ethmdct,2018-10-01,2019-09-30
31256,Exploration maxillary sinus,2018-10-01,2019-09-30
31257,Nsl/sins ndsc tot w/sphendt,2018-10-01,2019-09-30
31259,Nsl/sins ndsc sphn tiss rmvl,2018-10-01,2019-09-30
31267,Endoscopy maxillary sinus,2018-10-01,2019-09-30
31276,Nsl/sins ndsc frnt tiss rmvl,2018-10-01,2019-09-30
31287,Nasal/sinus endoscopy surg,2018-10-01,2019-09-30
31288,Nasal/sinus endoscopy surg,2018-10-01,2019-09-30
31290,Nasal/sinus endoscopy surg,2018-10-01,2019-09-30
31291,Nasal/sinus endoscopy surg,2018-10-01,2019-09-30
31292,Nasal/sinus endoscopy surg,2018-10-01,2019-09-30
31293,Nasal/sinus endoscopy surg,2018-10-01,2019-09-30
31294,Nasal/sinus endoscopy surg,2018-10-01,2019-09-30
31295,Sinus endo w/balloon dil,2018-10-01,2019-09-30
31296,Sinus endo w/balloon dil,2018-10-01,2019-09-30
31297,Sinus endo w/balloon dil,2018-10-01,2019-09-30
31298,Nsl/sins ndsc w/sins dilat,2018-10-01,2019-09-30
31299,Sinus surgery procedure,2018-10-01,2019-09-30
31300,Removal of larynx lesion,2018-10-01,2019-09-30
31360,Removal of larynx,2018-10-01,2019-09-30
31365,Removal of larynx,2018-10-01,2019-09-30
31367,Partial removal of larynx,2018-10-01,2019-09-30
31368,Partial removal of larynx,2018-10-01,2019-09-30
31370,Partial removal of larynx,2018-10-01,2019-09-30
31375,Partial removal of larynx,2018-10-01,2019-09-30
31380,Partial removal of larynx,2018-10-01,2019-09-30
31382,Partial removal of larynx,2018-10-01,2019-09-30
31390,Removal of larynx & pharynx,2018-10-01,2019-09-30
31395,Reconstruct larynx & pharynx,2018-10-01,2019-09-30
31400,Revision of larynx,2018-10-01,2019-09-30
31420,Removal of epiglottis,2018-10-01,2019-09-30
31500,Insert emergency airway,2018-10-01,2019-09-30
31502,Change of windpipe airway,2018-10-01,2019-09-30
31505,Diagnostic laryngoscopy,2018-10-01,2019-09-30
31510,Laryngoscopy with biopsy,2018-10-01,2019-09-30
31511,Remove foreign body larynx,2018-10-01,2019-09-30
31512,Removal of larynx lesion,2018-10-01,2019-09-30
31513,Injection into vocal cord,2018-10-01,2019-09-30
31515,Laryngoscopy for aspiration,2018-10-01,2019-09-30
31520,Dx laryngoscopy newborn,2018-10-01,2019-09-30
31525,Dx laryngoscopy excl nb,2018-10-01,2019-09-30
31526,Dx laryngoscopy w/oper scope,2018-10-01,2019-09-30
31527,Laryngoscopy for treatment,2018-10-01,2019-09-30
31528,Laryngoscopy and dilation,2018-10-01,2019-09-30
31529,Laryngoscopy and dilation,2018-10-01,2019-09-30
31530,Laryngoscopy w/fb removal,2018-10-01,2019-09-30
31531,Laryngoscopy w/fb & op scope,2018-10-01,2019-09-30
31535,Laryngoscopy w/biopsy,2018-10-01,2019-09-30
31536,Laryngoscopy w/bx & op scope,2018-10-01,2019-09-30
31540,Laryngoscopy w/exc of tumor,2018-10-01,2019-09-30
31541,Larynscop w/tumr exc + scope,2018-10-01,2019-09-30
31545,Remove vc lesion w/scope,2018-10-01,2019-09-30
31546,Remove vc lesion scope/graft,2018-10-01,2019-09-30
31551,Laryngoplasty laryngeal sten,2018-10-01,2019-09-30
31552,Laryngoplasty laryngeal sten,2018-10-01,2019-09-30
31553,Laryngoplasty laryngeal sten,2018-10-01,2019-09-30
31554,Laryngoplasty laryngeal sten,2018-10-01,2019-09-30
31560,Laryngoscop w/arytenoidectom,2018-10-01,2019-09-30
31561,Larynscop remve cart + scop,2018-10-01,2019-09-30
31570,Laryngoscope w/vc inj,2018-10-01,2019-09-30
31571,Laryngoscop w/vc inj + scope,2018-10-01,2019-09-30
31572,Largsc w/laser dstrj les,2018-10-01,2019-09-30
31573,Largsc w/ther injection,2018-10-01,2019-09-30
31574,Largsc w/njx augmentation,2018-10-01,2019-09-30
31575,Diagnostic laryngoscopy,2018-10-01,2019-09-30
31576,Laryngoscopy with biopsy,2018-10-01,2019-09-30
31577,Largsc w/rmvl foreign bdy(s),2018-10-01,2019-09-30
31578,Largsc w/removal lesion,2018-10-01,2019-09-30
31579,Laryngoscopy telescopic,2018-10-01,2019-09-30
31580,Laryngoplasty laryngeal web,2018-10-01,2019-09-30
31584,Laryngoplasty fx rdctj fixj,2018-10-01,2019-09-30
31587,Laryngoplasty cricoid split,2018-10-01,2019-09-30
31590,Reinnervate larynx,2018-10-01,2019-09-30
31591,Laryngoplasty medialization,2018-10-01,2019-09-30
31592,Cricotracheal resection,2018-10-01,2019-09-30
31599,Larynx surgery procedure,2018-10-01,2019-09-30
31600,Incision of windpipe,2018-10-01,2019-09-30
31601,Incision of windpipe,2018-10-01,2019-09-30
31603,Incision of windpipe,2018-10-01,2019-09-30
31605,Incision of windpipe,2018-10-01,2019-09-30
31610,Incision of windpipe,2018-10-01,2019-09-30
31611,Surgery/speech prosthesis,2018-10-01,2019-09-30
31612,Puncture/clear windpipe,2018-10-01,2019-09-30
31613,Repair windpipe opening,2018-10-01,2019-09-30
31614,Repair windpipe opening,2018-10-01,2019-09-30
31615,Visualization of windpipe,2018-10-01,2019-09-30
31622,Dx bronchoscope/wash,2018-10-01,2019-09-30
31623,Dx bronchoscope/brush,2018-10-01,2019-09-30
31624,Dx bronchoscope/lavage,2018-10-01,2019-09-30
31625,Bronchoscopy w/biopsy(s),2018-10-01,2019-09-30
31626,Bronchoscopy w/markers,2018-10-01,2019-09-30
31628,Bronchoscopy/lung bx each,2018-10-01,2019-09-30
31629,Bronchoscopy/needle bx each,2018-10-01,2019-09-30
31630,Bronchoscopy dilate/fx repr,2018-10-01,2019-09-30
31631,Bronchoscopy dilate w/stent,2018-10-01,2019-09-30
31634,Bronch w/balloon occlusion,2018-10-01,2019-09-30
31635,Bronchoscopy w/fb removal,2018-10-01,2019-09-30
31636,Bronchoscopy bronch stents,2018-10-01,2019-09-30
31638,Bronchoscopy revise stent,2018-10-01,2019-09-30
31640,Bronchoscopy w/tumor excise,2018-10-01,2019-09-30
31641,Bronchoscopy treat blockage,2018-10-01,2019-09-30
31643,Diag bronchoscope/catheter,2018-10-01,2019-09-30
31645,Brnchsc w/ther aspir 1st,2018-10-01,2019-09-30
31646,Brnchsc w/ther aspir sbsq,2018-10-01,2019-09-30
31647,Bronchial valve init insert,2018-10-01,2019-09-30
31648,Bronchial valve remov init,2018-10-01,2019-09-30
31660,Bronch thermoplsty 1 lobe,2018-10-01,2019-09-30
31661,Bronch thermoplsty 2/> lobes,2018-10-01,2019-09-30
31717,Bronchial brush biopsy,2018-10-01,2019-09-30
31720,Clearance of airways,2018-10-01,2019-09-30
31725,Clearance of airways,2018-10-01,2019-09-30
31730,Intro windpipe wire/tube,2018-10-01,2019-09-30
31750,Repair of windpipe,2018-10-01,2019-09-30
31755,Repair of windpipe,2018-10-01,2019-09-30
31760,Repair of windpipe,2018-10-01,2019-09-30
31766,Reconstruction of windpipe,2018-10-01,2019-09-30
31770,Repair/graft of bronchus,2018-10-01,2019-09-30
31775,Reconstruct bronchus,2018-10-01,2019-09-30
31780,Reconstruct windpipe,2018-10-01,2019-09-30
31781,Reconstruct windpipe,2018-10-01,2019-09-30
31785,Remove windpipe lesion,2018-10-01,2019-09-30
31786,Remove windpipe lesion,2018-10-01,2019-09-30
31800,Repair of windpipe injury,2018-10-01,2019-09-30
31805,Repair of windpipe injury,2018-10-01,2019-09-30
31820,Closure of windpipe lesion,2018-10-01,2019-09-30
31825,Repair of windpipe defect,2018-10-01,2019-09-30
31830,Revise windpipe scar,2018-10-01,2019-09-30
31899,Airways surgical procedure,2018-10-01,2019-09-30
32035,Thoracostomy w/rib resection,2018-10-01,2019-09-30
32036,Thoracostomy w/flap drainage,2018-10-01,2019-09-30
32096,Open wedge/bx lung infiltr,2018-10-01,2019-09-30
32097,Open wedge/bx lung nodule,2018-10-01,2019-09-30
32098,Open biopsy of lung pleura,2018-10-01,2019-09-30
32100,Exploration of chest,2018-10-01,2019-09-30
32110,Explore/repair chest,2018-10-01,2019-09-30
32120,Re-exploration of chest,2018-10-01,2019-09-30
32124,Explore chest free adhesions,2018-10-01,2019-09-30
32140,Removal of lung lesion(s),2018-10-01,2019-09-30
32141,Remove/treat lung lesions,2018-10-01,2019-09-30
32150,Removal of lung lesion(s),2018-10-01,2019-09-30
32151,Remove lung foreign body,2018-10-01,2019-09-30
32160,Open chest heart massage,2018-10-01,2019-09-30
32200,Drain open lung lesion,2018-10-01,2019-09-30
32215,Treat chest lining,2018-10-01,2019-09-30
32220,Release of lung,2018-10-01,2019-09-30
32225,Partial release of lung,2018-10-01,2019-09-30
32310,Removal of chest lining,2018-10-01,2019-09-30
32320,Free/remove chest lining,2018-10-01,2019-09-30
32440,Remove lung pneumonectomy,2018-10-01,2019-09-30
32442,Sleeve pneumonectomy,2018-10-01,2019-09-30
32445,Removal of lung extrapleural,2018-10-01,2019-09-30
32480,Partial removal of lung,2018-10-01,2019-09-30
32482,Bilobectomy,2018-10-01,2019-09-30
32484,Segmentectomy,2018-10-01,2019-09-30
32486,Sleeve lobectomy,2018-10-01,2019-09-30
32488,Completion pneumonectomy,2018-10-01,2019-09-30
32491,Lung volume reduction,2018-10-01,2019-09-30
32503,Resect apical lung tumor,2018-10-01,2019-09-30
32504,Resect apical lung tum/chest,2018-10-01,2019-09-30
32505,Wedge resect of lung initial,2018-10-01,2019-09-30
32540,Removal of lung lesion,2018-10-01,2019-09-30
32550,Insert pleural cath,2018-10-01,2019-09-30
32551,Insertion of chest tube,2018-10-01,2019-09-30
32552,Remove lung catheter,2018-10-01,2019-09-30
32554,Aspirate pleura w/o imaging,2018-10-01,2019-09-30
32555,Aspirate pleura w/ imaging,2018-10-01,2019-09-30
32556,Insert cath pleura w/o image,2018-10-01,2019-09-30
32557,Insert cath pleura w/ image,2018-10-01,2019-09-30
32560,Treat pleurodesis w/agent,2018-10-01,2019-09-30
32561,Lyse chest fibrin init day,2018-10-01,2019-09-30
32562,Lyse chest fibrin subq day,2018-10-01,2019-09-30
32601,Thoracoscopy diagnostic,2018-10-01,2019-09-30
32604,Thoracoscopy wbx sac,2018-10-01,2019-09-30
32606,Thoracoscopy w/bx med space,2018-10-01,2019-09-30
32607,Thoracoscopy w/bx infiltrate,2018-10-01,2019-09-30
32608,Thoracoscopy w/bx nodule,2018-10-01,2019-09-30
32609,Thoracoscopy w/bx pleura,2018-10-01,2019-09-30
32650,Thoracoscopy w/pleurodesis,2018-10-01,2019-09-30
32651,Thoracoscopy remove cortex,2018-10-01,2019-09-30
32652,Thoracoscopy rem totl cortex,2018-10-01,2019-09-30
32653,Thoracoscopy remov fb/fibrin,2018-10-01,2019-09-30
32654,Thoracoscopy contrl bleeding,2018-10-01,2019-09-30
32655,Thoracoscopy resect bullae,2018-10-01,2019-09-30
32656,Thoracoscopy w/pleurectomy,2018-10-01,2019-09-30
32658,Thoracoscopy w/sac fb remove,2018-10-01,2019-09-30
32659,Thoracoscopy w/sac drainage,2018-10-01,2019-09-30
32661,Thoracoscopy w/pericard exc,2018-10-01,2019-09-30
32662,Thoracoscopy w/mediast exc,2018-10-01,2019-09-30
32663,Thoracoscopy w/lobectomy,2018-10-01,2019-09-30
32664,Thoracoscopy w/ th nrv exc,2018-10-01,2019-09-30
32665,Thoracoscop w/esoph musc exc,2018-10-01,2019-09-30
32666,Thoracoscopy w/wedge resect,2018-10-01,2019-09-30
32669,Thoracoscopy remove segment,2018-10-01,2019-09-30
32670,Thoracoscopy bilobectomy,2018-10-01,2019-09-30
32671,Thoracoscopy pneumonectomy,2018-10-01,2019-09-30
32672,Thoracoscopy for lvrs,2018-10-01,2019-09-30
32673,Thoracoscopy w/thymus resect,2018-10-01,2019-09-30
32701,Thorax stereo rad targetw/tx,2018-10-01,2019-09-30
32800,Repair lung hernia,2018-10-01,2019-09-30
32810,Close chest after drainage,2018-10-01,2019-09-30
32815,Close bronchial fistula,2018-10-01,2019-09-30
32820,Reconstruct injured chest,2018-10-01,2019-09-30
32851,Lung transplant single,2018-10-01,2019-09-30
32852,Lung transplant with bypass,2018-10-01,2019-09-30
32853,Lung transplant double,2018-10-01,2019-09-30
32854,Lung transplant with bypass,2018-10-01,2019-09-30
32900,Removal of rib(s),2018-10-01,2019-09-30
32905,Revise & repair chest wall,2018-10-01,2019-09-30
32906,Revise & repair chest wall,2018-10-01,2019-09-30
32940,Revision of lung,2018-10-01,2019-09-30
32960,Therapeutic pneumothorax,2018-10-01,2019-09-30
32994,Ablate pulm tumor perq crybl,2018-10-01,2019-09-30
32997,Total lung lavage,2018-10-01,2019-09-30
32998,Ablate pulm tumor perq rf,2018-10-01,2019-09-30
32999,Chest surgery procedure,2018-10-01,2019-09-30
33010,Drainage of heart sac,2018-10-01,2019-09-30
33011,Repeat drainage of heart sac,2018-10-01,2019-09-30
33015,Incision of heart sac,2018-10-01,2019-09-30
33016,Pericardiocentesis w/imaging,2020-10-01,2021-09-30
33017,Prcrd drg 6yr+ w/o cgen car,2020-10-01,2021-09-30
33018,Prcrd drg 0-5yr or w/anomly,2020-10-01,2021-09-30
33019,Perq prcrd drg insj cath ct,2020-10-01,2021-09-30
33020,Incision of heart sac,2018-10-01,2019-09-30
33025,Incision of heart sac,2018-10-01,2019-09-30
33030,Partial removal of heart sac,2018-10-01,2019-09-30
33031,Partial removal of heart sac,2018-10-01,2019-09-30
33050,Resect heart sac lesion,2018-10-01,2019-09-30
33120,Removal of heart lesion,2018-10-01,2019-09-30
33130,Removal of heart lesion,2018-10-01,2019-09-30
33140,Heart revascularize (tmr),2018-10-01,2019-09-30
33202,Insert epicard eltrd open,2018-10-01,2019-09-30
33203,Insert epicard eltrd endo,2018-10-01,2019-09-30
33206,Insert heart pm atrial,2018-10-01,2019-09-30
33207,Insert heart pm ventricular,2018-10-01,2019-09-30
33208,Insrt heart pm atrial & vent,2018-10-01,2019-09-30
33210,Insert electrd/pm cath sngl,2018-10-01,2019-09-30
33211,Insert card electrodes dual,2018-10-01,2019-09-30
33212,Insert pulse gen sngl lead,2018-10-01,2019-09-30
33213,Insert pulse gen dual leads,2018-10-01,2019-09-30
33214,Upgrade of pacemaker system,2018-10-01,2019-09-30
33215,Reposition pacing-defib lead,2018-10-01,2019-09-30
33216,Insert 1 electrode pm-defib,2018-10-01,2019-09-30
33217,Insert 2 electrode pm-defib,2018-10-01,2019-09-30
33218,Repair lead pace-defib one,2018-10-01,2019-09-30
33220,Repair lead pace-defib dual,2018-10-01,2019-09-30
33221,Insert pulse gen mult leads,2018-10-01,2019-09-30
33222,Relocation pocket pacemaker,2018-10-01,2019-09-30
33223,Relocate pocket for defib,2018-10-01,2019-09-30
33224,Insert pacing lead & connect,2018-10-01,2019-09-30
33226,Reposition l ventric lead,2018-10-01,2019-09-30
33227,Remove&replace pm gen singl,2018-10-01,2019-09-30
33228,Remv&replc pm gen dual lead,2018-10-01,2019-09-30
33229,Remv&replc pm gen mult leads,2018-10-01,2019-09-30
33230,Insrt pulse gen w/dual leads,2018-10-01,2019-09-30
33231,Insrt pulse gen w/mult leads,2018-10-01,2019-09-30
33233,Removal of pm generator,2018-10-01,2019-09-30
33234,Removal of pacemaker system,2018-10-01,2019-09-30
33235,Removal pacemaker electrode,2018-10-01,2019-09-30
33236,Remove electrode/thoracotomy,2018-10-01,2019-09-30
33237,Remove electrode/thoracotomy,2018-10-01,2019-09-30
33238,Remove electrode/thoracotomy,2018-10-01,2019-09-30
33240,Insrt pulse gen w/singl lead,2018-10-01,2019-09-30
33241,Remove pulse generator,2018-10-01,2019-09-30
33243,Remove eltrd/thoracotomy,2018-10-01,2019-09-30
33244,Remove elctrd transvenously,2018-10-01,2019-09-30
33249,Insj/rplcmt defib w/lead(s),2018-10-01,2019-09-30
33250,Ablate heart dysrhythm focus,2018-10-01,2019-09-30
33251,Ablate heart dysrhythm focus,2018-10-01,2019-09-30
33254,Ablate atria lmtd,2018-10-01,2019-09-30
33255,Ablate atria w/o bypass ext,2018-10-01,2019-09-30
33256,Ablate atria w/bypass exten,2018-10-01,2019-09-30
33261,Ablate heart dysrhythm focus,2018-10-01,2019-09-30
33262,Rmvl& replc pulse gen 1 lead,2018-10-01,2019-09-30
33263,Rmvl & rplcmt dfb gen 2 lead,2018-10-01,2019-09-30
33264,Rmvl & rplcmt dfb gen mlt ld,2018-10-01,2019-09-30
33265,Ablate atria lmtd endo,2018-10-01,2019-09-30
33266,Ablate atria x10sv endo,2018-10-01,2019-09-30
33267,Excl laa open any method,2021-10-01,2022-09-30
33269,Excl laa thrscp any method,2021-10-01,2022-09-30
33270,Ins/rep subq defibrillator,2018-10-01,2019-09-30
33271,Insj subq impltbl dfb elctrd,2018-10-01,2019-09-30
33272,Rmvl of subq defibrillator,2018-10-01,2019-09-30
33273,Repos prev impltbl subq dfb,2018-10-01,2019-09-30
33274,Tcat insj/rpl perm ldls pm,2018-10-01,2019-09-30
33275,Tcat rmvl perm ldls pm,2018-10-01,2019-09-30
33276,Insj phrnc nrv stim sys,2025-10-01,9999-12-31
33277,Insj phrnc nrv stim transvns,2025-10-01,9999-12-31
33278,Rmvl phrnc nrv stim sys,2025-10-01,9999-12-31
33279,Rmvl phrnc nrv stim transvns,2025-10-01,9999-12-31
33280,Rmvl phrnc nrv stim pg only,2025-10-01,9999-12-31
33281,Reposg phrnc nrv stim trnsvn,2025-10-01,9999-12-31
33287,Rmv&rplcmt phrnc nrv stim pg,2025-10-01,9999-12-31
33288,Rmv&rplcmt phrnc nrv stim ld,2025-10-01,9999-12-31
33289,Tcat impl wrls p-art prs snr,2018-10-01,2019-09-30
33300,Repair of heart wound,2018-10-01,2019-09-30
33305,Repair of heart wound,2018-10-01,2019-09-30
33310,Exploratory heart surgery,2018-10-01,2019-09-30
33315,Exploratory heart surgery,2018-10-01,2019-09-30
33320,Repair major blood vessel(s),2018-10-01,2019-09-30
33321,Repair major vessel,2018-10-01,2019-09-30
33322,Repair major blood vessel(s),2018-10-01,2019-09-30
33330,Insert major vessel graft,2018-10-01,2019-09-30
33335,Insert major vessel graft,2018-10-01,2019-09-30
33340,Perq clsr tcat l atr apndge,2018-10-01,2019-09-30
33361,Replace aortic valve perq,2018-10-01,2019-09-30
33362,Replace aortic valve open,2018-10-01,2019-09-30
33363,Replace aortic valve open,2018-10-01,2019-09-30
33364,Replace aortic valve open,2018-10-01,2019-09-30
33365,Replace aortic valve open,2018-10-01,2019-09-30
33366,Trcath replace aortic valve,2018-10-01,2019-09-30
33390,Valvuloplasty aortic valve,2018-10-01,2019-09-30
33391,Valvuloplasty aortic valve,2018-10-01,2019-09-30
33404,Prepare heart-aorta conduit,2018-10-01,2019-09-30
33405,Replacement aortic valve opn,2018-10-01,2019-09-30
33406,Replacement aortic valve opn,2018-10-01,2019-09-30
33410,Replacement aortic valve opn,2018-10-01,2019-09-30
33411,Replacement of aortic valve,2018-10-01,2019-09-30
33412,Replacement of aortic valve,2018-10-01,2019-09-30
33413,Replacement of aortic valve,2018-10-01,2019-09-30
33414,Repair of aortic valve,2018-10-01,2019-09-30
33415,Revision subvalvular tissue,2018-10-01,2019-09-30
33416,Revise ventricle muscle,2018-10-01,2019-09-30
33417,Repair of aortic valve,2018-10-01,2019-09-30
33418,Repair tcat mitral valve,2018-10-01,2019-09-30
33420,Revision of mitral valve,2018-10-01,2019-09-30
33422,Revision of mitral valve,2018-10-01,2019-09-30
33425,Repair of mitral valve,2018-10-01,2019-09-30
33426,Repair of mitral valve,2018-10-01,2019-09-30
33427,Repair of mitral valve,2018-10-01,2019-09-30
33430,Replacement of mitral valve,2018-10-01,2019-09-30
33440,Rplcmt a-valve tlcj autol pv,2018-10-01,2019-09-30
33460,Revision of tricuspid valve,2018-10-01,2019-09-30
33463,Valvuloplasty tricuspid,2018-10-01,2019-09-30
33464,Valvuloplasty tricuspid,2018-10-01,2019-09-30
33465,Replace tricuspid valve,2018-10-01,2019-09-30
33468,Revision of tricuspid valve,2018-10-01,2019-09-30
33470,Revision of pulmonary valve,2018-10-01,2019-09-30
33471,Valvotomy pulmonary valve,2018-10-01,2019-09-30
33474,Revision of pulmonary valve,2018-10-01,2019-09-30
33475,Replacement pulmonary valve,2018-10-01,2019-09-30
33476,Revision of heart chamber,2018-10-01,2019-09-30
33477,Implant tcat pulm vlv perq,2018-10-01,2019-09-30
33478,Revision of heart chamber,2018-10-01,2019-09-30
33496,Repair prosth valve clot,2018-10-01,2019-09-30
33500,Repair heart vessel fistula,2018-10-01,2019-09-30
33501,Repair heart vessel fistula,2018-10-01,2019-09-30
33502,Coronary artery correction,2018-10-01,2019-09-30
33503,Coronary artery graft,2018-10-01,2019-09-30
33504,Coronary artery graft,2018-10-01,2019-09-30
33505,Repair artery w/tunnel,2018-10-01,2019-09-30
33506,Repair artery translocation,2018-10-01,2019-09-30
33507,Repair art intramural,2018-10-01,2019-09-30
33510,Cabg vein single,2018-10-01,2019-09-30
33511,Cabg vein two,2018-10-01,2019-09-30
33512,Cabg vein three,2018-10-01,2019-09-30
33513,Cabg vein four,2018-10-01,2019-09-30
33514,Cabg vein five,2018-10-01,2019-09-30
33516,Cabg vein six or more,2018-10-01,2019-09-30
33533,Cabg arterial single,2018-10-01,2019-09-30
33534,Cabg arterial two,2018-10-01,2019-09-30
33535,Cabg arterial three,2018-10-01,2019-09-30
33536,Cabg arterial four or more,2018-10-01,2019-09-30
33542,Removal of heart lesion,2018-10-01,2019-09-30
33545,Repair of heart damage,2018-10-01,2019-09-30
33548,Restore/remodel ventricle,2018-10-01,2019-09-30
33600,Closure of valve,2018-10-01,2019-09-30
33602,Closure of valve,2018-10-01,2019-09-30
33606,Anastomosis/artery-aorta,2018-10-01,2019-09-30
33608,Repair anomaly w/conduit,2018-10-01,2019-09-30
33610,Repair by enlargement,2018-10-01,2019-09-30
33611,Repair double ventricle,2018-10-01,2019-09-30
33612,Repair double ventricle,2018-10-01,2019-09-30
33615,Repair modified fontan,2018-10-01,2019-09-30
33617,Repair single ventricle,2018-10-01,2019-09-30
33619,Repair single ventricle,2018-10-01,2019-09-30
33620,Apply r&l pulm art bands,2018-10-01,2019-09-30
33621,Transthor cath for stent,2018-10-01,2019-09-30
33622,Redo compl cardiac anomaly,2018-10-01,2019-09-30
33641,Repair heart septum defect,2018-10-01,2019-09-30
33645,Revision of heart veins,2018-10-01,2019-09-30
33647,Repair heart septum defects,2018-10-01,2019-09-30
33660,Repair of heart defects,2018-10-01,2019-09-30
33665,Repair of heart defects,2018-10-01,2019-09-30
33670,Repair of heart chambers,2018-10-01,2019-09-30
33675,Close mult vsd,2018-10-01,2019-09-30
33676,Close mult vsd w/resection,2018-10-01,2019-09-30
33677,Cl mult vsd w/rem pul band,2018-10-01,2019-09-30
33681,Repair heart septum defect,2018-10-01,2019-09-30
33684,Repair heart septum defect,2018-10-01,2019-09-30
33688,Repair heart septum defect,2018-10-01,2019-09-30
33690,Reinforce pulmonary artery,2018-10-01,2019-09-30
33692,Repair of heart defects,2018-10-01,2019-09-30
33694,Repair of heart defects,2018-10-01,2019-09-30
33697,Repair of heart defects,2018-10-01,2019-09-30
33702,Repair of heart defects,2018-10-01,2019-09-30
33710,Repair of heart defects,2018-10-01,2019-09-30
33720,Repair of heart defect,2018-10-01,2019-09-30
33722,Repair of heart defect,2018-10-01,2019-09-30
33724,Repair venous anomaly,2018-10-01,2019-09-30
33726,Repair pul venous stenosis,2018-10-01,2019-09-30
33730,Repair heart-vein defect(s),2018-10-01,2019-09-30
33732,Repair heart-vein defect,2018-10-01,2019-09-30
33735,Revision of heart chamber,2018-10-01,2019-09-30
33736,Revision of heart chamber,2018-10-01,2019-09-30
33737,Revision of heart chamber,2018-10-01,2019-09-30
33741,Tas congenital car anomal,2020-10-01,2021-09-30
33745,Tis cgen car anomal 1st shnt,2020-10-01,2021-09-30
33750,Major vessel shunt,2018-10-01,2019-09-30
33755,Major vessel shunt,2018-10-01,2019-09-30
33762,Major vessel shunt,2018-10-01,2019-09-30
33764,Major vessel shunt & graft,2018-10-01,2019-09-30
33766,Major vessel shunt,2018-10-01,2019-09-30
33767,Major vessel shunt,2018-10-01,2019-09-30
33770,Repair great vessels defect,2018-10-01,2019-09-30
33771,Repair great vessels defect,2018-10-01,2019-09-30
33774,Repair great vessels defect,2018-10-01,2019-09-30
33775,Repair great vessels defect,2018-10-01,2019-09-30
33776,Repair great vessels defect,2018-10-01,2019-09-30
33777,Repair great vessels defect,2018-10-01,2019-09-30
33778,Repair great vessels defect,2018-10-01,2019-09-30
33779,Repair great vessels defect,2018-10-01,2019-09-30
33780,Repair great vessels defect,2018-10-01,2019-09-30
33781,Repair great vessels defect,2018-10-01,2019-09-30
33782,Nikaidoh proc,2018-10-01,2019-09-30
33783,Nikaidoh proc w/ostia implt,2018-10-01,2019-09-30
33786,Repair arterial trunk,2018-10-01,2019-09-30
33788,Revision of pulmonary artery,2018-10-01,2019-09-30
33800,Aortic suspension,2018-10-01,2019-09-30
33802,Repair vessel defect,2018-10-01,2019-09-30
33803,Repair vessel defect,2018-10-01,2019-09-30
33813,Repair septal defect,2018-10-01,2019-09-30
33814,Repair septal defect,2018-10-01,2019-09-30
33820,Revise major vessel,2018-10-01,2019-09-30
33822,Revise major vessel,2018-10-01,2019-09-30
33824,Revise major vessel,2018-10-01,2019-09-30
33840,Remove aorta constriction,2018-10-01,2019-09-30
33845,Remove aorta constriction,2018-10-01,2019-09-30
33851,Remove aorta constriction,2018-10-01,2019-09-30
33852,Repair septal defect,2018-10-01,2019-09-30
33853,Repair septal defect,2018-10-01,2019-09-30
33858,As-aort grf f/aortic dsj,2020-10-01,2021-09-30
33859,As-aort grf f/ds oth/thn dsj,2020-10-01,2021-09-30
33860,Ascending aortic graft,2018-10-01,2019-09-30
33863,Ascending aortic graft,2018-10-01,2019-09-30
33864,Ascending aortic graft,2018-10-01,2019-09-30
33870,Transverse aortic arch graft,2018-10-01,2019-09-30
33871,Transvrs a-arch grf hypthrm,2020-10-01,2021-09-30
33875,Thoracic aortic graft,2018-10-01,2019-09-30
33877,Thoracoabdominal graft,2018-10-01,2019-09-30
33880,Endovasc taa repr incl subcl,2018-10-01,2019-09-30
33881,Endovasc taa repr w/o subcl,2018-10-01,2019-09-30
33883,Insert endovasc prosth taa,2018-10-01,2019-09-30
33886,Endovasc prosth delayed,2018-10-01,2019-09-30
33889,Artery transpose/endovas taa,2018-10-01,2019-09-30
33891,Car-car bp grft/endovas taa,2018-10-01,2019-09-30
33894,Evasc st rpr thrc/aa acrs br,2024-10-01,2025-09-30
33895,Evasc st rpr thrc/aa x crsg,2024-10-01,2025-09-30
33897,Perq trluml angp nt/recr coa,2024-10-01,2025-09-30
33900,Perq p-art revsc 1 nm nt uni,2024-10-01,2025-09-30
33901,Perq p-art revsc 1 nm nt bi,2024-10-01,2025-09-30
33902,Perq p-art revsc 1 abnor uni,2024-10-01,2025-09-30
33903,Perq p-art revsc 1 abnor bi,2024-10-01,2025-09-30
33910,Remove lung artery emboli,2018-10-01,2019-09-30
33915,Remove lung artery emboli,2018-10-01,2019-09-30
33916,Surgery of great vessel,2018-10-01,2019-09-30
33917,Repair pulmonary artery,2018-10-01,2019-09-30
33920,Repair pulmonary atresia,2018-10-01,2019-09-30
33922,Transect pulmonary artery,2018-10-01,2019-09-30
33925,Rpr pul art unifocal w/o cpb,2018-10-01,2019-09-30
33926,Repr pul art unifocal w/cpb,2018-10-01,2019-09-30
33927,Impltj tot rplcmt hrt sys,2018-10-01,2019-09-30
33928,Rmvl & rplcmt tot hrt sys,2018-10-01,2019-09-30
33935,Transplantation heart/lung,2018-10-01,2019-09-30
33945,Transplantation of heart,2018-10-01,2019-09-30
33946,Ecmo/ecls initiation venous,2018-10-01,2019-09-30
33947,Ecmo/ecls initiation artery,2018-10-01,2019-09-30
33948,Ecmo/ecls daily mgmt-venous,2018-10-01,2019-09-30
33949,Ecmo/ecls daily mgmt artery,2018-10-01,2019-09-30
33951,Ecmo/ecls insj prph cannula,2018-10-01,2019-09-30
33952,Ecmo/ecls insj prph cannula,2018-10-01,2019-09-30
33953,Ecmo/ecls insj prph cannula,2018-10-01,2019-09-30
33954,Ecmo/ecls insj prph cannula,2018-10-01,2019-09-30
33955,Ecmo/ecls insj ctr cannula,2018-10-01,2019-09-30
33956,Ecmo/ecls insj ctr cannula,2018-10-01,2019-09-30
33957,Ecmo/ecls repos perph cnula,2018-10-01,2019-09-30
33958,Ecmo/ecls repos perph cnula,2018-10-01,2019-09-30
33959,Ecmo/ecls repos perph cnula,2018-10-01,2019-09-30
33962,Ecmo/ecls repos perph cnula,2018-10-01,2019-09-30
33963,Ecmo/ecls repos perph cnula,2018-10-01,2019-09-30
33964,Ecmo/ecls repos perph cnula,2018-10-01,2019-09-30
33965,Ecmo/ecls rmvl perph cannula,2018-10-01,2019-09-30
33966,Ecmo/ecls rmvl prph cannula,2018-10-01,2019-09-30
33967,Insert i-aort percut device,2018-10-01,2019-09-30
33968,Remove aortic assist device,2018-10-01,2019-09-30
33969,Ecmo/ecls rmvl perph cannula,2018-10-01,2019-09-30
33970,Aortic circulation assist,2018-10-01,2019-09-30
33971,Aortic circulation assist,2018-10-01,2019-09-30
33973,Insert balloon device,2018-10-01,2019-09-30
33974,Remove intra-aortic balloon,2018-10-01,2019-09-30
33975,Implant ventricular device,2018-10-01,2019-09-30
33976,Implant ventricular device,2018-10-01,2019-09-30
33977,Remove ventricular device,2018-10-01,2019-09-30
33978,Remove ventricular device,2018-10-01,2019-09-30
33979,Insert intracorporeal device,2018-10-01,2019-09-30
33980,Remove intracorporeal device,2018-10-01,2019-09-30
33981,Replace vad pump ext,2018-10-01,2019-09-30
33982,Replace vad intra w/o bp,2018-10-01,2019-09-30
33983,Replace vad intra w/bp,2018-10-01,2019-09-30
33984,Ecmo/ecls rmvl prph cannula,2018-10-01,2019-09-30
33985,Ecmo/ecls rmvl ctr cannula,2018-10-01,2019-09-30
33986,Ecmo/ecls rmvl ctr cannula,2018-10-01,2019-09-30
33988,Insertion of left heart vent,2018-10-01,2019-09-30
33989,Removal of left heart vent,2018-10-01,2019-09-30
33990,Insert vad artery access,2018-10-01,2019-09-30
33991,Insert vad art&vein access,2018-10-01,2019-09-30
33992,Remove vad different session,2018-10-01,2019-09-30
33993,Reposition vad diff session,2018-10-01,2019-09-30
33995,Insj perq vad r hrt venous,2024-10-01,2025-09-30
33997,Rmvl perq right heart vad,2024-10-01,2025-09-30
33999,Cardiac surgery procedure,2018-10-01,2019-09-30
34001,Removal of artery clot,2018-10-01,2019-09-30
34051,Removal of artery clot,2018-10-01,2019-09-30
34101,Removal of artery clot,2018-10-01,2019-09-30
34111,Removal of arm artery clot,2018-10-01,2019-09-30
34151,Removal of artery clot,2018-10-01,2019-09-30
34201,Removal of artery clot,2018-10-01,2019-09-30
34203,Removal of leg artery clot,2018-10-01,2019-09-30
34401,Removal of vein clot,2018-10-01,2019-09-30
34421,Removal of vein clot,2018-10-01,2019-09-30
34451,Removal of vein clot,2018-10-01,2019-09-30
34471,Removal of vein clot,2018-10-01,2019-09-30
34490,Removal of vein clot,2018-10-01,2019-09-30
34501,Repair valve femoral vein,2018-10-01,2019-09-30
34502,Reconstruct vena cava,2018-10-01,2019-09-30
34510,Transposition of vein valve,2018-10-01,2019-09-30
34520,Cross-over vein graft,2018-10-01,2019-09-30
34530,Leg vein fusion,2018-10-01,2019-09-30
34701,Evasc rpr a-ao ndgft,2018-10-01,2019-09-30
34702,Evasc rpr a-ao ndgft rpt,2018-10-01,2019-09-30
34703,Evasc rpr a-unilac ndgft,2018-10-01,2019-09-30
34704,Evasc rpr a-unilac ndgft rpt,2018-10-01,2019-09-30
34705,Evac rpr a-biiliac ndgft,2018-10-01,2019-09-30
34706,Evasc rpr a-biiliac rpt,2018-10-01,2019-09-30
34707,Evasc rpr ilio-iliac ndgft,2018-10-01,2019-09-30
34708,Evasc rpr ilio-iliac rpt,2018-10-01,2019-09-30
34710,Dlyd plmt xtn prosth 1st vsl,2018-10-01,2019-09-30
34712,Tcat dlvr enhncd fixj dev,2018-10-01,2019-09-30
34718,Evasc rpr n/a a-iliac ndgft,2024-10-01,2025-09-30
34830,Open aortic tube prosth repr,2018-10-01,2019-09-30
34831,Open aortoiliac prosth repr,2018-10-01,2019-09-30
34832,Open aortofemor prosth repr,2018-10-01,2019-09-30
34839,Plnning pt spec fenest graft,2018-10-01,2019-09-30
34841,Endovasc visc aorta 1 graft,2018-10-01,2019-09-30
34842,Endovasc visc aorta 2 graft,2018-10-01,2019-09-30
34843,Endovasc visc aorta 3 graft,2018-10-01,2019-09-30
34844,Endovasc visc aorta 4 graft,2018-10-01,2019-09-30
34845,Visc & infraren abd 1 prosth,2018-10-01,2019-09-30
34846,Visc & infraren abd 2 prosth,2018-10-01,2019-09-30
34847,Visc & infraren abd 3 prosth,2018-10-01,2019-09-30
34848,Visc & infraren abd 4+ prost,2018-10-01,2019-09-30
35001,Repair defect of artery,2018-10-01,2019-09-30
35002,Repair artery rupture neck,2018-10-01,2019-09-30
35005,Repair defect of artery,2018-10-01,2019-09-30
35011,Repair defect of artery,2018-10-01,2019-09-30
35013,Repair artery rupture arm,2018-10-01,2019-09-30
35021,Repair defect of artery,2018-10-01,2019-09-30
35022,Repair artery rupture chest,2018-10-01,2019-09-30
35045,Repair defect of arm artery,2018-10-01,2019-09-30
35081,Repair defect of artery,2018-10-01,2019-09-30
35082,Repair artery rupture aorta,2018-10-01,2019-09-30
35091,Repair defect of artery,2018-10-01,2019-09-30
35092,Repair artery rupture aorta,2018-10-01,2019-09-30
35102,Repair defect of artery,2018-10-01,2019-09-30
35103,Repair artery rupture aorta,2018-10-01,2019-09-30
35111,Repair defect of artery,2018-10-01,2019-09-30
35112,Repair artery rupture spleen,2018-10-01,2019-09-30
35121,Repair defect of artery,2018-10-01,2019-09-30
35122,Repair artery rupture belly,2018-10-01,2019-09-30
35131,Repair defect of artery,2018-10-01,2019-09-30
35132,Repair artery rupture groin,2018-10-01,2019-09-30
35141,Repair defect of artery,2018-10-01,2019-09-30
35142,Repair artery rupture thigh,2018-10-01,2019-09-30
35151,Repair defect of artery,2018-10-01,2019-09-30
35152,Repair ruptd popliteal art,2018-10-01,2019-09-30
35180,Repair blood vessel lesion,2018-10-01,2019-09-30
35182,Repair blood vessel lesion,2018-10-01,2019-09-30
35184,Repair blood vessel lesion,2018-10-01,2019-09-30
35188,Repair blood vessel lesion,2018-10-01,2019-09-30
35189,Repair blood vessel lesion,2018-10-01,2019-09-30
35190,Repair blood vessel lesion,2018-10-01,2019-09-30
35201,Repair blood vessel lesion,2018-10-01,2019-09-30
35206,Repair blood vessel lesion,2018-10-01,2019-09-30
35207,Repair blood vessel lesion,2018-10-01,2019-09-30
35211,Repair blood vessel lesion,2018-10-01,2019-09-30
35216,Repair blood vessel lesion,2018-10-01,2019-09-30
35221,Repair blood vessel lesion,2018-10-01,2019-09-30
35226,Repair blood vessel lesion,2018-10-01,2019-09-30
35231,Repair blood vessel lesion,2018-10-01,2019-09-30
35236,Repair blood vessel lesion,2018-10-01,2019-09-30
35241,Repair blood vessel lesion,2018-10-01,2019-09-30
35246,Repair blood vessel lesion,2018-10-01,2019-09-30
35251,Repair blood vessel lesion,2018-10-01,2019-09-30
35256,Repair blood vessel lesion,2018-10-01,2019-09-30
35261,Repair blood vessel lesion,2018-10-01,2019-09-30
35266,Repair blood vessel lesion,2018-10-01,2019-09-30
35271,Repair blood vessel lesion,2018-10-01,2019-09-30
35276,Repair blood vessel lesion,2018-10-01,2019-09-30
35281,Repair blood vessel lesion,2018-10-01,2019-09-30
35286,Repair blood vessel lesion,2018-10-01,2019-09-30
35301,Rechanneling of artery,2018-10-01,2019-09-30
35302,Rechanneling of artery,2018-10-01,2019-09-30
35303,Rechanneling of artery,2018-10-01,2019-09-30
35304,Rechanneling of artery,2018-10-01,2019-09-30
35305,Rechanneling of artery,2018-10-01,2019-09-30
35311,Rechanneling of artery,2018-10-01,2019-09-30
35321,Rechanneling of artery,2024-10-01,2025-09-30
35331,Rechanneling of artery,2024-10-01,2025-09-30
35341,Rechanneling of artery,2024-10-01,2025-09-30
35351,Rechanneling of artery,2024-10-01,2025-09-30
35355,Rechanneling of artery,2024-10-01,2025-09-30
35361,Rechanneling of artery,2024-10-01,2025-09-30
35363,Rechanneling of artery,2024-10-01,2025-09-30
35371,Rechanneling of artery,2024-10-01,2025-09-30
35372,Rechanneling of artery,2024-10-01,2025-09-30
35501,Art byp grft ipsilat carotid,2024-10-01,2025-09-30
35506,Art byp grft subclav-carotid,2024-10-01,2025-09-30
35508,Art byp grft carotid-vertbrl,2024-10-01,2025-09-30
35509,Art byp grft contral carotid,2024-10-01,2025-09-30
35510,Art byp grft carotid-brchial,2024-10-01,2025-09-30
35511,Art byp grft subclav-subclav,2024-10-01,2025-09-30
35512,Art byp grft subclav-brchial,2024-10-01,2025-09-30
35515,Art byp grft subclav-vertbrl,2024-10-01,2025-09-30
35516,Art byp grft subclav-axilary,2024-10-01,2025-09-30
35518,Art byp grft axillary-axilry,2024-10-01,2025-09-30
35521,Art byp grft axill-femoral,2024-10-01,2025-09-30
35522,Art byp grft axill-brachial,2024-10-01,2025-09-30
35523,Art byp grft brchl-ulnr-rdl,2024-10-01,2025-09-30
35525,Art byp grft brachial-brchl,2024-10-01,2025-09-30
35526,Art byp grft aor/carot/innom,2024-10-01,2025-09-30
35531,Art byp grft aorcel/aormesen,2024-10-01,2025-09-30
35533,Art byp grft axill/fem/fem,2024-10-01,2025-09-30
35535,Art byp grft hepatorenal,2024-10-01,2025-09-30
35536,Art byp grft splenorenal,2024-10-01,2025-09-30
35537,Art byp grft aortoiliac,2024-10-01,2025-09-30
35538,Art byp grft aortobi-iliac,2024-10-01,2025-09-30
35539,Art byp grft aortofemoral,2024-10-01,2025-09-30
35540,Art byp grft aortbifemoral,2024-10-01,2025-09-30
35556,Art byp grft fem-popliteal,2024-10-01,2025-09-30
35558,Art byp grft fem-femoral,2024-10-01,2025-09-30
35560,Art byp grft aortorenal,2024-10-01,2025-09-30
35563,Art byp grft ilioiliac,2024-10-01,2025-09-30
35565,Art byp grft iliofemoral,2024-10-01,2025-09-30
35566,Art byp fem-ant-post tib/prl,2024-10-01,2025-09-30
35570,Art byp tibial-tib/peroneal,2024-10-01,2025-09-30
35571,Art byp pop-tibl-prl-other,2024-10-01,2025-09-30
35583,Vein byp grft fem-popliteal,2024-10-01,2025-09-30
35585,Vein byp fem-tibial peroneal,2024-10-01,2025-09-30
35587,Vein byp pop-tibl peroneal,2024-10-01,2025-09-30
35601,Art byp common ipsi carotid,2024-10-01,2025-09-30
35606,Art byp carotid-subclavian,2024-10-01,2025-09-30
35612,Art byp subclav-subclavian,2024-10-01,2025-09-30
35616,Art byp subclav-axillary,2024-10-01,2025-09-30
35621,Art byp axillary-femoral,2024-10-01,2025-09-30
35623,Art byp axillary-pop-tibial,2024-10-01,2025-09-30
35626,Art byp aorsubcl/carot/innom,2024-10-01,2025-09-30
35631,Art byp aor-celiac-msn-renal,2024-10-01,2025-09-30
35632,Art byp ilio-celiac,2024-10-01,2025-09-30
35633,Art byp ilio-mesenteric,2024-10-01,2025-09-30
35634,Art byp iliorenal,2024-10-01,2025-09-30
35636,Art byp spenorenal,2024-10-01,2025-09-30
35637,Art byp aortoiliac,2024-10-01,2025-09-30
35638,Art byp aortobi-iliac,2024-10-01,2025-09-30
35642,Art byp carotid-vertebral,2024-10-01,2025-09-30
35645,Art byp subclav-vertebrl,2024-10-01,2025-09-30
35646,Art byp aortobifemoral,2024-10-01,2025-09-30
35647,Art byp aortofemoral,2024-10-01,2025-09-30
35650,Art byp axillary-axillary,2024-10-01,2025-09-30
35654,Art byp axill-fem-femoral,2024-10-01,2025-09-30
35656,Art byp femoral-popliteal,2024-10-01,2025-09-30
35661,Art byp femoral-femoral,2024-10-01,2025-09-30
35663,Art byp ilioiliac,2024-10-01,2025-09-30
35665,Art byp iliofemoral,2024-10-01,2025-09-30
35666,Art byp fem-ant-post tib/prl,2024-10-01,2025-09-30
35671,Art byp pop-tibl-prl-other,2024-10-01,2025-09-30
35691,Art trnsposj vertbrl carotid,2024-10-01,2025-09-30
35693,Art trnsposj subclavian,2024-10-01,2025-09-30
35694,Art trnsposj subclav carotid,2024-10-01,2025-09-30
35695,Art trnsposj carotid subclav,2024-10-01,2025-09-30
35701,Expl n/flwd surg neck art,2024-10-01,2025-09-30
35702,Expl n/flwd surg uxtr art,2024-10-01,2025-09-30
35703,Expl n/flwd surg lxtr art,2024-10-01,2025-09-30
35721,Exploration femoral artery,2018-10-01,2019-09-30
35741,Exploration popliteal artery,2018-10-01,2019-09-30
35761,Exploration of artery/vein,2018-10-01,2019-09-30
35800,Explore neck vessels,2024-10-01,2025-09-30
35820,Explore chest vessels,2024-10-01,2025-09-30
35840,Explore abdominal vessels,2024-10-01,2025-09-30
35860,Explore limb vessels,2024-10-01,2025-09-30
35870,Repair vessel graft defect,2024-10-01,2025-09-30
35875,Removal of clot in graft,2024-10-01,2025-09-30
35876,Removal of clot in graft,2024-10-01,2025-09-30
35879,Revise graft w/vein,2024-10-01,2025-09-30
35881,Revise graft w/vein,2024-10-01,2025-09-30
35883,Revj fem anast nonautog grf,2024-10-01,2025-09-30
35884,Revj fem anast autog vn grf,2024-10-01,2025-09-30
35901,Excision graft neck,2024-10-01,2025-09-30
35903,Excision graft extremity,2024-10-01,2025-09-30
35905,Excision graft thorax,2024-10-01,2025-09-30
35907,Excision graft abdomen,2024-10-01,2025-09-30
36000,Place needle in vein,2024-10-01,2025-09-30
36002,Pseudoaneurysm injection trt,2024-10-01,2025-09-30
36010,Place catheter in vein,2024-10-01,2025-09-30
36011,Place catheter in vein,2024-10-01,2025-09-30
36012,Place catheter in vein,2024-10-01,2025-09-30
36013,Place catheter in artery,2024-10-01,2025-09-30
36014,Place catheter in artery,2024-10-01,2025-09-30
36015,Place catheter in artery,2024-10-01,2025-09-30
36100,Establish access to artery,2024-10-01,2025-09-30
36140,Intro ndl icath upr/lxtr art,2024-10-01,2025-09-30
36160,Establish access to aorta,2024-10-01,2025-09-30
36200,Place catheter in aorta,2024-10-01,2025-09-30
36215,Place catheter in artery,2024-10-01,2025-09-30
36216,Place catheter in artery,2024-10-01,2025-09-30
36217,Place catheter in artery,2024-10-01,2025-09-30
36221,Place cath thoracic aorta,2024-10-01,2025-09-30
36222,Place cath carotid/inom art,2024-10-01,2025-09-30
36223,Place cath carotid/inom art,2024-10-01,2025-09-30
36224,Place cath carotd art,2024-10-01,2025-09-30
36225,Place cath subclavian art,2024-10-01,2025-09-30
36226,Place cath vertebral art,2024-10-01,2025-09-30
36245,Ins cath abd/l-ext art 1st,2024-10-01,2025-09-30
36246,Ins cath abd/l-ext art 2nd,2024-10-01,2025-09-30
36247,Ins cath abd/l-ext art 3rd,2024-10-01,2025-09-30
36251,Ins cath ren art 1st unilat,2024-10-01,2025-09-30
36252,Ins cath ren art 1st bilat,2024-10-01,2025-09-30
36253,Ins cath ren art 2nd+ unilat,2024-10-01,2025-09-30
36254,Ins cath ren art 2nd+ bilat,2024-10-01,2025-09-30
36260,Insertion of infusion pump,2024-10-01,2025-09-30
36261,Revision of infusion pump,2024-10-01,2025-09-30
36262,Removal of infusion pump,2024-10-01,2025-09-30
36299,Unlisted px vascular njx,2024-10-01,2025-09-30
36400,Bl draw < 3 yrs fem/jugular,2024-10-01,2025-09-30
36405,Bl draw <3 yrs scalp vein,2024-10-01,2025-09-30
36406,Bl draw <3 yrs other vein,2024-10-01,2025-09-30
36410,Non-routine bl draw 3/> yrs,2024-10-01,2025-09-30
36430,Transfusion bld/bld compnt,2024-10-01,2025-09-30
36440,Bld push tfuj 2 yr/<,2024-10-01,2025-09-30
36450,Bld exchange truj newborn,2024-10-01,2025-09-30
36455,Bld exchange truj oth thn nb,2024-10-01,2025-09-30
36456,Prtl exchange transfuse nb,2024-10-01,2025-09-30
36460,Intrauterine transfusion ftl,2024-10-01,2025-09-30
36465,Njx noncmpnd sclrsnt 1 vein,2024-10-01,2025-09-30
36466,Njx noncmpnd sclrsnt mlt vn,2024-10-01,2025-09-30
36468,Njx sclrsnt spider veins,2024-10-01,2025-09-30
36470,Njx sclrsnt 1 incmptnt vein,2024-10-01,2025-09-30
36471,Njx sclrsnt mlt incmptnt vn,2024-10-01,2025-09-30
36473,Endovenous mchnchem 1st vein,2024-10-01,2025-09-30
36475,Endovenous rf 1st vein,2024-10-01,2025-09-30
36478,Endovenous laser 1st vein,2024-10-01,2025-09-30
36481,Insertion of catheter vein,2024-10-01,2025-09-30
36482,Endoven ther chem adhes 1st,2024-10-01,2025-09-30
36500,Insertion of catheter vein,2024-10-01,2025-09-30
36510,Insertion of catheter vein,2024-10-01,2025-09-30
36511,Apheresis wbc,2024-10-01,2025-09-30
36512,Apheresis rbc,2024-10-01,2025-09-30
36513,Apheresis platelets,2024-10-01,2025-09-30
36514,Apheresis plasma,2024-10-01,2025-09-30
36516,Apheresis immunoads slctv,2024-10-01,2025-09-30
36522,Photopheresis,2024-10-01,2025-09-30
36555,Insert non-tunnel cv cath,2024-10-01,2025-09-30
36556,Insert non-tunnel cv cath,2024-10-01,2025-09-30
36557,Insert tunneled cv cath,2024-10-01,2025-09-30
36558,Insert tunneled cv cath,2024-10-01,2025-09-30
36560,Insert tunneled cv cath,2024-10-01,2025-09-30
36561,Insert tunneled cv cath,2024-10-01,2025-09-30
36563,Insert tunneled cv cath,2024-10-01,2025-09-30
36565,Insert tunneled cv cath,2024-10-01,2025-09-30
36566,Insert tunneled cv cath,2024-10-01,2025-09-30
36568,Insj picc <5 yr w/o imaging,2024-10-01,2025-09-30
36569,Insj picc 5 yr+ w/o imaging,2024-10-01,2025-09-30
36570,Insert picvad cath,2024-10-01,2025-09-30
36571,Insert picvad cath,2024-10-01,2025-09-30
36572,Insj picc rs&i <5 yr,2024-10-01,2025-09-30
36573,Insj picc rs&i 5 yr+,2024-10-01,2025-09-30
36575,Repair tunneled cv cath,2024-10-01,2025-09-30
36576,Repair tunneled cv cath,2024-10-01,2025-09-30
36578,Replace tunneled cv cath,2024-10-01,2025-09-30
36580,Replace cvad cath,2024-10-01,2025-09-30
36581,Replace tunneled cv cath,2024-10-01,2025-09-30
36582,Replace tunneled cv cath,2024-10-01,2025-09-30
36583,Replace tunneled cv cath,2024-10-01,2025-09-30
36584,Compl rplcmt picc rs&i,2024-10-01,2025-09-30
36585,Replace picvad cath,2024-10-01,2025-09-30
36589,Removal tunneled cv cath,2024-10-01,2025-09-30
36590,Removal tunneled cv cath,2024-10-01,2025-09-30
36591,Draw blood off venous device,2024-10-01,2025-09-30
36592,Collect blood from picc,2024-10-01,2025-09-30
36593,Declot vascular device,2024-10-01,2025-09-30
36595,Mech remov tunneled cv cath,2024-10-01,2025-09-30
36596,Mech remov tunneled cv cath,2024-10-01,2025-09-30
36597,Reposition venous catheter,2024-10-01,2025-09-30
36600,Withdrawal of arterial blood,2024-10-01,2025-09-30
36620,Insertion catheter artery,2024-10-01,2025-09-30
36625,Insertion catheter artery,2024-10-01,2025-09-30
36640,Insertion catheter artery,2024-10-01,2025-09-30
36660,Insertion catheter artery,2024-10-01,2025-09-30
36680,Insert needle bone cavity,2024-10-01,2025-09-30
36800,Insertion of cannula,2024-10-01,2025-09-30
36810,Insertion of cannula,2024-10-01,2025-09-30
36815,Insertion of cannula,2024-10-01,2025-09-30
36818,Av fuse uppr arm cephalic,2024-10-01,2025-09-30
36819,Av fuse uppr arm basilic,2024-10-01,2025-09-30
36820,Av fusion/forearm vein,2024-10-01,2025-09-30
36821,Av fusion direct any site,2024-10-01,2025-09-30
36823,Insertion of cannula(s),2024-10-01,2025-09-30
36825,Artery-vein autograft,2024-10-01,2025-09-30
36830,Artery-vein nonautograft,2024-10-01,2025-09-30
36831,Open thrombect av fistula,2024-10-01,2025-09-30
36832,Av fistula revision open,2024-10-01,2025-09-30
36833,Av fistula revision,2024-10-01,2025-09-30
36835,Artery to vein shunt,2024-10-01,2025-09-30
36836,Prq av fstl crtj uxtr 1 acs,2024-10-01,2025-09-30
36837,Prq av fstl crt uxtr sep acs,2024-10-01,2025-09-30
36838,Dist revas ligation hemo,2024-10-01,2025-09-30
36860,External cannula declotting,2024-10-01,2025-09-30
36861,Cannula declotting,2024-10-01,2025-09-30
36902,Intro cath dialysis circuit,2024-10-01,2025-09-30
36903,Intro cath dialysis circuit,2024-10-01,2025-09-30
36904,Thrmbc/nfs dialysis circuit,2024-10-01,2025-09-30
36905,Thrmbc/nfs dialysis circuit,2024-10-01,2025-09-30
36906,Thrmbc/nfs dialysis circuit,2024-10-01,2025-09-30
37140,Revision of circulation,2024-10-01,2025-09-30
37145,Revision of circulation,2024-10-01,2025-09-30
37160,Revision of circulation,2024-10-01,2025-09-30
37180,Revision of circulation,2024-10-01,2025-09-30
37181,Splice spleen/kidney veins,2024-10-01,2025-09-30
37182,Insert hepatic shunt (tips),2024-10-01,2025-09-30
37183,Revision tips,2024-10-01,2025-09-30
37184,Prim art m-thrmbc 1st vsl,2024-10-01,2025-09-30
37187,Venous mech thrombectomy,2024-10-01,2025-09-30
37188,Ven mechnl thrmbc repeat tx,2024-10-01,2025-09-30
37191,Ins endovas vena cava filtr,2024-10-01,2025-09-30
37192,Redo endovas vena cava filtr,2024-10-01,2025-09-30
37193,Rem endovas vena cava filter,2024-10-01,2025-09-30
37195,Thrombolytic therapy stroke,2024-10-01,2025-09-30
37197,Remove intrvas foreign body,2024-10-01,2025-09-30
37211,Thrombolytic art therapy,2024-10-01,2025-09-30
37212,Thrombolytic venous therapy,2024-10-01,2025-09-30
37213,Thromblytic art/ven therapy,2024-10-01,2025-09-30
37214,Cessj therapy cath removal,2024-10-01,2025-09-30
37215,Transcath stent cca w/eps,2024-10-01,2025-09-30
37216,Transcath stent cca w/o eps,2024-10-01,2025-09-30
37217,Stent placemt retro carotid,2024-10-01,2025-09-30
37218,Stent placemt ante carotid,2024-10-01,2025-09-30
37220,Iliac revasc,2024-10-01,2025-09-30
37221,Iliac revasc w/stent,2024-10-01,2025-09-30
37224,Fem/popl revas w/tla,2024-10-01,2025-09-30
37225,Fem/popl revas w/ather,2024-10-01,2025-09-30
37226,Fem/popl revasc w/stent,2024-10-01,2025-09-30
37227,Fem/popl revasc stnt & ather,2024-10-01,2025-09-30
37228,Tib/per revasc w/tla,2024-10-01,2025-09-30
37229,Tib/per revasc w/ather,2024-10-01,2025-09-30
37230,Tib/per revasc w/stent,2024-10-01,2025-09-30
37231,Tib/per revasc stent & ather,2024-10-01,2025-09-30
37236,Open/perq place stent 1st,2024-10-01,2025-09-30
37238,Open/perq place stent same,2024-10-01,2025-09-30
37241,Vasc embolize/occlude venous,2024-10-01,2025-09-30
37242,Vasc embolize/occlude artery,2024-10-01,2025-09-30
37243,Vasc embolize/occlude organ,2024-10-01,2025-09-30
37244,Vasc embolize/occlude bleed,2024-10-01,2025-09-30
37246,Trluml balo angiop 1st art,2024-10-01,2025-09-30
37248,Trluml balo angiop 1st vein,2024-10-01,2025-09-30
37500,Endoscopy ligate perf veins,2024-10-01,2025-09-30
37501,Unlisted vasc endoscopy px,2024-10-01,2025-09-30
37565,Ligation of neck vein,2024-10-01,2025-09-30
37600,Ligation of neck artery,2024-10-01,2025-09-30
37605,Ligation of neck artery,2024-10-01,2025-09-30
37606,Ligation of neck artery,2024-10-01,2025-09-30
37607,Ligation of a-v fistula,2024-10-01,2025-09-30
37609,Temporal artery procedure,2024-10-01,2025-09-30
37615,Ligation of neck artery,2024-10-01,2025-09-30
37616,Ligation of chest artery,2024-10-01,2025-09-30
37617,Ligation of abdomen artery,2024-10-01,2025-09-30
37618,Ligation of extremity artery,2024-10-01,2025-09-30
37619,Ligation of inf vena cava,2024-10-01,2025-09-30
37650,Revision of major vein,2024-10-01,2025-09-30
37660,Revision of major vein,2024-10-01,2025-09-30
37700,Revise leg vein,2024-10-01,2025-09-30
37718,Ligate/strip short leg vein,2024-10-01,2025-09-30
37722,Ligate/strip long leg vein,2024-10-01,2025-09-30
37735,Removal of leg veins/lesion,2024-10-01,2025-09-30
37760,Ligate leg veins radical,2024-10-01,2025-09-30
37761,Ligate leg veins open,2024-10-01,2025-09-30
37765,Stab phleb veins xtr 10-20,2024-10-01,2025-09-30
37766,Phleb veins - extrem 20+,2024-10-01,2025-09-30
37780,Revision of leg vein,2024-10-01,2025-09-30
37785,Ligate/divide/excise vein,2024-10-01,2025-09-30
37788,Revascularization penis,2024-10-01,2025-09-30
37790,Penile venous occlusion,2024-10-01,2025-09-30
37799,Unlisted px vascular surgery,2024-10-01,2025-09-30
38100,Removal of spleen total,2024-10-01,2025-09-30
38101,Removal of spleen partial,2024-10-01,2025-09-30
38115,Repair of ruptured spleen,2024-10-01,2025-09-30
38120,Laparoscopy splenectomy,2024-10-01,2025-09-30
38129,Unlisted laps px spleen,2024-10-01,2025-09-30
38204,Bl donor search management,2024-10-01,2025-09-30
38205,Harvest allogeneic stem cell,2024-10-01,2025-09-30
38206,Harvest auto stem cells,2024-10-01,2025-09-30
38207,Cryopreserve stem cells,2024-10-01,2025-09-30
38208,Thaw preserved stem cells,2024-10-01,2025-09-30
38209,Wash harvest stem cells,2024-10-01,2025-09-30
38210,T-cell depletion of harvest,2024-10-01,2025-09-30
38211,Tumor cell deplete of harvst,2024-10-01,2025-09-30
38212,Rbc depletion of harvest,2024-10-01,2025-09-30
38213,Platelet deplete of harvest,2024-10-01,2025-09-30
38214,Volume deplete of harvest,2024-10-01,2025-09-30
38215,Harvest stem cell concentrte,2024-10-01,2025-09-30
38225,Car-t hrv bld-drv t lymphcyt,2025-10-01,9999-12-31
38228,Car-t admn autologous,2025-10-01,9999-12-31
38230,Bone marrow harvest allogen,2024-10-01,2025-09-30
38232,Bone marrow harvest autolog,2024-10-01,2025-09-30
38240,Transplt allo hct/donor,2024-10-01,2025-09-30
38241,Transplt autol hct/donor,2024-10-01,2025-09-30
38242,Transplt allo lymphocytes,2024-10-01,2025-09-30
38243,Transplj hematopoietic boost,2024-10-01,2025-09-30
38300,Drainage lymph node lesion,2024-10-01,2025-09-30
38305,Drainage lymph node lesion,2024-10-01,2025-09-30
38308,Incision of lymph channels,2024-10-01,2025-09-30
38380,Thoracic duct procedure,2024-10-01,2025-09-30
38381,Thoracic duct procedure,2024-10-01,2025-09-30
38382,Thoracic duct procedure,2024-10-01,2025-09-30
38500,Biopsy/removal lymph nodes,2024-10-01,2025-09-30
38505,Needle biopsy lymph nodes,2024-10-01,2025-09-30
38510,Biopsy/removal lymph nodes,2024-10-01,2025-09-30
38520,Biopsy/removal lymph nodes,2024-10-01,2025-09-30
38525,Biopsy/removal lymph nodes,2024-10-01,2025-09-30
38530,Biopsy/removal lymph nodes,2024-10-01,2025-09-30
38542,Explore deep node(s) neck,2024-10-01,2025-09-30
38550,Removal neck/armpit lesion,2024-10-01,2025-09-30
38555,Removal neck/armpit lesion,2024-10-01,2025-09-30
38562,Removal pelvic lymph nodes,2024-10-01,2025-09-30
38564,Removal abdomen lymph nodes,2024-10-01,2025-09-30
38570,Laparoscopy lymph node biop,2024-10-01,2025-09-30
38571,Laparoscopy lymphadenectomy,2024-10-01,2025-09-30
38572,Laparoscopy lymphadenectomy,2024-10-01,2025-09-30
38573,Laps pelvic lymphadec,2024-10-01,2025-09-30
38589,Unlisted laps px lymphtc sys,2024-10-01,2025-09-30
38700,Removal of lymph nodes neck,2024-10-01,2025-09-30
38720,Removal of lymph nodes neck,2024-10-01,2025-09-30
38724,Removal of lymph nodes neck,2024-10-01,2025-09-30
38740,Remove armpit lymph nodes,2024-10-01,2025-09-30
38745,Remove armpit lymph nodes,2024-10-01,2025-09-30
38760,Remove groin lymph nodes,2024-10-01,2025-09-30
38765,Remove groin lymph nodes,2024-10-01,2025-09-30
38770,Remove pelvis lymph nodes,2024-10-01,2025-09-30
38780,Remove abdomen lymph nodes,2024-10-01,2025-09-30
38794,Access thoracic lymph duct,2024-10-01,2025-09-30
38999,Unlistd px hemic/lymphtc sys,2024-10-01,2025-09-30
39000,Exploration of chest,2024-10-01,2025-09-30
39010,Exploration of chest,2024-10-01,2025-09-30
39200,Resect mediastinal cyst,2024-10-01,2025-09-30
39220,Resect mediastinal tumor,2024-10-01,2025-09-30
39499,Unlisted px mediastinum,2024-10-01,2025-09-30
39501,Repair diaphragm laceration,2024-10-01,2025-09-30
39503,Repair of diaphragm hernia,2024-10-01,2025-09-30
39540,Repair of diaphragm hernia,2024-10-01,2025-09-30
39541,Repair of diaphragm hernia,2024-10-01,2025-09-30
39545,Revision of diaphragm,2024-10-01,2025-09-30
39560,Resect diaphragm simple,2024-10-01,2025-09-30
39561,Resect diaphragm complex,2024-10-01,2025-09-30
39599,Unlisted px diaphragm,2024-10-01,2025-09-30
40500,Partial excision of lip,2024-10-01,2025-09-30
40510,Partial excision of lip,2024-10-01,2025-09-30
40520,Partial excision of lip,2024-10-01,2025-09-30
40525,Reconstruct lip with flap,2024-10-01,2025-09-30
40527,Reconstruct lip with flap,2024-10-01,2025-09-30
40530,Partial removal of lip,2024-10-01,2025-09-30
40650,Rpr lip fth vermilion only,2024-10-01,2025-09-30
40652,Rpr lip fth<half ver height,2024-10-01,2025-09-30
40654,Rpr lip fth>1half ver ht/cpx,2024-10-01,2025-09-30
40700,Repair cleft lip/nasal,2024-10-01,2025-09-30
40701,Repair cleft lip/nasal,2024-10-01,2025-09-30
40702,Repair cleft lip/nasal,2024-10-01,2025-09-30
40720,Repair cleft lip/nasal,2024-10-01,2025-09-30
40761,Repair cleft lip/nasal,2024-10-01,2025-09-30
40799,Unlisted procedure lips,2024-10-01,2025-09-30
40800,Drainage of mouth lesion,2024-10-01,2025-09-30
40801,Drainage of mouth lesion,2024-10-01,2025-09-30
40804,Removal foreign body mouth,2024-10-01,2025-09-30
40805,Removal foreign body mouth,2024-10-01,2025-09-30
40806,Incision of lip fold,2024-10-01,2025-09-30
40810,Excision of mouth lesion,2024-10-01,2025-09-30
40812,Excise/repair mouth lesion,2024-10-01,2025-09-30
40814,Excise/repair mouth lesion,2024-10-01,2025-09-30
40816,Excision of mouth lesion,2018-10-01,2019-09-30
40818,Excise oral mucosa for graft,2018-10-01,2019-09-30
40819,Excise lip or cheek fold,2018-10-01,2019-09-30
40820,Treatment of mouth lesion,2018-10-01,2019-09-30
40830,Repair mouth laceration,2018-10-01,2019-09-30
40831,Repair mouth laceration,2018-10-01,2019-09-30
40840,Reconstruction of mouth,2018-10-01,2019-09-30
40842,Reconstruction of mouth,2018-10-01,2019-09-30
40843,Reconstruction of mouth,2018-10-01,2019-09-30
40844,Reconstruction of mouth,2018-10-01,2019-09-30
40845,Reconstruction of mouth,2018-10-01,2019-09-30
40899,Mouth surgery procedure,2018-10-01,2019-09-30
41000,Drainage of mouth lesion,2018-10-01,2019-09-30
41005,Drainage of mouth lesion,2018-10-01,2019-09-30
41006,Drainage of mouth lesion,2018-10-01,2019-09-30
41007,Drainage of mouth lesion,2018-10-01,2019-09-30
41008,Drainage of mouth lesion,2018-10-01,2019-09-30
41009,Drainage of mouth lesion,2018-10-01,2019-09-30
41010,Incision of tongue fold,2018-10-01,2019-09-30
41015,Drainage of mouth lesion,2018-10-01,2019-09-30
41016,Drainage of mouth lesion,2018-10-01,2019-09-30
41017,Drainage of mouth lesion,2018-10-01,2019-09-30
41018,Drainage of mouth lesion,2018-10-01,2019-09-30
41110,Excision of tongue lesion,2018-10-01,2019-09-30
41112,Excision of tongue lesion,2018-10-01,2019-09-30
41113,Excision of tongue lesion,2018-10-01,2019-09-30
41114,Excision of tongue lesion,2018-10-01,2019-09-30
41115,Excision of tongue fold,2018-10-01,2019-09-30
41116,Excision of mouth lesion,2018-10-01,2019-09-30
41120,Partial removal of tongue,2018-10-01,2019-09-30
41130,Partial removal of tongue,2018-10-01,2019-09-30
41135,Tongue and neck surgery,2018-10-01,2019-09-30
41140,Removal of tongue,2018-10-01,2019-09-30
41145,Tongue removal neck surgery,2018-10-01,2019-09-30
41150,Tongue mouth jaw surgery,2018-10-01,2019-09-30
41153,Tongue mouth neck surgery,2018-10-01,2019-09-30
41155,Tongue jaw & neck surgery,2018-10-01,2019-09-30
41250,Repair tongue laceration,2018-10-01,2019-09-30
41251,Repair tongue laceration,2018-10-01,2019-09-30
41252,Repair tongue laceration,2018-10-01,2019-09-30
41510,Tongue to lip surgery,2018-10-01,2019-09-30
41512,Tongue suspension,2018-10-01,2019-09-30
41520,Reconstruction tongue fold,2018-10-01,2019-09-30
41530,Tongue base vol reduction,2018-10-01,2019-09-30
41599,Tongue and mouth surgery,2018-10-01,2019-09-30
41800,Drainage of gum lesion,2018-10-01,2019-09-30
41805,Removal foreign body gum,2018-10-01,2019-09-30
41806,Removal foreign body jawbone,2018-10-01,2019-09-30
41820,Excision gum each quadrant,2018-10-01,2019-09-30
41821,Excision of gum flap,2018-10-01,2019-09-30
41822,Excision of gum lesion,2018-10-01,2019-09-30
41823,Excision of gum lesion,2018-10-01,2019-09-30
41825,Excision of gum lesion,2018-10-01,2019-09-30
41826,Excision of gum lesion,2018-10-01,2019-09-30
41827,Excision of gum lesion,2018-10-01,2019-09-30
41828,Excision of gum lesion,2018-10-01,2019-09-30
41830,Removal of gum tissue,2018-10-01,2019-09-30
41850,Treatment of gum lesion,2018-10-01,2019-09-30
41870,Gum graft,2018-10-01,2019-09-30
41872,Repair gum,2018-10-01,2019-09-30
41874,Repair tooth socket,2018-10-01,2019-09-30
41899,Dental surgery procedure,2018-10-01,2019-09-30
42000,Drainage mouth roof lesion,2018-10-01,2019-09-30
42104,Excision lesion mouth roof,2018-10-01,2019-09-30
42106,Excision lesion mouth roof,2018-10-01,2019-09-30
42107,Excision lesion mouth roof,2018-10-01,2019-09-30
42120,Remove palate/lesion,2018-10-01,2019-09-30
42140,Excision of uvula,2018-10-01,2019-09-30
42145,Repair palate pharynx/uvula,2018-10-01,2019-09-30
42160,Treatment mouth roof lesion,2018-10-01,2019-09-30
42180,Repair palate,2018-10-01,2019-09-30
42182,Repair palate,2018-10-01,2019-09-30
42200,Reconstruct cleft palate,2018-10-01,2019-09-30
42205,Reconstruct cleft palate,2018-10-01,2019-09-30
42210,Reconstruct cleft palate,2018-10-01,2019-09-30
42215,Reconstruct cleft palate,2018-10-01,2019-09-30
42220,Reconstruct cleft palate,2018-10-01,2019-09-30
42225,Reconstruct cleft palate,2018-10-01,2019-09-30
42226,Lengthening of palate,2018-10-01,2019-09-30
42227,Lengthening of palate,2018-10-01,2019-09-30
42235,Repair palate,2018-10-01,2019-09-30
42260,Repair nose to lip fistula,2018-10-01,2019-09-30
42280,Preparation palate mold,2018-10-01,2019-09-30
42281,Insertion palate prosthesis,2018-10-01,2019-09-30
42299,Palate/uvula surgery,2018-10-01,2019-09-30
42300,Drainage of salivary gland,2018-10-01,2019-09-30
42305,Drainage of salivary gland,2018-10-01,2019-09-30
42310,Drainage of salivary gland,2018-10-01,2019-09-30
42320,Drainage of salivary gland,2018-10-01,2019-09-30
42330,Removal of salivary stone,2018-10-01,2019-09-30
42335,Removal of salivary stone,2018-10-01,2019-09-30
42340,Removal of salivary stone,2018-10-01,2019-09-30
42408,Excision of salivary cyst,2018-10-01,2019-09-30
42409,Drainage of salivary cyst,2018-10-01,2019-09-30
42410,Excise parotid gland/lesion,2018-10-01,2019-09-30
42415,Excise parotid gland/lesion,2018-10-01,2019-09-30
42420,Excise parotid gland/lesion,2018-10-01,2019-09-30
42425,Excise parotid gland/lesion,2018-10-01,2019-09-30
42426,Excise parotid gland/lesion,2018-10-01,2019-09-30
42440,Excise submaxillary gland,2018-10-01,2019-09-30
42450,Excise sublingual gland,2018-10-01,2019-09-30
42500,Repair salivary duct,2018-10-01,2019-09-30
42505,Repair salivary duct,2018-10-01,2019-09-30
42507,Parotid duct diversion,2018-10-01,2019-09-30
42509,Parotid duct diversion,2018-10-01,2019-09-30
42510,Parotid duct diversion,2018-10-01,2019-09-30
42600,Closure of salivary fistula,2018-10-01,2019-09-30
42650,Dilation of salivary duct,2018-10-01,2019-09-30
42660,Dilation of salivary duct,2018-10-01,2019-09-30
42665,Ligation of salivary duct,2018-10-01,2019-09-30
42699,Salivary surgery procedure,2018-10-01,2019-09-30
42700,Drainage of tonsil abscess,2018-10-01,2019-09-30
42720,Drainage of throat abscess,2018-10-01,2019-09-30
42725,Drainage of throat abscess,2018-10-01,2019-09-30
42808,Excise pharynx lesion,2018-10-01,2019-09-30
42809,Remove pharynx foreign body,2018-10-01,2019-09-30
42810,Excision of neck cyst,2018-10-01,2019-09-30
42815,Excision of neck cyst,2018-10-01,2019-09-30
42820,Remove tonsils and adenoids,2018-10-01,2019-09-30
42821,Remove tonsils and adenoids,2018-10-01,2019-09-30
42825,Removal of tonsils,2018-10-01,2019-09-30
42826,Removal of tonsils,2018-10-01,2019-09-30
42830,Removal of adenoids,2018-10-01,2019-09-30
42831,Removal of adenoids,2018-10-01,2019-09-30
42835,Removal of adenoids,2018-10-01,2019-09-30
42836,Removal of adenoids,2018-10-01,2019-09-30
42842,Extensive surgery of throat,2018-10-01,2019-09-30
42844,Extensive surgery of throat,2018-10-01,2019-09-30
42845,Extensive surgery of throat,2018-10-01,2019-09-30
42860,Excision of tonsil tags,2018-10-01,2019-09-30
42870,Excision of lingual tonsil,2018-10-01,2019-09-30
42890,Partial removal of pharynx,2018-10-01,2019-09-30
42892,Revision of pharyngeal walls,2018-10-01,2019-09-30
42894,Revision of pharyngeal walls,2018-10-01,2019-09-30
42900,Repair throat wound,2018-10-01,2019-09-30
42950,Reconstruction of throat,2018-10-01,2019-09-30
42953,Repair throat esophagus,2018-10-01,2019-09-30
42955,Surgical opening of throat,2018-10-01,2019-09-30
42960,Control throat bleeding,2018-10-01,2019-09-30
42961,Control throat bleeding,2018-10-01,2019-09-30
42962,Control throat bleeding,2018-10-01,2019-09-30
42970,Control nose/throat bleeding,2018-10-01,2019-09-30
42971,Control nose/throat bleeding,2018-10-01,2019-09-30
42972,Control nose/throat bleeding,2018-10-01,2019-09-30
42975,Dise eval slp do brth flx dx,2024-10-01,2025-09-30
42999,Throat surgery procedure,2018-10-01,2019-09-30
43020,Incision of esophagus,2018-10-01,2019-09-30
43030,Throat muscle surgery,2018-10-01,2019-09-30
43045,Incision of esophagus,2018-10-01,2019-09-30
43100,Excision of esophagus lesion,2018-10-01,2019-09-30
43101,Excision of esophagus lesion,2018-10-01,2019-09-30
43107,Removal of esophagus,2018-10-01,2019-09-30
43108,Removal of esophagus,2018-10-01,2019-09-30
43112,Esphg tot w/thrcm,2018-10-01,2019-09-30
43113,Removal of esophagus,2018-10-01,2019-09-30
43116,Partial removal of esophagus,2018-10-01,2019-09-30
43117,Partial removal of esophagus,2018-10-01,2019-09-30
43118,Partial removal of esophagus,2018-10-01,2019-09-30
43121,Partial removal of esophagus,2018-10-01,2019-09-30
43122,Partial removal of esophagus,2018-10-01,2019-09-30
43123,Partial removal of esophagus,2018-10-01,2019-09-30
43124,Removal of esophagus,2018-10-01,2019-09-30
43130,Removal of esophagus pouch,2018-10-01,2019-09-30
43135,Removal of esophagus pouch,2018-10-01,2019-09-30
43180,Esophagoscopy rigid trnso,2018-10-01,2019-09-30
43191,Esophagoscopy rigid trnso dx,2018-10-01,2019-09-30
43192,Esophagoscp rig trnso inject,2018-10-01,2019-09-30
43194,Esophagoscp rig trnso rem fb,2018-10-01,2019-09-30
43195,Esophagoscopy rigid balloon,2018-10-01,2019-09-30
43196,Esophagoscp guide wire dilat,2018-10-01,2019-09-30
43197,Esophagoscopy flex dx brush,2018-10-01,2019-09-30
43200,Esophagoscopy flexible brush,2018-10-01,2019-09-30
43201,Esoph scope w/submucous inj,2018-10-01,2019-09-30
43202,Esophagoscopy flex biopsy,2018-10-01,2019-09-30
43204,Esoph scope w/sclerosis inj,2018-10-01,2019-09-30
43205,Esophagus endoscopy/ligation,2018-10-01,2019-09-30
43206,Esoph optical endomicroscopy,2018-10-01,2019-09-30
43210,Egd esophagogastrc fndoplsty,2018-10-01,2019-09-30
43211,Esophagoscop mucosal resect,2018-10-01,2019-09-30
43212,Esophagoscop stent placement,2018-10-01,2019-09-30
43213,Esophagoscopy retro balloon,2018-10-01,2019-09-30
43214,Esophagosc dilate balloon 30,2018-10-01,2019-09-30
43215,Esophagoscopy flex remove fb,2018-10-01,2019-09-30
43216,Esophagoscopy lesion removal,2018-10-01,2019-09-30
43217,Esophagoscopy snare les remv,2018-10-01,2019-09-30
43220,Esophagoscopy balloon <30mm,2018-10-01,2019-09-30
43226,Esoph endoscopy dilation,2018-10-01,2019-09-30
43227,Esophagoscopy control bleed,2018-10-01,2019-09-30
43229,Esophagoscopy lesion ablate,2018-10-01,2019-09-30
43231,Esophagoscop ultrasound exam,2018-10-01,2019-09-30
43232,Esophagoscopy w/us needle bx,2018-10-01,2019-09-30
43233,Egd balloon dil esoph30 mm/>,2018-10-01,2019-09-30
43235,Egd diagnostic brush wash,2018-10-01,2019-09-30
43236,Uppr gi scope w/submuc inj,2018-10-01,2019-09-30
43237,Endoscopic us exam esoph,2018-10-01,2019-09-30
43238,Egd us fine needle bx/aspir,2018-10-01,2019-09-30
43239,Egd biopsy single/multiple,2018-10-01,2019-09-30
43240,Egd w/transmural drain cyst,2018-10-01,2019-09-30
43241,Egd tube/cath insertion,2018-10-01,2019-09-30
43242,Egd us fine needle bx/aspir,2018-10-01,2019-09-30
43243,Egd injection varices,2018-10-01,2019-09-30
43244,Egd varices ligation,2018-10-01,2019-09-30
43245,Egd dilate stricture,2018-10-01,2019-09-30
43246,Egd place gastrostomy tube,2018-10-01,2019-09-30
43247,Egd remove foreign body,2018-10-01,2019-09-30
43248,Egd guide wire insertion,2018-10-01,2019-09-30
43249,Esoph egd dilation <30 mm,2018-10-01,2019-09-30
43250,Egd cautery tumor polyp,2018-10-01,2019-09-30
43251,Egd remove lesion snare,2018-10-01,2019-09-30
43252,Egd optical endomicroscopy,2018-10-01,2019-09-30
43253,Egd us transmural injxn/mark,2018-10-01,2019-09-30
43254,Egd endo mucosal resection,2018-10-01,2019-09-30
43255,Egd control bleeding any,2018-10-01,2019-09-30
43257,Egd w/thrml txmnt gerd,2018-10-01,2019-09-30
43259,Egd us exam duodenum/jejunum,2018-10-01,2019-09-30
43260,Ercp w/specimen collection,2018-10-01,2019-09-30
43261,Endo cholangiopancreatograph,2018-10-01,2019-09-30
43262,Endo cholangiopancreatograph,2018-10-01,2019-09-30
43263,Ercp sphincter pressure meas,2018-10-01,2019-09-30
43264,Ercp remove duct calculi,2018-10-01,2019-09-30
43265,Ercp lithotripsy calculi,2018-10-01,2019-09-30
43266,Egd endoscopic stent place,2018-10-01,2019-09-30
43270,Egd lesion ablation,2018-10-01,2019-09-30
43274,Ercp duct stent placement,2018-10-01,2019-09-30
43275,Ercp remove forgn body duct,2018-10-01,2019-09-30
43276,Ercp stent exchange w/dilate,2018-10-01,2019-09-30
43277,Ercp ea duct/ampulla dilate,2018-10-01,2019-09-30
43278,Ercp lesion ablate w/dilate,2018-10-01,2019-09-30
43279,Lap myotomy heller,2018-10-01,2019-09-30
43280,Laparoscopy fundoplasty,2018-10-01,2019-09-30
43281,Lap paraesophag hern repair,2018-10-01,2019-09-30
43282,Lap paraesoph her rpr w/mesh,2018-10-01,2019-09-30
43284,Laps esophgl sphnctr agmntj,2018-10-01,2019-09-30
43285,Rmvl esophgl sphnctr dev,2018-10-01,2019-09-30
43286,Esphg tot w/laps moblj,2018-10-01,2019-09-30
43287,Esphg dstl 2/3 w/laps moblj,2018-10-01,2019-09-30
43288,Esphg thrsc moblj,2018-10-01,2019-09-30
43289,Laparoscope proc esoph,2018-10-01,2019-09-30
43290,Egd flx trnsorl dplmnt balo,2024-10-01,2025-09-30
43291,Egd flx trnsorl rmvl balo,2024-10-01,2025-09-30
43300,Repair of esophagus,2018-10-01,2019-09-30
43305,Repair esophagus and fistula,2018-10-01,2019-09-30
43310,Repair of esophagus,2018-10-01,2019-09-30
43312,Repair esophagus and fistula,2018-10-01,2019-09-30
43313,Esophagoplasty congenital,2018-10-01,2019-09-30
43314,Tracheo-esophagoplasty cong,2018-10-01,2019-09-30
43320,Fuse esophagus & stomach,2018-10-01,2019-09-30
43325,Revise esophagus & stomach,2018-10-01,2019-09-30
43327,Esoph fundoplasty lap,2018-10-01,2019-09-30
43328,Esoph fundoplasty thor,2018-10-01,2019-09-30
43330,Esophagomyotomy abdominal,2018-10-01,2019-09-30
43331,Esophagomyotomy thoracic,2018-10-01,2019-09-30
43332,Transab esoph hiat hern rpr,2018-10-01,2019-09-30
43333,Transab esoph hiat hern rpr,2018-10-01,2019-09-30
43334,Transthor diaphrag hern rpr,2018-10-01,2019-09-30
43335,Transthor diaphrag hern rpr,2018-10-01,2019-09-30
43336,Thorabd diaphr hern repair,2018-10-01,2019-09-30
43337,Thorabd diaphr hern repair,2018-10-01,2019-09-30
43340,Fuse esophagus & intestine,2018-10-01,2019-09-30
43341,Fuse esophagus & intestine,2018-10-01,2019-09-30
43351,Surgical opening esophagus,2018-10-01,2019-09-30
43352,Surgical opening esophagus,2018-10-01,2019-09-30
43360,Gastrointestinal repair,2018-10-01,2019-09-30
43361,Gastrointestinal repair,2018-10-01,2019-09-30
43400,Ligate esophagus veins,2018-10-01,2019-09-30
43401,Esophagus surgery for veins,2018-10-01,2019-09-30
43405,Ligate/staple esophagus,2018-10-01,2019-09-30
43410,Repair esophagus wound,2018-10-01,2019-09-30
43415,Repair esophagus wound,2018-10-01,2019-09-30
43420,Repair esophagus opening,2018-10-01,2019-09-30
43425,Repair esophagus opening,2018-10-01,2019-09-30
43450,Dilate esophagus 1/mult pass,2018-10-01,2019-09-30
43453,Dilate esophagus,2018-10-01,2019-09-30
43460,Pressure treatment esophagus,2018-10-01,2019-09-30
43496,Free jejunum flap microvasc,2018-10-01,2019-09-30
43497,Transorl lwr esophgl myotomy,2024-10-01,2025-09-30
43499,Esophagus surgery procedure,2018-10-01,2019-09-30
43500,Surgical opening of stomach,2018-10-01,2019-09-30
43501,Surgical repair of stomach,2018-10-01,2019-09-30
43502,Surgical repair of stomach,2018-10-01,2019-09-30
43510,Surgical opening of stomach,2018-10-01,2019-09-30
43520,Incision of pyloric muscle,2018-10-01,2019-09-30
43610,Excision of stomach lesion,2018-10-01,2019-09-30
43611,Excision of stomach lesion,2018-10-01,2019-09-30
43620,Removal of stomach,2018-10-01,2019-09-30
43621,Removal of stomach,2018-10-01,2019-09-30
43622,Removal of stomach,2018-10-01,2019-09-30
43631,Removal of stomach partial,2018-10-01,2019-09-30
43632,Removal of stomach partial,2018-10-01,2019-09-30
43633,Removal of stomach partial,2018-10-01,2019-09-30
43634,Removal of stomach partial,2018-10-01,2019-09-30
43640,Vagotomy & pylorus repair,2018-10-01,2019-09-30
43641,Vagotomy & pylorus repair,2018-10-01,2019-09-30
43644,Lap gastric bypass/roux-en-y,2018-10-01,2019-09-30
43645,Lap gastr bypass incl smll i,2018-10-01,2019-09-30
43647,Lap impl electrode antrum,2018-10-01,2019-09-30
43648,Lap revise/remv eltrd antrum,2018-10-01,2019-09-30
43651,Laparoscopy vagus nerve,2018-10-01,2019-09-30
43652,Laparoscopy vagus nerve,2018-10-01,2019-09-30
43653,Laparoscopy gastrostomy,2018-10-01,2019-09-30
43659,Laparoscope proc stom,2018-10-01,2019-09-30
43752,Nasal/orogastric w/tube plmt,2018-10-01,2019-09-30
43753,Tx gastro intub w/asp,2018-10-01,2019-09-30
43754,Dx gastr intub w/asp spec,2018-10-01,2019-09-30
43755,Dx gastr intub w/asp specs,2018-10-01,2019-09-30
43756,Dx duod intub w/asp spec,2018-10-01,2019-09-30
43757,Dx duod intub w/asp specs,2018-10-01,2019-09-30
43761,Reposition gastrostomy tube,2018-10-01,2019-09-30
43762,Rplc gtube no revj trc,2018-10-01,2019-09-30
43763,Rplc gtube revj gstrst trc,2018-10-01,2019-09-30
43770,Lap place gastr adj device,2018-10-01,2019-09-30
43771,Lap revise gastr adj device,2018-10-01,2019-09-30
43772,Lap rmvl gastr adj device,2018-10-01,2019-09-30
43773,Lap replace gastr adj device,2018-10-01,2019-09-30
43774,Lap rmvl gastr adj all parts,2018-10-01,2019-09-30
43775,Lap sleeve gastrectomy,2018-10-01,2019-09-30
43800,Reconstruction of pylorus,2018-10-01,2019-09-30
43810,Fusion of stomach and bowel,2018-10-01,2019-09-30
43820,Fusion of stomach and bowel,2018-10-01,2019-09-30
43825,Fusion of stomach and bowel,2018-10-01,2019-09-30
43830,Place gastrostomy tube,2018-10-01,2019-09-30
43831,Place gastrostomy tube,2018-10-01,2019-09-30
43832,Place gastrostomy tube,2018-10-01,2019-09-30
43840,Repair of stomach lesion,2018-10-01,2019-09-30
43842,V-band gastroplasty,2018-10-01,2019-09-30
43843,Gastroplasty w/o v-band,2018-10-01,2019-09-30
43845,Gastroplasty duodenal switch,2018-10-01,2019-09-30
43846,Gastric bypass for obesity,2018-10-01,2019-09-30
43847,Gastric bypass incl small i,2018-10-01,2019-09-30
43848,Revision gastroplasty,2018-10-01,2019-09-30
43850,Revise stomach-bowel fusion,2018-10-01,2019-09-30
43855,Revise stomach-bowel fusion,2018-10-01,2019-09-30
43860,Revise stomach-bowel fusion,2018-10-01,2019-09-30
43865,Revise stomach-bowel fusion,2018-10-01,2019-09-30
43870,Repair stomach opening,2018-10-01,2019-09-30
43880,Repair stomach-bowel fistula,2018-10-01,2019-09-30
43881,Impl/redo electrd antrum,2018-10-01,2019-09-30
43882,Revise/remove electrd antrum,2018-10-01,2019-09-30
43886,Revise gastric port open,2018-10-01,2019-09-30
43887,Remove gastric port open,2018-10-01,2019-09-30
43888,Change gastric port open,2018-10-01,2019-09-30
43999,Stomach surgery procedure,2018-10-01,2019-09-30
44005,Freeing of bowel adhesion,2018-10-01,2019-09-30
44010,Incision of small bowel,2018-10-01,2019-09-30
44020,Explore small intestine,2018-10-01,2019-09-30
44021,Decompress small bowel,2018-10-01,2019-09-30
44025,Incision of large bowel,2018-10-01,2019-09-30
44050,Reduce bowel obstruction,2018-10-01,2019-09-30
44055,Correct malrotation of bowel,2018-10-01,2019-09-30
44110,Excise intestine lesion(s),2018-10-01,2019-09-30
44111,Excision of bowel lesion(s),2018-10-01,2019-09-30
44120,Removal of small intestine,2018-10-01,2019-09-30
44125,Removal of small intestine,2018-10-01,2019-09-30
44126,Enterectomy w/o taper cong,2018-10-01,2019-09-30
44127,Enterectomy w/taper cong,2018-10-01,2019-09-30
44130,Bowel to bowel fusion,2018-10-01,2019-09-30
44133,Enterectomy live donor,2018-10-01,2019-09-30
44135,Intestine transplnt cadaver,2018-10-01,2019-09-30
44136,Intestine transplant live,2018-10-01,2019-09-30
44137,Remove intestinal allograft,2018-10-01,2019-09-30
44140,Partial removal of colon,2018-10-01,2019-09-30
44141,Partial removal of colon,2018-10-01,2019-09-30
44143,Partial removal of colon,2018-10-01,2019-09-30
44144,Partial removal of colon,2018-10-01,2019-09-30
44145,Partial removal of colon,2018-10-01,2019-09-30
44146,Partial removal of colon,2018-10-01,2019-09-30
44147,Partial removal of colon,2018-10-01,2019-09-30
44150,Removal of colon,2018-10-01,2019-09-30
44151,Removal of colon/ileostomy,2018-10-01,2019-09-30
44155,Removal of colon/ileostomy,2018-10-01,2019-09-30
44156,Removal of colon/ileostomy,2018-10-01,2019-09-30
44157,Colectomy w/ileoanal anast,2018-10-01,2019-09-30
44158,Colectomy w/neo-rectum pouch,2018-10-01,2019-09-30
44160,Removal of colon,2018-10-01,2019-09-30
44180,Lap enterolysis,2018-10-01,2019-09-30
44186,Lap jejunostomy,2018-10-01,2019-09-30
44187,Lap ileo/jejuno-stomy,2018-10-01,2019-09-30
44188,Lap colostomy,2018-10-01,2019-09-30
44202,Lap enterectomy,2018-10-01,2019-09-30
44204,Laparo partial colectomy,2018-10-01,2019-09-30
44205,Lap colectomy part w/ileum,2018-10-01,2019-09-30
44206,Lap part colectomy w/stoma,2018-10-01,2019-09-30
44207,L colectomy/coloproctostomy,2018-10-01,2019-09-30
44208,L colectomy/coloproctostomy,2018-10-01,2019-09-30
44210,Laparo total proctocolectomy,2018-10-01,2019-09-30
44211,Lap colectomy w/proctectomy,2018-10-01,2019-09-30
44212,Laparo total proctocolectomy,2018-10-01,2019-09-30
44227,Lap close enterostomy,2018-10-01,2019-09-30
44238,Laparoscope proc intestine,2018-10-01,2019-09-30
44300,Open bowel to skin,2018-10-01,2019-09-30
44310,Ileostomy/jejunostomy,2018-10-01,2019-09-30
44312,Revision of ileostomy,2018-10-01,2019-09-30
44314,Revision of ileostomy,2018-10-01,2019-09-30
44316,Devise bowel pouch,2018-10-01,2019-09-30
44320,Colostomy,2018-10-01,2019-09-30
44322,Colostomy with biopsies,2018-10-01,2019-09-30
44340,Revision of colostomy,2018-10-01,2019-09-30
44345,Revision of colostomy,2018-10-01,2019-09-30
44346,Revision of colostomy,2018-10-01,2019-09-30
44360,Small bowel endoscopy,2018-10-01,2019-09-30
44361,Small bowel endoscopy/biopsy,2018-10-01,2019-09-30
44363,Small bowel endoscopy,2018-10-01,2019-09-30
44364,Small bowel endoscopy,2018-10-01,2019-09-30
44365,Small bowel endoscopy,2018-10-01,2019-09-30
44366,Small bowel endoscopy,2018-10-01,2019-09-30
44369,Small bowel endoscopy,2018-10-01,2019-09-30
44370,Small bowel endoscopy/stent,2018-10-01,2019-09-30
44372,Small bowel endoscopy,2018-10-01,2019-09-30
44373,Small bowel endoscopy,2018-10-01,2019-09-30
44376,Small bowel endoscopy,2018-10-01,2019-09-30
44377,Small bowel endoscopy/biopsy,2018-10-01,2019-09-30
44378,Small bowel endoscopy,2018-10-01,2019-09-30
44379,S bowel endoscope w/stent,2018-10-01,2019-09-30
44380,Small bowel endoscopy br/wa,2018-10-01,2019-09-30
44381,Small bowel endoscopy br/wa,2018-10-01,2019-09-30
44382,Small bowel endoscopy,2018-10-01,2019-09-30
44384,Small bowel endoscopy,2018-10-01,2019-09-30
44385,Endoscopy of bowel pouch,2018-10-01,2019-09-30
44386,Endoscopy bowel pouch/biop,2018-10-01,2019-09-30
44388,Colonoscopy thru stoma spx,2018-10-01,2019-09-30
44389,Colonoscopy with biopsy,2018-10-01,2019-09-30
44390,Colonoscopy for foreign body,2018-10-01,2019-09-30
44391,Colonoscopy for bleeding,2018-10-01,2019-09-30
44392,Colonoscopy & polypectomy,2018-10-01,2019-09-30
44394,Colonoscopy w/snare,2018-10-01,2019-09-30
44401,Colonoscopy with ablation,2018-10-01,2019-09-30
44402,Colonoscopy w/stent plcmt,2018-10-01,2019-09-30
44403,Colonoscopy w/resection,2018-10-01,2019-09-30
44404,Colonoscopy w/injection,2018-10-01,2019-09-30
44405,Colonoscopy w/dilation,2018-10-01,2019-09-30
44406,Colonoscopy w/ultrasound,2018-10-01,2019-09-30
44407,Colonoscopy w/ndl aspir/bx,2018-10-01,2019-09-30
44408,Colonoscopy w/decompression,2018-10-01,2019-09-30
44500,Intro gastrointestinal tube,2018-10-01,2019-09-30
44602,Suture small intestine,2018-10-01,2019-09-30
44603,Suture small intestine,2018-10-01,2019-09-30
44604,Suture large intestine,2018-10-01,2019-09-30
44605,Repair of bowel lesion,2018-10-01,2019-09-30
44615,Intestinal stricturoplasty,2018-10-01,2019-09-30
44620,Repair bowel opening,2018-10-01,2019-09-30
44625,Repair bowel opening,2018-10-01,2019-09-30
44626,Repair bowel opening,2018-10-01,2019-09-30
44640,Repair bowel-skin fistula,2018-10-01,2019-09-30
44650,Repair bowel fistula,2018-10-01,2019-09-30
44660,Repair bowel-bladder fistula,2018-10-01,2019-09-30
44661,Repair bowel-bladder fistula,2018-10-01,2019-09-30
44680,Surgical revision intestine,2018-10-01,2019-09-30
44700,Suspend bowel w/prosthesis,2018-10-01,2019-09-30
44799,Unlisted px small intestine,2018-10-01,2019-09-30
44800,Excision of bowel pouch,2018-10-01,2019-09-30
44820,Excision of mesentery lesion,2018-10-01,2019-09-30
44850,Repair of mesentery,2018-10-01,2019-09-30
44899,Bowel surgery procedure,2018-10-01,2019-09-30
44900,Drain appendix abscess open,2018-10-01,2019-09-30
44950,Appendectomy,2018-10-01,2019-09-30
44960,Appendectomy,2018-10-01,2019-09-30
44970,Laparoscopy appendectomy,2018-10-01,2019-09-30
44979,Laparoscope proc app,2018-10-01,2019-09-30
45000,Drainage of pelvic abscess,2018-10-01,2019-09-30
45005,Drainage of rectal abscess,2018-10-01,2019-09-30
45020,Drainage of rectal abscess,2018-10-01,2019-09-30
45108,Removal of anorectal lesion,2018-10-01,2019-09-30
45110,Removal of rectum,2018-10-01,2019-09-30
45111,Partial removal of rectum,2018-10-01,2019-09-30
45112,Removal of rectum,2018-10-01,2019-09-30
45113,Partial proctectomy,2018-10-01,2019-09-30
45114,Partial removal of rectum,2018-10-01,2019-09-30
45116,Partial removal of rectum,2018-10-01,2019-09-30
45119,Remove rectum w/reservoir,2018-10-01,2019-09-30
45120,Removal of rectum,2018-10-01,2019-09-30
45121,Removal of rectum and colon,2018-10-01,2019-09-30
45123,Partial proctectomy,2018-10-01,2019-09-30
45126,Pelvic exenteration,2018-10-01,2019-09-30
45130,Excision of rectal prolapse,2018-10-01,2019-09-30
45135,Excision of rectal prolapse,2018-10-01,2019-09-30
45136,Excise ileoanal reservior,2018-10-01,2019-09-30
45150,Excision of rectal stricture,2018-10-01,2019-09-30
45160,Excision of rectal lesion,2018-10-01,2019-09-30
45171,Exc rect tum transanal part,2018-10-01,2019-09-30
45172,Exc rect tum transanal full,2018-10-01,2019-09-30
45190,Destruction rectal tumor,2018-10-01,2019-09-30
45300,Proctosigmoidoscopy dx,2018-10-01,2019-09-30
45303,Proctosigmoidoscopy dilate,2018-10-01,2019-09-30
45305,Proctosigmoidoscopy w/bx,2018-10-01,2019-09-30
45307,Proctosigmoidoscopy fb,2018-10-01,2019-09-30
45308,Proctosigmoidoscopy removal,2018-10-01,2019-09-30
45309,Proctosigmoidoscopy removal,2018-10-01,2019-09-30
45315,Proctosigmoidoscopy removal,2018-10-01,2019-09-30
45317,Proctosigmoidoscopy bleed,2018-10-01,2019-09-30
45320,Proctosigmoidoscopy ablate,2018-10-01,2019-09-30
45321,Proctosigmoidoscopy volvul,2018-10-01,2019-09-30
45327,Proctosigmoidoscopy w/stent,2018-10-01,2019-09-30
45330,Diagnostic sigmoidoscopy,2018-10-01,2019-09-30
45331,Sigmoidoscopy and biopsy,2018-10-01,2019-09-30
45332,Sigmoidoscopy w/fb removal,2018-10-01,2019-09-30
45333,Sigmoidoscopy & polypectomy,2018-10-01,2019-09-30
45334,Sigmoidoscopy for bleeding,2018-10-01,2019-09-30
45335,Sigmoidoscopy w/submuc inj,2018-10-01,2019-09-30
45337,Sigmoidoscopy & decompress,2018-10-01,2019-09-30
45338,Sigmoidoscopy w/tumr remove,2018-10-01,2019-09-30
45340,Sig w/tndsc balloon dilation,2018-10-01,2019-09-30
45341,Sigmoidoscopy w/ultrasound,2018-10-01,2019-09-30
45342,Sigmoidoscopy w/us guide bx,2018-10-01,2019-09-30
45346,Sigmoidoscopy w/ablation,2018-10-01,2019-09-30
45347,Sigmoidoscopy w/plcmt stent,2018-10-01,2019-09-30
45349,Sigmoidoscopy w/resection,2018-10-01,2019-09-30
45350,Sgmdsc w/band ligation,2018-10-01,2019-09-30
45378,Diagnostic colonoscopy,2018-10-01,2019-09-30
45379,Colonoscopy w/fb removal,2018-10-01,2019-09-30
45380,Colonoscopy and biopsy,2018-10-01,2019-09-30
45381,Colonoscopy submucous njx,2018-10-01,2019-09-30
45382,Colonoscopy w/control bleed,2018-10-01,2019-09-30
45384,Colonoscopy w/lesion removal,2018-10-01,2019-09-30
45385,Colonoscopy w/lesion removal,2018-10-01,2019-09-30
45386,Colonoscopy w/balloon dilat,2018-10-01,2019-09-30
45388,Colonoscopy w/ablation,2018-10-01,2019-09-30
45389,Colonoscopy w/stent plcmt,2018-10-01,2019-09-30
45390,Colonoscopy w/resection,2018-10-01,2019-09-30
45391,Colonoscopy w/endoscope us,2018-10-01,2019-09-30
45392,Colonoscopy w/endoscopic fnb,2018-10-01,2019-09-30
45393,Colonoscopy w/decompression,2018-10-01,2019-09-30
45395,Lap removal of rectum,2018-10-01,2019-09-30
45397,Lap remove rectum w/pouch,2018-10-01,2019-09-30
45398,Colonoscopy w/band ligation,2018-10-01,2019-09-30
45399,Unlisted procedure colon,2018-10-01,2019-09-30
45400,Laparoscopic proc,2018-10-01,2019-09-30
45402,Lap proctopexy w/sig resect,2018-10-01,2019-09-30
45499,Laparoscope proc rectum,2018-10-01,2019-09-30
45500,Repair of rectum,2018-10-01,2019-09-30
45505,Repair of rectum,2018-10-01,2019-09-30
45520,Treatment of rectal prolapse,2018-10-01,2019-09-30
45540,Correct rectal prolapse,2018-10-01,2019-09-30
45541,Correct rectal prolapse,2018-10-01,2019-09-30
45550,Repair rectum/remove sigmoid,2018-10-01,2019-09-30
45560,Repair of rectocele,2018-10-01,2019-09-30
45562,Exploration/repair of rectum,2018-10-01,2019-09-30
45563,Exploration/repair of rectum,2018-10-01,2019-09-30
45800,Repair rect/bladder fistula,2018-10-01,2019-09-30
45805,Repair fistula w/colostomy,2018-10-01,2019-09-30
45820,Repair rectourethral fistula,2018-10-01,2019-09-30
45825,Repair fistula w/colostomy,2018-10-01,2019-09-30
45900,Reduction of rectal prolapse,2018-10-01,2019-09-30
45905,Dilation of anal sphincter,2018-10-01,2019-09-30
45910,Dilation of rectal narrowing,2018-10-01,2019-09-30
45915,Remove rectal obstruction,2018-10-01,2019-09-30
45990,Surg dx exam anorectal,2018-10-01,2019-09-30
45999,Rectum surgery procedure,2018-10-01,2019-09-30
46020,Placement of seton,2018-10-01,2019-09-30
46030,Removal of rectal marker,2018-10-01,2019-09-30
46040,Incision of rectal abscess,2018-10-01,2019-09-30
46045,Incision of rectal abscess,2018-10-01,2019-09-30
46050,Incision of anal abscess,2018-10-01,2019-09-30
46060,Incision of rectal abscess,2018-10-01,2019-09-30
46070,Incision of anal septum,2018-10-01,2019-09-30
46080,Incision of anal sphincter,2018-10-01,2019-09-30
46083,Incise external hemorrhoid,2018-10-01,2019-09-30
46200,Removal of anal fissure,2018-10-01,2019-09-30
46220,Excise anal ext tag/papilla,2018-10-01,2019-09-30
46221,Ligation of hemorrhoid(s),2018-10-01,2019-09-30
46230,Removal of anal tags,2018-10-01,2019-09-30
46250,Remove ext hem groups 2+,2018-10-01,2019-09-30
46255,Remove int/ext hem 1 group,2018-10-01,2019-09-30
46257,Remove in/ex hem grp & fiss,2018-10-01,2019-09-30
46258,Remove in/ex hem grp w/fistu,2018-10-01,2019-09-30
46260,Remove in/ex hem groups 2+,2018-10-01,2019-09-30
46261,Remove in/ex hem grps & fiss,2018-10-01,2019-09-30
46262,Remove in/ex hem grps w/fist,2018-10-01,2019-09-30
46270,Remove anal fist subq,2018-10-01,2019-09-30
46275,Remove anal fist inter,2018-10-01,2019-09-30
46280,Remove anal fist complex,2018-10-01,2019-09-30
46285,Remove anal fist 2 stage,2018-10-01,2019-09-30
46288,Repair anal fistula,2018-10-01,2019-09-30
46320,Removal of hemorrhoid clot,2018-10-01,2019-09-30
46500,Injection into hemorrhoid(s),2018-10-01,2019-09-30
46505,Chemodenervation anal musc,2018-10-01,2019-09-30
46600,Diagnostic anoscopy spx,2018-10-01,2019-09-30
46601,Diagnostic anoscopy,2018-10-01,2019-09-30
46604,Anoscopy and dilation,2018-10-01,2019-09-30
46606,Anoscopy and biopsy,2018-10-01,2019-09-30
46607,Diagnostic anoscopy & biopsy,2018-10-01,2019-09-30
46608,Anoscopy remove for body,2018-10-01,2019-09-30
46610,Anoscopy remove lesion,2018-10-01,2019-09-30
46611,Anoscopy,2018-10-01,2019-09-30
46612,Anoscopy remove lesions,2018-10-01,2019-09-30
46614,Anoscopy control bleeding,2018-10-01,2019-09-30
46615,Anoscopy,2018-10-01,2019-09-30
46700,Repair of anal stricture,2018-10-01,2019-09-30
46705,Repair of anal stricture,2018-10-01,2019-09-30
46706,Repr of anal fistula w/glue,2018-10-01,2019-09-30
46707,Repair anorectal fist w/plug,2018-10-01,2019-09-30
46710,Repr per/vag pouch sngl proc,2018-10-01,2019-09-30
46712,Repr per/vag pouch dbl proc,2018-10-01,2019-09-30
46715,Rep perf anoper fistu,2018-10-01,2019-09-30
46716,Rep perf anoper/vestib fistu,2018-10-01,2019-09-30
46730,Construction of absent anus,2018-10-01,2019-09-30
46735,Construction of absent anus,2018-10-01,2019-09-30
46740,Construction of absent anus,2018-10-01,2019-09-30
46742,Repair of imperforated anus,2018-10-01,2019-09-30
46744,Repair of cloacal anomaly,2018-10-01,2019-09-30
46746,Repair of cloacal anomaly,2018-10-01,2019-09-30
46748,Repair of cloacal anomaly,2018-10-01,2019-09-30
46750,Repair of anal sphincter,2018-10-01,2019-09-30
46751,Repair of anal sphincter,2018-10-01,2019-09-30
46753,Reconstruction of anus,2018-10-01,2019-09-30
46754,Removal of suture from anus,2018-10-01,2019-09-30
46760,Repair of anal sphincter,2018-10-01,2019-09-30
46761,Repair of anal sphincter,2018-10-01,2019-09-30
46900,Destruction anal lesion(s),2018-10-01,2019-09-30
46910,Destruction anal lesion(s),2018-10-01,2019-09-30
46916,Cryosurgery anal lesion(s),2018-10-01,2019-09-30
46917,Laser surgery anal lesions,2018-10-01,2019-09-30
46922,Excision of anal lesion(s),2018-10-01,2019-09-30
46924,Destruction anal lesion(s),2018-10-01,2019-09-30
46930,Destroy internal hemorrhoids,2018-10-01,2019-09-30
46940,Treatment of anal fissure,2018-10-01,2019-09-30
46942,Treatment of anal fissure,2018-10-01,2019-09-30
46945,Remove by ligat int hem grp,2018-10-01,2019-09-30
46946,Remove by ligat int hem grps,2018-10-01,2019-09-30
46947,Hemorrhoidopexy by stapling,2018-10-01,2019-09-30
46948,Int hrhc tranal dartlzj 2+,2024-10-01,2025-09-30
46999,Anus surgery procedure,2018-10-01,2019-09-30
47010,Open drainage liver lesion,2018-10-01,2019-09-30
47015,Inject/aspirate liver cyst,2018-10-01,2019-09-30
47120,Partial removal of liver,2018-10-01,2019-09-30
47122,Extensive removal of liver,2018-10-01,2019-09-30
47125,Partial removal of liver,2018-10-01,2019-09-30
47130,Partial removal of liver,2018-10-01,2019-09-30
47135,Transplantation of liver,2018-10-01,2019-09-30
47140,Partial removal donor liver,2018-10-01,2019-09-30
47141,Partial removal donor liver,2018-10-01,2019-09-30
47142,Partial removal donor liver,2018-10-01,2019-09-30
47143,Prep donor liver whole,2018-10-01,2019-09-30
47300,Surgery for liver lesion,2018-10-01,2019-09-30
47350,Repair liver wound,2018-10-01,2019-09-30
47360,Repair liver wound,2018-10-01,2019-09-30
47361,Repair liver wound,2018-10-01,2019-09-30
47362,Repair liver wound,2018-10-01,2019-09-30
47370,Laparo ablate liver tumor rf,2018-10-01,2019-09-30
47371,Laparo ablate liver cryosurg,2018-10-01,2019-09-30
47379,Laparoscope procedure liver,2018-10-01,2019-09-30
47380,Open ablate liver tumor rf,2018-10-01,2019-09-30
47381,Open ablate liver tumor cryo,2018-10-01,2019-09-30
47382,Percut ablate liver rf,2018-10-01,2019-09-30
47383,Perq abltj lvr cryoablation,2018-10-01,2019-09-30
47399,Liver surgery procedure,2018-10-01,2019-09-30
47400,Incision of liver duct,2018-10-01,2019-09-30
47420,Incision of bile duct,2018-10-01,2019-09-30
47425,Incision of bile duct,2018-10-01,2019-09-30
47460,Incise bile duct sphincter,2018-10-01,2019-09-30
47480,Incision of gallbladder,2018-10-01,2019-09-30
47490,Incision of gallbladder,2018-10-01,2019-09-30
47533,Plmt biliary drainage cath,2018-10-01,2019-09-30
47534,Plmt biliary drainage cath,2018-10-01,2019-09-30
47535,Conversion ext bil drg cath,2018-10-01,2019-09-30
47536,Exchange biliary drg cath,2018-10-01,2019-09-30
47537,Removal biliary drg cath,2018-10-01,2019-09-30
47538,Perq plmt bile duct stent,2018-10-01,2019-09-30
47539,Perq plmt bile duct stent,2018-10-01,2019-09-30
47540,Perq plmt bile duct stent,2018-10-01,2019-09-30
47552,Biliary endo perq dx w/speci,2018-10-01,2019-09-30
47553,Biliary endoscopy thru skin,2018-10-01,2019-09-30
47554,Biliary endoscopy thru skin,2018-10-01,2019-09-30
47555,Biliary endoscopy thru skin,2018-10-01,2019-09-30
47556,Biliary endoscopy thru skin,2018-10-01,2019-09-30
47562,Laparoscopic cholecystectomy,2018-10-01,2019-09-30
47563,Laparo cholecystectomy/graph,2018-10-01,2019-09-30
47564,Laparo cholecystectomy/explr,2018-10-01,2019-09-30
47570,Laparo cholecystoenterostomy,2018-10-01,2019-09-30
47579,Laparoscope proc biliary,2018-10-01,2019-09-30
47600,Removal of gallbladder,2018-10-01,2019-09-30
47605,Removal of gallbladder,2018-10-01,2019-09-30
47610,Removal of gallbladder,2018-10-01,2019-09-30
47612,Removal of gallbladder,2018-10-01,2019-09-30
47620,Removal of gallbladder,2018-10-01,2019-09-30
47700,Exploration of bile ducts,2018-10-01,2019-09-30
47701,Bile duct revision,2018-10-01,2019-09-30
47711,Excision of bile duct tumor,2018-10-01,2019-09-30
47712,Excision of bile duct tumor,2018-10-01,2019-09-30
47715,Excision of bile duct cyst,2018-10-01,2019-09-30
47720,Fuse gallbladder & bowel,2018-10-01,2019-09-30
47721,Fuse upper gi structures,2018-10-01,2019-09-30
47740,Fuse gallbladder & bowel,2018-10-01,2019-09-30
47741,Fuse gallbladder & bowel,2018-10-01,2019-09-30
47760,Fuse bile ducts and bowel,2018-10-01,2019-09-30
47765,Fuse liver ducts & bowel,2018-10-01,2019-09-30
47780,Fuse bile ducts and bowel,2018-10-01,2019-09-30
47785,Fuse bile ducts and bowel,2018-10-01,2019-09-30
47800,Reconstruction of bile ducts,2018-10-01,2019-09-30
47801,Placement bile duct support,2018-10-01,2019-09-30
47802,Fuse liver duct & intestine,2018-10-01,2019-09-30
47900,Suture bile duct injury,2018-10-01,2019-09-30
47999,Bile tract surgery procedure,2018-10-01,2019-09-30
48000,Drainage of abdomen,2018-10-01,2019-09-30
48001,Placement of drain pancreas,2018-10-01,2019-09-30
48020,Removal of pancreatic stone,2018-10-01,2019-09-30
48105,Resect/debride pancreas,2018-10-01,2019-09-30
48120,Removal of pancreas lesion,2018-10-01,2019-09-30
48140,Partial removal of pancreas,2018-10-01,2019-09-30
48145,Partial removal of pancreas,2018-10-01,2019-09-30
48146,Pancreatectomy,2018-10-01,2019-09-30
48148,Removal of pancreatic duct,2018-10-01,2019-09-30
48150,Partial removal of pancreas,2018-10-01,2019-09-30
48152,Pancreatectomy,2018-10-01,2019-09-30
48153,Pancreatectomy,2018-10-01,2019-09-30
48154,Pancreatectomy,2018-10-01,2019-09-30
48155,Removal of pancreas,2018-10-01,2019-09-30
48160,Pancreas removal/transplant,2018-10-01,2019-09-30
48500,Surgery of pancreatic cyst,2018-10-01,2019-09-30
48510,Drain pancreatic pseudocyst,2018-10-01,2019-09-30
48520,Fuse pancreas cyst and bowel,2018-10-01,2019-09-30
48540,Fuse pancreas cyst and bowel,2018-10-01,2019-09-30
48545,Pancreatorrhaphy,2018-10-01,2019-09-30
48547,Duodenal exclusion,2018-10-01,2019-09-30
48548,Fuse pancreas and bowel,2018-10-01,2019-09-30
48554,Transpl allograft pancreas,2018-10-01,2019-09-30
48556,Removal allograft pancreas,2018-10-01,2019-09-30
48999,Pancreas surgery procedure,2018-10-01,2019-09-30
49000,Exploration of abdomen,2018-10-01,2019-09-30
49002,Reopening of abdomen,2018-10-01,2019-09-30
49010,Exploration behind abdomen,2018-10-01,2019-09-30
49013,Prpertl pel pack hemrrg trma,2024-10-01,2025-09-30
49014,Reexploration pelvic wound,2024-10-01,2025-09-30
49020,Drainage abdom abscess open,2018-10-01,2019-09-30
49040,Drain open abdom abscess,2018-10-01,2019-09-30
49060,Drain open retroperi abscess,2018-10-01,2019-09-30
49062,Drain to peritoneal cavity,2018-10-01,2019-09-30
49082,Abd paracentesis,2018-10-01,2019-09-30
49083,Abd paracentesis w/imaging,2018-10-01,2019-09-30
49084,Peritoneal lavage,2018-10-01,2019-09-30
49185,Sclerotx fluid collection,2018-10-01,2019-09-30
49186,Opn exc/dstr ntra-abd 5 cm/<,2025-10-01,9999-12-31
49187,Opn exc/dstr ntra-abd 5.1-10,2025-10-01,9999-12-31
49188,Opn exc/dst ntra-abd 10.1-20,2025-10-01,9999-12-31
49189,Opn exc/dst ntra-abd 20.1-30,2025-10-01,9999-12-31
49190,Opn exc/dstr ntra-abd >30 cm,2025-10-01,9999-12-31
49203,Exc abd tum 5 cm or less,2018-10-01,2019-09-30
49204,Exc abd tum over 5 cm,2018-10-01,2019-09-30
49205,Exc abd tum over 10 cm,2018-10-01,2019-09-30
49215,Excise sacral spine tumor,2018-10-01,2019-09-30
49220,Multiple surgery abdomen,2018-10-01,2019-09-30
49250,Excision of umbilicus,2018-10-01,2019-09-30
49255,Removal of omentum,2018-10-01,2019-09-30
49320,Diag laparo separate proc,2018-10-01,2019-09-30
49321,Laparoscopy biopsy,2018-10-01,2019-09-30
49322,Laparoscopy aspiration,2018-10-01,2019-09-30
49323,Laparo drain lymphocele,2018-10-01,2019-09-30
49324,Lap insert tunnel ip cath,2018-10-01,2019-09-30
49325,Lap revision perm ip cath,2018-10-01,2019-09-30
49329,Laparo proc abdm/per/oment,2018-10-01,2019-09-30
49402,Remove foreign body adbomen,2018-10-01,2019-09-30
49405,Image cath fluid colxn visc,2018-10-01,2019-09-30
49406,Image cath fluid peri/retro,2018-10-01,2019-09-30
49407,Image cath fluid trns/vgnl,2018-10-01,2019-09-30
49418,Insert tun ip cath perc,2018-10-01,2019-09-30
49419,Insert tun ip cath w/port,2018-10-01,2019-09-30
49421,Ins tun ip cath for dial opn,2018-10-01,2019-09-30
49422,Remove tunneled ip cath,2018-10-01,2019-09-30
49423,Exchange drainage catheter,2018-10-01,2019-09-30
49425,Insert abdomen-venous drain,2018-10-01,2019-09-30
49426,Revise abdomen-venous shunt,2018-10-01,2019-09-30
49428,Ligation of shunt,2018-10-01,2019-09-30
49429,Removal of shunt,2018-10-01,2019-09-30
49436,Embedded ip cath exit-site,2018-10-01,2019-09-30
49440,Place gastrostomy tube perc,2018-10-01,2019-09-30
49441,Place duod/jej tube perc,2018-10-01,2019-09-30
49442,Place cecostomy tube perc,2018-10-01,2019-09-30
49446,Change g-tube to g-j perc,2018-10-01,2019-09-30
49450,Replace g/c tube perc,2018-10-01,2019-09-30
49451,Replace duod/jej tube perc,2018-10-01,2019-09-30
49452,Replace g-j tube perc,2018-10-01,2019-09-30
49460,Fix g/colon tube w/device,2018-10-01,2019-09-30
49491,Rpr hern preemie reduc,2018-10-01,2019-09-30
49492,Rpr ing hern premie blocked,2018-10-01,2019-09-30
49495,Rpr ing hernia baby reduc,2018-10-01,2019-09-30
49496,Rpr ing hernia baby blocked,2018-10-01,2019-09-30
49500,Rpr ing hernia init reduce,2018-10-01,2019-09-30
49501,Rpr ing hernia init blocked,2018-10-01,2019-09-30
49505,Prp i/hern init reduc >5 yr,2018-10-01,2019-09-30
49507,Prp i/hern init block >5 yr,2018-10-01,2019-09-30
49520,Rerepair ing hernia reduce,2018-10-01,2019-09-30
49521,Rerepair ing hernia blocked,2018-10-01,2019-09-30
49525,Repair ing hernia sliding,2018-10-01,2019-09-30
49540,Repair lumbar hernia,2018-10-01,2019-09-30
49550,Rpr rem hernia init reduce,2018-10-01,2019-09-30
49553,Rpr fem hernia init blocked,2018-10-01,2019-09-30
49555,Rerepair fem hernia reduce,2018-10-01,2019-09-30
49557,Rerepair fem hernia blocked,2018-10-01,2019-09-30
49560,Rpr ventral hern init reduc,2018-10-01,2019-09-30
49561,Rpr ventral hern init block,2018-10-01,2019-09-30
49565,Rerepair ventrl hern reduce,2018-10-01,2019-09-30
49566,Rerepair ventrl hern block,2018-10-01,2019-09-30
49570,Rpr epigastric hern reduce,2018-10-01,2019-09-30
49572,Rpr epigastric hern blocked,2018-10-01,2019-09-30
49580,Rpr umbil hern reduc < 5 yr,2018-10-01,2019-09-30
49582,Rpr umbil hern block < 5 yr,2018-10-01,2019-09-30
49585,Rpr umbil hern reduc > 5 yr,2018-10-01,2019-09-30
49587,Rpr umbil hern block > 5 yr,2018-10-01,2019-09-30
49590,Repair spigelian hernia,2018-10-01,2019-09-30
49591,Rpr aa hrn 1st < 3 cm rdc,2023-10-01,2024-09-30
49592,Rpr aa hrn 1st < 3 ncr/strn,2023-10-01,2024-09-30
49593,Rpr aa hrn 1st 3-10 rdc,2023-10-01,2024-09-30
49594,Rpr aa hrn 1st 3-10 ncr/strn,2023-10-01,2024-09-30
49595,Rpr aa hrn 1st > 10 rdc,2023-10-01,2024-09-30
49596,Rpr aa hrn 1st > 10 ncr/strn,2023-10-01,2024-09-30
49600,Repair umbilical lesion,2018-10-01,2019-09-30
49605,Repair umbilical lesion,2018-10-01,2019-09-30
49606,Repair umbilical lesion,2018-10-01,2019-09-30
49610,Repair umbilical lesion,2018-10-01,2019-09-30
49611,Repair umbilical lesion,2018-10-01,2019-09-30
49613,Rpr aa hrn rcr < 3 rdc,2023-10-01,2024-09-30
49614,Rpr aa hrn rcr < 3 ncr/strn,2023-10-01,2024-09-30
49615,Rpr aa hrn rcr 3-10 rdc,2023-10-01,2024-09-30
49616,Rpr aa hrn rcr 3-10 ncr/strn,2023-10-01,2024-09-30
49617,Rpr aa hrn rcr > 10 rdc,2023-10-01,2024-09-30
49618,Rpr aa hrn rcr > 10 ncr/strn,2023-10-01,2024-09-30
49621,Rpr parastomal hernia rdc,2023-10-01,2024-09-30
49622,Rpr parastomal hrna ncr/strn,2023-10-01,2024-09-30
49623,Rmvl ninfct mesh hernia rpr,2023-10-01,2024-09-30
49650,Lap ing hernia repair init,2018-10-01,2019-09-30
49651,Lap ing hernia repair recur,2018-10-01,2019-09-30
49652,Lap vent/abd hernia repair,2018-10-01,2019-09-30
49653,Lap vent/abd hern proc comp,2018-10-01,2019-09-30
49654,Lap inc hernia repair,2018-10-01,2019-09-30
49655,Lap inc hern repair comp,2018-10-01,2019-09-30
49656,Lap inc hernia repair recur,2018-10-01,2019-09-30
49657,Lap inc hern recur comp,2018-10-01,2019-09-30
49659,Laparo proc hernia repair,2018-10-01,2019-09-30
49900,Repair of abdominal wall,2018-10-01,2019-09-30
49904,Omental flap extra-abdom,2018-10-01,2019-09-30
49906,Free omental flap microvasc,2018-10-01,2019-09-30
49999,Abdomen surgery procedure,2018-10-01,2019-09-30
50010,Exploration of kidney,2018-10-01,2019-09-30
50020,Renal abscess open drain,2018-10-01,2019-09-30
50040,Drainage of kidney,2018-10-01,2019-09-30
50045,Exploration of kidney,2018-10-01,2019-09-30
50060,Removal of kidney stone,2018-10-01,2019-09-30
50065,Incision of kidney,2018-10-01,2019-09-30
50070,Incision of kidney,2018-10-01,2019-09-30
50075,Removal of kidney stone,2018-10-01,2019-09-30
50080,Removal of kidney stone,2018-10-01,2019-09-30
50081,Removal of kidney stone,2018-10-01,2019-09-30
50100,Revise kidney blood vessels,2018-10-01,2019-09-30
50120,Exploration of kidney,2018-10-01,2019-09-30
50125,Explore and drain kidney,2018-10-01,2019-09-30
50130,Removal of kidney stone,2018-10-01,2019-09-30
50135,Exploration of kidney,2018-10-01,2019-09-30
50220,Remove kidney open,2018-10-01,2019-09-30
50225,Removal kidney open complex,2018-10-01,2019-09-30
50230,Removal kidney open radical,2018-10-01,2019-09-30
50234,Removal of kidney & ureter,2018-10-01,2019-09-30
50236,Removal of kidney & ureter,2018-10-01,2019-09-30
50240,Partial removal of kidney,2018-10-01,2019-09-30
50250,Cryoablate renal mass open,2018-10-01,2019-09-30
50280,Removal of kidney lesion,2018-10-01,2019-09-30
50290,Removal of kidney lesion,2018-10-01,2019-09-30
50320,Remove kidney living donor,2018-10-01,2019-09-30
50340,Removal of kidney,2018-10-01,2019-09-30
50360,Transplantation of kidney,2018-10-01,2019-09-30
50365,Transplantation of kidney,2018-10-01,2019-09-30
50370,Remove transplanted kidney,2018-10-01,2019-09-30
50380,Reimplantation of kidney,2018-10-01,2019-09-30
50382,Change ureter stent percut,2018-10-01,2019-09-30
50384,Remove ureter stent percut,2018-10-01,2019-09-30
50385,Change stent via transureth,2018-10-01,2019-09-30
50386,Remove stent via transureth,2018-10-01,2019-09-30
50387,Change nephroureteral cath,2018-10-01,2019-09-30
50389,Remove renal tube w/fluoro,2018-10-01,2019-09-30
50390,Drainage of kidney lesion,2018-10-01,2019-09-30
50391,Instll rx agnt into rnal tub,2018-10-01,2019-09-30
50396,Measure kidney pressure,2018-10-01,2019-09-30
50400,Revision of kidney/ureter,2018-10-01,2019-09-30
50405,Revision of kidney/ureter,2018-10-01,2019-09-30
50432,Plmt nephrostomy catheter,2018-10-01,2019-09-30
50433,Plmt nephroureteral catheter,2018-10-01,2019-09-30
50434,Convert nephrostomy catheter,2018-10-01,2019-09-30
50435,Exchange nephrostomy cath,2018-10-01,2019-09-30
50436,Dilat xst trc ndurlgc px,2018-10-01,2019-09-30
50437,Dilat xst trc new access rcs,2018-10-01,2019-09-30
50500,Repair of kidney wound,2018-10-01,2019-09-30
50520,Close kidney-skin fistula,2018-10-01,2019-09-30
50525,Close nephrovisceral fistula,2018-10-01,2019-09-30
50526,Close nephrovisceral fistula,2018-10-01,2019-09-30
50540,Revision of horseshoe kidney,2018-10-01,2019-09-30
50541,Laparo ablate renal cyst,2018-10-01,2019-09-30
50542,Laparo ablate renal mass,2018-10-01,2019-09-30
50543,Laparo partial nephrectomy,2018-10-01,2019-09-30
50544,Laparoscopy pyeloplasty,2018-10-01,2019-09-30
50545,Laparo radical nephrectomy,2018-10-01,2019-09-30
50546,Laparoscopic nephrectomy,2018-10-01,2019-09-30
50547,Laparo removal donor kidney,2018-10-01,2019-09-30
50548,Laparo remove w/ureter,2018-10-01,2019-09-30
50549,Laparoscope proc renal,2018-10-01,2019-09-30
50551,Kidney endoscopy,2018-10-01,2019-09-30
50553,Kidney endoscopy,2018-10-01,2019-09-30
50555,Kidney endoscopy & biopsy,2018-10-01,2019-09-30
50557,Kidney endoscopy & treatment,2018-10-01,2019-09-30
50561,Kidney endoscopy & treatment,2018-10-01,2019-09-30
50562,Renal scope w/tumor resect,2018-10-01,2019-09-30
50570,Kidney endoscopy,2018-10-01,2019-09-30
50572,Kidney endoscopy,2018-10-01,2019-09-30
50574,Kidney endoscopy & biopsy,2018-10-01,2019-09-30
50575,Kidney endoscopy,2018-10-01,2019-09-30
50576,Kidney endoscopy & treatment,2018-10-01,2019-09-30
50580,Kidney endoscopy & treatment,2018-10-01,2019-09-30
50590,Fragmenting of kidney stone,2018-10-01,2019-09-30
50592,Perc rf ablate renal tumor,2018-10-01,2019-09-30
50593,Perc cryo ablate renal tum,2018-10-01,2019-09-30
50600,Exploration of ureter,2018-10-01,2019-09-30
50605,Insert ureteral support,2018-10-01,2019-09-30
50610,Removal of ureter stone,2018-10-01,2019-09-30
50620,Removal of ureter stone,2018-10-01,2019-09-30
50630,Removal of ureter stone,2018-10-01,2019-09-30
50650,Removal of ureter,2018-10-01,2019-09-30
50660,Removal of ureter,2018-10-01,2019-09-30
50686,Measure ureter pressure,2018-10-01,2019-09-30
50688,Change of ureter tube/stent,2018-10-01,2019-09-30
50693,Plmt ureteral stent prq,2018-10-01,2019-09-30
50694,Plmt ureteral stent prq,2018-10-01,2019-09-30
50695,Plmt ureteral stent prq,2018-10-01,2019-09-30
50700,Revision of ureter,2018-10-01,2019-09-30
50715,Release of ureter,2018-10-01,2019-09-30
50722,Release of ureter,2018-10-01,2019-09-30
50725,Release/revise ureter,2018-10-01,2019-09-30
50727,Revise ureter,2018-10-01,2019-09-30
50728,Revise ureter,2018-10-01,2019-09-30
50740,Fusion of ureter & kidney,2018-10-01,2019-09-30
50750,Fusion of ureter & kidney,2018-10-01,2019-09-30
50760,Fusion of ureters,2018-10-01,2019-09-30
50770,Splicing of ureters,2018-10-01,2019-09-30
50780,Reimplant ureter in bladder,2018-10-01,2019-09-30
50782,Reimplant ureter in bladder,2018-10-01,2019-09-30
50783,Reimplant ureter in bladder,2018-10-01,2019-09-30
50785,Reimplant ureter in bladder,2018-10-01,2019-09-30
50800,Implant ureter in bowel,2018-10-01,2019-09-30
50810,Fusion of ureter & bowel,2018-10-01,2019-09-30
50815,Urine shunt to intestine,2018-10-01,2019-09-30
50820,Construct bowel bladder,2018-10-01,2019-09-30
50825,Construct bowel bladder,2018-10-01,2019-09-30
50830,Revise urine flow,2018-10-01,2019-09-30
50840,Replace ureter by bowel,2018-10-01,2019-09-30
50845,Appendico-vesicostomy,2018-10-01,2019-09-30
50860,Transplant ureter to skin,2018-10-01,2019-09-30
50900,Repair of ureter,2018-10-01,2019-09-30
50920,Closure ureter/skin fistula,2018-10-01,2019-09-30
50930,Closure ureter/bowel fistula,2018-10-01,2019-09-30
50940,Release of ureter,2018-10-01,2019-09-30
50945,Laparoscopy ureterolithotomy,2018-10-01,2019-09-30
50947,Laparo new ureter/bladder,2018-10-01,2019-09-30
50948,Laparo new ureter/bladder,2018-10-01,2019-09-30
50949,Laparoscope proc ureter,2018-10-01,2019-09-30
50951,Endoscopy of ureter,2018-10-01,2019-09-30
50953,Endoscopy of ureter,2018-10-01,2019-09-30
50955,Ureter endoscopy & biopsy,2018-10-01,2019-09-30
50957,Ureter endoscopy & treatment,2018-10-01,2019-09-30
50961,Ureter endoscopy & treatment,2018-10-01,2019-09-30
50970,Ureter endoscopy,2018-10-01,2019-09-30
50972,Ureter endoscopy & catheter,2018-10-01,2019-09-30
50974,Ureter endoscopy & biopsy,2018-10-01,2019-09-30
50976,Ureter endoscopy & treatment,2018-10-01,2019-09-30
50980,Ureter endoscopy & treatment,2018-10-01,2019-09-30
51020,Incise & treat bladder,2018-10-01,2019-09-30
51030,Incise & treat bladder,2018-10-01,2019-09-30
51040,Incise & drain bladder,2018-10-01,2019-09-30
51045,Incise bladder/drain ureter,2018-10-01,2019-09-30
51050,Removal of bladder stone,2018-10-01,2019-09-30
51060,Removal of ureter stone,2018-10-01,2019-09-30
51065,Remove ureter calculus,2018-10-01,2019-09-30
51080,Drainage of bladder abscess,2018-10-01,2019-09-30
51100,Drain bladder by needle,2018-10-01,2019-09-30
51101,Drain bladder by trocar/cath,2018-10-01,2019-09-30
51102,Drain bl w/cath insertion,2018-10-01,2019-09-30
51500,Removal of bladder cyst,2018-10-01,2019-09-30
51520,Removal of bladder lesion,2018-10-01,2019-09-30
51525,Removal of bladder lesion,2018-10-01,2019-09-30
51530,Removal of bladder lesion,2018-10-01,2019-09-30
51535,Repair of ureter lesion,2018-10-01,2019-09-30
51550,Partial removal of bladder,2018-10-01,2019-09-30
51555,Partial removal of bladder,2018-10-01,2019-09-30
51565,Revise bladder & ureter(s),2018-10-01,2019-09-30
51570,Removal of bladder,2018-10-01,2019-09-30
51575,Removal of bladder & nodes,2018-10-01,2019-09-30
51580,Remove bladder/revise tract,2018-10-01,2019-09-30
51585,Removal of bladder & nodes,2018-10-01,2019-09-30
51590,Remove bladder/revise tract,2018-10-01,2019-09-30
51595,Remove bladder/revise tract,2018-10-01,2019-09-30
51596,Remove bladder/create pouch,2018-10-01,2019-09-30
51597,Removal of pelvic structures,2018-10-01,2019-09-30
51700,Irrigation of bladder,2018-10-01,2019-09-30
51701,Insert bladder catheter,2018-10-01,2019-09-30
51702,Insert temp bladder cath,2018-10-01,2019-09-30
51703,Insert bladder cath complex,2018-10-01,2019-09-30
51705,Change of bladder tube,2018-10-01,2019-09-30
51710,Change of bladder tube,2018-10-01,2019-09-30
51715,Endoscopic injection/implant,2018-10-01,2019-09-30
51720,Treatment of bladder lesion,2018-10-01,2019-09-30
51721,Ins trurl ablt trnsdc thr us,2025-10-01,9999-12-31
51725,Simple cystometrogram,2018-10-01,2019-09-30
51726,Complex cystometrogram,2018-10-01,2019-09-30
51727,Cystometrogram w/up,2018-10-01,2019-09-30
51728,Cystometrogram w/vp,2018-10-01,2019-09-30
51729,Cystometrogram w/vp&up,2018-10-01,2019-09-30
51736,Urine flow measurement,2018-10-01,2019-09-30
51741,Electro-uroflowmetry first,2018-10-01,2019-09-30
51784,Anal/urinary muscle study,2018-10-01,2019-09-30
51785,Anal/urinary muscle study,2018-10-01,2019-09-30
51792,Urinary reflex study,2018-10-01,2019-09-30
51798,Us urine capacity measure,2018-10-01,2019-09-30
51800,Revision of bladder/urethra,2018-10-01,2019-09-30
51820,Revision of urinary tract,2018-10-01,2019-09-30
51840,Attach bladder/urethra,2018-10-01,2019-09-30
51841,Attach bladder/urethra,2018-10-01,2019-09-30
51845,Repair bladder neck,2018-10-01,2019-09-30
51860,Repair of bladder wound,2018-10-01,2019-09-30
51865,Repair of bladder wound,2018-10-01,2019-09-30
51880,Repair of bladder opening,2018-10-01,2019-09-30
51900,Repair bladder/vagina lesion,2018-10-01,2019-09-30
51920,Close bladder-uterus fistula,2018-10-01,2019-09-30
51925,Hysterectomy/bladder repair,2018-10-01,2019-09-30
51940,Correction of bladder defect,2018-10-01,2019-09-30
51960,Revision of bladder & bowel,2018-10-01,2019-09-30
51980,Construct bladder opening,2018-10-01,2019-09-30
51990,Laparo urethral suspension,2018-10-01,2019-09-30
51992,Laparo sling operation,2018-10-01,2019-09-30
51999,Laparoscope proc bla,2018-10-01,2019-09-30
52000,Cystoscopy,2018-10-01,2019-09-30
52001,Cystoscopy removal of clots,2018-10-01,2019-09-30
52005,Cystoscopy & ureter catheter,2018-10-01,2019-09-30
52007,Cystoscopy and biopsy,2018-10-01,2019-09-30
52010,Cystoscopy & duct catheter,2018-10-01,2019-09-30
52204,Cystoscopy w/biopsy(s),2018-10-01,2019-09-30
52214,Cystoscopy and treatment,2018-10-01,2019-09-30
52224,Cystoscopy and treatment,2018-10-01,2019-09-30
52234,Cystoscopy and treatment,2018-10-01,2019-09-30
52235,Cystoscopy and treatment,2018-10-01,2019-09-30
52240,Cystoscopy and treatment,2018-10-01,2019-09-30
52250,Cystoscopy and radiotracer,2018-10-01,2019-09-30
52260,Cystoscopy and treatment,2018-10-01,2019-09-30
52265,Cystoscopy and treatment,2018-10-01,2019-09-30
52270,Cystoscopy & revise urethra,2018-10-01,2019-09-30
52275,Cystoscopy & revise urethra,2018-10-01,2019-09-30
52276,Cystoscopy and treatment,2018-10-01,2019-09-30
52277,Cystoscopy and treatment,2018-10-01,2019-09-30
52281,Cystoscopy and treatment,2018-10-01,2019-09-30
52282,Cystoscopy implant stent,2018-10-01,2019-09-30
52283,Cystoscopy and treatment,2018-10-01,2019-09-30
52284,Cysto rx balo cath urtl strx,2024-10-01,2025-09-30
52285,Cystoscopy and treatment,2018-10-01,2019-09-30
52287,Cystoscopy chemodenervation,2018-10-01,2019-09-30
52290,Cystoscopy and treatment,2018-10-01,2019-09-30
52300,Cystoscopy and treatment,2018-10-01,2019-09-30
52301,Cystoscopy and treatment,2018-10-01,2019-09-30
52305,Cystoscopy and treatment,2018-10-01,2019-09-30
52310,Cystoscopy and treatment,2018-10-01,2019-09-30
52315,Cystoscopy and treatment,2018-10-01,2019-09-30
52317,Remove bladder stone,2018-10-01,2019-09-30
52318,Remove bladder stone,2018-10-01,2019-09-30
52320,Cystoscopy and treatment,2018-10-01,2019-09-30
52325,Cystoscopy stone removal,2018-10-01,2019-09-30
52327,Cystoscopy inject material,2018-10-01,2019-09-30
52330,Cystoscopy and treatment,2018-10-01,2019-09-30
52332,Cystoscopy and treatment,2018-10-01,2019-09-30
52334,Create passage to kidney,2018-10-01,2019-09-30
52341,Cysto w/ureter stricture tx,2018-10-01,2019-09-30
52342,Cysto w/up stricture tx,2018-10-01,2019-09-30
52343,Cysto w/renal stricture tx,2018-10-01,2019-09-30
52344,Cysto/uretero stricture tx,2018-10-01,2019-09-30
52345,Cysto/uretero w/up stricture,2018-10-01,2019-09-30
52346,Cystouretero w/renal strict,2018-10-01,2019-09-30
52351,Cystouretero & or pyeloscope,2018-10-01,2019-09-30
52352,Cystouretero w/stone remove,2018-10-01,2019-09-30
52353,Cystouretero w/lithotripsy,2018-10-01,2019-09-30
52354,Cystouretero w/biopsy,2018-10-01,2019-09-30
52355,Cystouretero w/excise tumor,2018-10-01,2019-09-30
52356,Cysto/uretero w/lithotripsy,2018-10-01,2019-09-30
52400,Cystouretero w/congen repr,2018-10-01,2019-09-30
52402,Cystourethro cut ejacul duct,2018-10-01,2019-09-30
52441,Cystourethro w/implant,2018-10-01,2019-09-30
52450,Incision of prostate,2018-10-01,2019-09-30
52500,Revision of bladder neck,2018-10-01,2019-09-30
52601,Prostatectomy (turp),2018-10-01,2019-09-30
52630,Remove prostate regrowth,2018-10-01,2019-09-30
52640,Relieve bladder contracture,2018-10-01,2019-09-30
52647,Laser surgery of prostate,2018-10-01,2019-09-30
52648,Laser surgery of prostate,2018-10-01,2019-09-30
52649,Prostate laser enucleation,2018-10-01,2019-09-30
52700,Drainage of prostate abscess,2018-10-01,2019-09-30
53000,Incision of urethra,2018-10-01,2019-09-30
53010,Incision of urethra,2018-10-01,2019-09-30
53020,Incision of urethra,2018-10-01,2019-09-30
53025,Incision of urethra,2018-10-01,2019-09-30
53040,Drainage of urethra abscess,2018-10-01,2019-09-30
53060,Drainage of urethra abscess,2018-10-01,2019-09-30
53080,Drainage of urinary leakage,2018-10-01,2019-09-30
53085,Drainage of urinary leakage,2018-10-01,2019-09-30
53210,Removal of urethra,2018-10-01,2019-09-30
53215,Removal of urethra,2018-10-01,2019-09-30
53220,Treatment of urethra lesion,2018-10-01,2019-09-30
53230,Removal of urethra lesion,2018-10-01,2019-09-30
53235,Removal of urethra lesion,2018-10-01,2019-09-30
53240,Surgery for urethra pouch,2018-10-01,2019-09-30
53250,Removal of urethra gland,2018-10-01,2019-09-30
53260,Treatment of urethra lesion,2018-10-01,2019-09-30
53265,Treatment of urethra lesion,2018-10-01,2019-09-30
53270,Removal of urethra gland,2018-10-01,2019-09-30
53275,Repair of urethra defect,2018-10-01,2019-09-30
53400,Revise urethra stage 1,2018-10-01,2019-09-30
53405,Revise urethra stage 2,2018-10-01,2019-09-30
53410,Reconstruction of urethra,2018-10-01,2019-09-30
53415,Reconstruction of urethra,2018-10-01,2019-09-30
53420,Reconstruct urethra stage 1,2018-10-01,2019-09-30
53425,Reconstruct urethra stage 2,2018-10-01,2019-09-30
53430,Reconstruction of urethra,2018-10-01,2019-09-30
53431,Reconstruct urethra/bladder,2018-10-01,2019-09-30
53440,Male sling procedure,2018-10-01,2019-09-30
53442,Remove/revise male sling,2018-10-01,2019-09-30
53444,Insert tandem cuff,2018-10-01,2019-09-30
53445,Insert uro/ves nck sphincter,2018-10-01,2019-09-30
53446,Remove uro sphincter,2018-10-01,2019-09-30
53447,Remove/replace ur sphincter,2018-10-01,2019-09-30
53448,Remov/replc ur sphinctr comp,2018-10-01,2019-09-30
53449,Repair uro sphincter,2018-10-01,2019-09-30
53450,Revision of urethra,2018-10-01,2019-09-30
53451,Tprnl balo cntnc dev bi,2024-10-01,2025-09-30
53452,Tprnl balo cntnc dev uni,2024-10-01,2025-09-30
53453,Tprnl balo cntnc dev rmvl ea,2024-10-01,2025-09-30
53454,Tprnl balo cntnc dev adjmt,2024-10-01,2025-09-30
53460,Revision of urethra,2018-10-01,2019-09-30
53500,Urethrlys transvag w/ scope,2018-10-01,2019-09-30
53502,Repair of urethra injury,2018-10-01,2019-09-30
53505,Repair of urethra injury,2018-10-01,2019-09-30
53510,Repair of urethra injury,2018-10-01,2019-09-30
53515,Repair of urethra injury,2018-10-01,2019-09-30
53520,Repair of urethra defect,2018-10-01,2019-09-30
53600,Dilate urethra stricture,2018-10-01,2019-09-30
53601,Dilate urethra stricture,2018-10-01,2019-09-30
53605,Dilate urethra stricture,2018-10-01,2019-09-30
53620,Dilate urethra stricture,2018-10-01,2019-09-30
53621,Dilate urethra stricture,2018-10-01,2019-09-30
53660,Dilation of urethra,2018-10-01,2019-09-30
53661,Dilation of urethra,2018-10-01,2019-09-30
53665,Dilation of urethra,2018-10-01,2019-09-30
53850,Prostatic microwave thermotx,2018-10-01,2019-09-30
53852,Prostatic rf thermotx,2018-10-01,2019-09-30
53854,Trurl dstrj prst8 tiss rf wv,2018-10-01,2019-09-30
53855,Insert prost urethral stent,2018-10-01,2019-09-30
53860,Transurethral rf treatment,2018-10-01,2019-09-30
53865,Cysto insj dev ischmc rmdlg,2025-10-01,9999-12-31
53866,Cathj rmvl dev ischmc rmdlg,2025-10-01,9999-12-31
53899,Urology surgery procedure,2018-10-01,2019-09-30
54000,Slitting of prepuce,2018-10-01,2019-09-30
54001,Slitting of prepuce,2018-10-01,2019-09-30
54015,Drain penis lesion,2018-10-01,2019-09-30
54050,Destruction penis lesion(s),2018-10-01,2019-09-30
54055,Destruction penis lesion(s),2018-10-01,2019-09-30
54056,Cryosurgery penis lesion(s),2018-10-01,2019-09-30
54057,Laser surg penis lesion(s),2018-10-01,2019-09-30
54060,Excision of penis lesion(s),2018-10-01,2019-09-30
54065,Destruction penis lesion(s),2018-10-01,2019-09-30
54110,Treatment of penis lesion,2018-10-01,2019-09-30
54111,Treat penis lesion graft,2018-10-01,2019-09-30
54112,Treat penis lesion graft,2018-10-01,2019-09-30
54115,Treatment of penis lesion,2018-10-01,2019-09-30
54120,Partial removal of penis,2018-10-01,2019-09-30
54125,Removal of penis,2018-10-01,2019-09-30
54130,Remove penis & nodes,2018-10-01,2019-09-30
54135,Remove penis & nodes,2018-10-01,2019-09-30
54150,Circumcision w/regionl block,2018-10-01,2019-09-30
54160,Circumcision neonate,2018-10-01,2019-09-30
54161,Circum 28 days or older,2018-10-01,2019-09-30
54162,Lysis penil circumic lesion,2018-10-01,2019-09-30
54163,Repair of circumcision,2018-10-01,2019-09-30
54164,Frenulotomy of penis,2018-10-01,2019-09-30
54200,Treatment of penis lesion,2018-10-01,2019-09-30
54205,Treatment of penis lesion,2018-10-01,2019-09-30
54220,Treatment of penis lesion,2018-10-01,2019-09-30
54231,Dynamic cavernosometry,2018-10-01,2019-09-30
54235,Penile injection,2018-10-01,2019-09-30
54240,Penis study,2018-10-01,2019-09-30
54250,Penis study,2018-10-01,2019-09-30
54300,Revision of penis,2018-10-01,2019-09-30
54304,Revision of penis,2018-10-01,2019-09-30
54308,Reconstruction of urethra,2018-10-01,2019-09-30
54312,Reconstruction of urethra,2018-10-01,2019-09-30
54316,Reconstruction of urethra,2018-10-01,2019-09-30
54318,Reconstruction of urethra,2018-10-01,2019-09-30
54322,Reconstruction of urethra,2018-10-01,2019-09-30
54324,Reconstruction of urethra,2018-10-01,2019-09-30
54326,Reconstruction of urethra,2018-10-01,2019-09-30
54328,Revise penis/urethra,2018-10-01,2019-09-30
54332,Revise penis/urethra,2018-10-01,2019-09-30
54336,Revise penis/urethra,2018-10-01,2019-09-30
54340,Secondary urethral surgery,2018-10-01,2019-09-30
54344,Secondary urethral surgery,2018-10-01,2019-09-30
54348,Secondary urethral surgery,2018-10-01,2019-09-30
54352,Reconstruct urethra/penis,2018-10-01,2019-09-30
54360,Penis plastic surgery,2018-10-01,2019-09-30
54380,Repair penis,2018-10-01,2019-09-30
54385,Repair penis,2018-10-01,2019-09-30
54390,Repair penis and bladder,2018-10-01,2019-09-30
54400,Insert semi-rigid prosthesis,2018-10-01,2019-09-30
54401,Insert self-contd prosthesis,2018-10-01,2019-09-30
54405,Insert multi-comp penis pros,2018-10-01,2019-09-30
54406,Remove muti-comp penis pros,2018-10-01,2019-09-30
54408,Repair multi-comp penis pros,2018-10-01,2019-09-30
54410,Remove/replace penis prosth,2018-10-01,2019-09-30
54411,Remov/replc penis pros comp,2018-10-01,2019-09-30
54415,Remove self-contd penis pros,2018-10-01,2019-09-30
54416,Remv/repl penis contain pros,2018-10-01,2019-09-30
54417,Remv/replc penis pros compl,2018-10-01,2019-09-30
54420,Revision of penis,2018-10-01,2019-09-30
54430,Revision of penis,2018-10-01,2019-09-30
54435,Revision of penis,2018-10-01,2019-09-30
54437,Repair corporeal tear,2018-10-01,2019-09-30
54438,Replantation of penis,2018-10-01,2019-09-30
54440,Repair of penis,2018-10-01,2019-09-30
54450,Preputial stretching,2018-10-01,2019-09-30
54512,Excise lesion testis,2018-10-01,2019-09-30
54520,Removal of testis,2018-10-01,2019-09-30
54522,Orchiectomy partial,2018-10-01,2019-09-30
54530,Removal of testis,2018-10-01,2019-09-30
54535,Extensive testis surgery,2018-10-01,2019-09-30
54550,Exploration for testis,2018-10-01,2019-09-30
54560,Exploration for testis,2018-10-01,2019-09-30
54600,Reduce testis torsion,2018-10-01,2019-09-30
54620,Suspension of testis,2018-10-01,2019-09-30
54640,Suspension of testis,2018-10-01,2019-09-30
54650,Orchiopexy (fowler-stephens),2018-10-01,2019-09-30
54660,Revision of testis,2018-10-01,2019-09-30
54670,Repair testis injury,2018-10-01,2019-09-30
54680,Relocation of testis(es),2018-10-01,2019-09-30
54690,Laparoscopy orchiectomy,2018-10-01,2019-09-30
54692,Laparoscopy orchiopexy,2018-10-01,2019-09-30
54699,Laparoscope proc testis,2018-10-01,2019-09-30
54700,Drainage of scrotum,2018-10-01,2019-09-30
54830,Remove epididymis lesion,2018-10-01,2019-09-30
54840,Remove epididymis lesion,2018-10-01,2019-09-30
54860,Removal of epididymis,2018-10-01,2019-09-30
54861,Removal of epididymis,2018-10-01,2019-09-30
54865,Explore epididymis,2018-10-01,2019-09-30
54900,Fusion of spermatic ducts,2018-10-01,2019-09-30
54901,Fusion of spermatic ducts,2018-10-01,2019-09-30
55000,Drainage of hydrocele,2018-10-01,2019-09-30
55040,Removal of hydrocele,2018-10-01,2019-09-30
55041,Removal of hydroceles,2018-10-01,2019-09-30
55060,Repair of hydrocele,2018-10-01,2019-09-30
55100,Drainage of scrotum abscess,2018-10-01,2019-09-30
55110,Explore scrotum,2018-10-01,2019-09-30
55120,Removal of scrotum lesion,2018-10-01,2019-09-30
55150,Removal of scrotum,2018-10-01,2019-09-30
55175,Revision of scrotum,2018-10-01,2019-09-30
55180,Revision of scrotum,2018-10-01,2019-09-30
55200,Incision of sperm duct,2018-10-01,2019-09-30
55250,Removal of sperm duct(s),2018-10-01,2019-09-30
55300,Prepare sperm duct x-ray,2018-10-01,2019-09-30
55400,Repair of sperm duct,2018-10-01,2019-09-30
55500,Removal of hydrocele,2018-10-01,2019-09-30
55520,Removal of sperm cord lesion,2018-10-01,2019-09-30
55530,Revise spermatic cord veins,2018-10-01,2019-09-30
55535,Revise spermatic cord veins,2018-10-01,2019-09-30
55540,Revise hernia & sperm veins,2018-10-01,2019-09-30
55550,Laparo ligate spermatic vein,2018-10-01,2019-09-30
55559,Laparo proc spermatic cord,2018-10-01,2019-09-30
55600,Incise sperm duct pouch,2018-10-01,2019-09-30
55605,Incise sperm duct pouch,2018-10-01,2019-09-30
55650,Remove sperm duct pouch,2018-10-01,2019-09-30
55680,Remove sperm pouch lesion,2018-10-01,2019-09-30
55720,Drainage of prostate abscess,2018-10-01,2019-09-30
55725,Drainage of prostate abscess,2018-10-01,2019-09-30
55801,Removal of prostate,2018-10-01,2019-09-30
55810,Extensive prostate surgery,2018-10-01,2019-09-30
55812,Extensive prostate surgery,2018-10-01,2019-09-30
55815,Extensive prostate surgery,2018-10-01,2019-09-30
55821,Removal of prostate,2018-10-01,2019-09-30
55831,Removal of prostate,2018-10-01,2019-09-30
55840,Extensive prostate surgery,2018-10-01,2019-09-30
55842,Extensive prostate surgery,2018-10-01,2019-09-30
55845,Extensive prostate surgery,2018-10-01,2019-09-30
55865,Extensive prostate surgery,2018-10-01,2019-09-30
55866,Laparo radical prostatectomy,2018-10-01,2019-09-30
55867,Laps surg prst8ect smpl stot,2024-10-01,2025-09-30
55870,Electroejaculation,2018-10-01,2019-09-30
55873,Cryoablate prostate,2018-10-01,2019-09-30
55875,Transperi needle place pros,2018-10-01,2019-09-30
55880,Abltj mal prst8 tiss hifu,2024-10-01,2025-09-30
55881,Ablt trurl prst8 tis thrm us,2025-10-01,9999-12-31
55882,Ablt trurl prst8 tis trnsdcr,2025-10-01,9999-12-31
55899,Genital surgery procedure,2018-10-01,2019-09-30
55970,Sex transformation m to f,2018-10-01,2019-09-30
55980,Sex transformation f to m,2018-10-01,2019-09-30
56405,I & d of vulva/perineum,2018-10-01,2019-09-30
56420,Drainage of gland abscess,2018-10-01,2019-09-30
56440,Surgery for vulva lesion,2018-10-01,2019-09-30
56441,Lysis of labial lesion(s),2018-10-01,2019-09-30
56442,Hymenotomy,2018-10-01,2019-09-30
56501,Destroy vulva lesions sim,2018-10-01,2019-09-30
56515,Destroy vulva lesion/s compl,2018-10-01,2019-09-30
56620,Partial removal of vulva,2018-10-01,2019-09-30
56625,Complete removal of vulva,2018-10-01,2019-09-30
56630,Extensive vulva surgery,2018-10-01,2019-09-30
56631,Extensive vulva surgery,2018-10-01,2019-09-30
56632,Extensive vulva surgery,2018-10-01,2019-09-30
56633,Extensive vulva surgery,2018-10-01,2019-09-30
56634,Extensive vulva surgery,2018-10-01,2019-09-30
56637,Extensive vulva surgery,2018-10-01,2019-09-30
56640,Extensive vulva surgery,2018-10-01,2019-09-30
56700,Partial removal of hymen,2018-10-01,2019-09-30
56740,Remove vagina gland lesion,2018-10-01,2019-09-30
56800,Repair of vagina,2018-10-01,2019-09-30
56805,Repair clitoris,2018-10-01,2019-09-30
56810,Repair of perineum,2018-10-01,2019-09-30
56820,Exam of vulva w/scope,2018-10-01,2019-09-30
56821,Exam/biopsy of vulva w/scope,2018-10-01,2019-09-30
57000,Exploration of vagina,2018-10-01,2019-09-30
57010,Drainage of pelvic abscess,2018-10-01,2019-09-30
57020,Drainage of pelvic fluid,2018-10-01,2019-09-30
57022,I & d vaginal hematoma pp,2018-10-01,2019-09-30
57023,I & d vag hematoma non-ob,2018-10-01,2019-09-30
57061,Destroy vag lesions simple,2018-10-01,2019-09-30
57065,Destroy vag lesions complex,2018-10-01,2019-09-30
57106,Remove vagina wall partial,2018-10-01,2019-09-30
57107,Remove vagina tissue part,2018-10-01,2019-09-30
57109,Vaginectomy partial w/nodes,2018-10-01,2019-09-30
57110,Remove vagina wall complete,2018-10-01,2019-09-30
57111,Remove vagina tissue compl,2018-10-01,2019-09-30
57112,Vaginectomy w/nodes compl,2018-10-01,2019-09-30
57120,Closure of vagina,2018-10-01,2019-09-30
57130,Remove vagina lesion,2018-10-01,2019-09-30
57135,Remove vagina lesion,2018-10-01,2019-09-30
57150,Treat vagina infection,2018-10-01,2019-09-30
57155,Insert uteri tandem/ovoids,2018-10-01,2019-09-30
57156,Ins vag brachytx device,2018-10-01,2019-09-30
57160,Insert pessary/other device,2018-10-01,2019-09-30
57170,Fitting of diaphragm/cap,2018-10-01,2019-09-30
57180,Treat vaginal bleeding,2018-10-01,2019-09-30
57200,Repair of vagina,2018-10-01,2019-09-30
57210,Repair vagina/perineum,2018-10-01,2019-09-30
57220,Revision of urethra,2018-10-01,2019-09-30
57230,Repair of urethral lesion,2018-10-01,2019-09-30
57240,Anterior colporrhaphy,2018-10-01,2019-09-30
57250,Repair rectum & vagina,2018-10-01,2019-09-30
57260,Cmbn ant pst colprhy,2018-10-01,2019-09-30
57265,Cmbn ap colprhy w/ntrcl rpr,2018-10-01,2019-09-30
57268,Repair of bowel bulge,2018-10-01,2019-09-30
57270,Repair of bowel pouch,2018-10-01,2019-09-30
57280,Suspension of vagina,2018-10-01,2019-09-30
57282,Colpopexy extraperitoneal,2018-10-01,2019-09-30
57283,Colpopexy intraperitoneal,2018-10-01,2019-09-30
57284,Repair paravag defect open,2018-10-01,2019-09-30
57285,Repair paravag defect vag,2018-10-01,2019-09-30
57287,Revise/remove sling repair,2018-10-01,2019-09-30
57288,Repair bladder defect,2018-10-01,2019-09-30
57289,Repair bladder & vagina,2018-10-01,2019-09-30
57291,Construction of vagina,2018-10-01,2019-09-30
57292,Construct vagina with graft,2018-10-01,2019-09-30
57295,Revise vag graft via vagina,2018-10-01,2019-09-30
57296,Revise vag graft open abd,2018-10-01,2019-09-30
57300,Repair rectum-vagina fistula,2018-10-01,2019-09-30
57305,Repair rectum-vagina fistula,2018-10-01,2019-09-30
57307,Fistula repair & colostomy,2018-10-01,2019-09-30
57308,Fistula repair transperine,2018-10-01,2019-09-30
57310,Repair urethrovaginal lesion,2018-10-01,2019-09-30
57311,Repair urethrovaginal lesion,2018-10-01,2019-09-30
57320,Repair bladder-vagina lesion,2018-10-01,2019-09-30
57330,Repair bladder-vagina lesion,2018-10-01,2019-09-30
57335,Repair vagina,2018-10-01,2019-09-30
57400,Dilation of vagina,2018-10-01,2019-09-30
57410,Pelvic examination,2018-10-01,2019-09-30
57415,Remove vaginal foreign body,2018-10-01,2019-09-30
57420,Exam of vagina w/scope,2018-10-01,2019-09-30
57423,Repair paravag defect lap,2018-10-01,2019-09-30
57425,Laparoscopy surg colpopexy,2018-10-01,2019-09-30
57426,Revise prosth vag graft lap,2018-10-01,2019-09-30
57452,Exam of cervix w/scope,2018-10-01,2019-09-30
57456,Endocerv curettage w/scope,2018-10-01,2019-09-30
57461,Conz of cervix w/scope leep,2018-10-01,2019-09-30
57505,Endocervical curettage,2018-10-01,2019-09-30
57510,Cauterization of cervix,2018-10-01,2019-09-30
57511,Cryocautery of cervix,2018-10-01,2019-09-30
57513,Laser surgery of cervix,2018-10-01,2019-09-30
57520,Conization of cervix,2018-10-01,2019-09-30
57522,Conization of cervix,2018-10-01,2019-09-30
57530,Removal of cervix,2018-10-01,2019-09-30
57531,Removal of cervix radical,2018-10-01,2019-09-30
57540,Removal of residual cervix,2018-10-01,2019-09-30
57545,Remove cervix/repair pelvis,2018-10-01,2019-09-30
57550,Removal of residual cervix,2018-10-01,2019-09-30
57555,Remove cervix/repair vagina,2018-10-01,2019-09-30
57556,Remove cervix repair bowel,2018-10-01,2019-09-30
57558,D&c of cervical stump,2018-10-01,2019-09-30
57700,Revision of cervix,2018-10-01,2019-09-30
57720,Revision of cervix,2018-10-01,2019-09-30
57800,Dilation of cervical canal,2018-10-01,2019-09-30
58120,Dilation and curettage,2018-10-01,2019-09-30
58140,Myomectomy abdom method,2018-10-01,2019-09-30
58145,Myomectomy vag method,2018-10-01,2019-09-30
58146,Myomectomy abdom complex,2018-10-01,2019-09-30
58150,Total hysterectomy,2018-10-01,2019-09-30
58152,Total hysterectomy,2018-10-01,2019-09-30
58180,Partial hysterectomy,2018-10-01,2019-09-30
58200,Extensive hysterectomy,2018-10-01,2019-09-30
58210,Extensive hysterectomy,2018-10-01,2019-09-30
58240,Removal of pelvis contents,2018-10-01,2019-09-30
58260,Vaginal hysterectomy,2018-10-01,2019-09-30
58262,Vag hyst including t/o,2018-10-01,2019-09-30
58263,Vag hyst w/t/o & vag repair,2018-10-01,2019-09-30
58267,Vag hyst w/urinary repair,2018-10-01,2019-09-30
58270,Vag hyst w/enterocele repair,2018-10-01,2019-09-30
58275,Hysterectomy/revise vagina,2018-10-01,2019-09-30
58280,Hysterectomy/revise vagina,2018-10-01,2019-09-30
58285,Extensive hysterectomy,2018-10-01,2019-09-30
58290,Vag hyst complex,2018-10-01,2019-09-30
58291,Vag hyst incl t/o complex,2018-10-01,2019-09-30
58292,Vag hyst t/o & repair compl,2018-10-01,2019-09-30
58293,Vag hyst w/uro repair compl,2018-10-01,2019-09-30
58294,Vag hyst w/enterocele compl,2018-10-01,2019-09-30
58300,Insert intrauterine device,2018-10-01,2019-09-30
58301,Remove intrauterine device,2018-10-01,2019-09-30
58321,Artificial insemination,2018-10-01,2019-09-30
58322,Artificial insemination,2018-10-01,2019-09-30
58323,Sperm washing,2018-10-01,2019-09-30
58345,Reopen fallopian tube,2018-10-01,2019-09-30
58346,Insert heyman uteri capsule,2018-10-01,2019-09-30
58353,Endometr ablate thermal,2018-10-01,2019-09-30
58356,Endometrial cryoablation,2018-10-01,2019-09-30
58400,Suspension of uterus,2018-10-01,2019-09-30
58410,Suspension of uterus,2018-10-01,2019-09-30
58520,Repair of ruptured uterus,2018-10-01,2019-09-30
58540,Revision of uterus,2018-10-01,2019-09-30
58541,Lsh uterus 250 g or less,2018-10-01,2019-09-30
58542,Lsh w/t/o ut 250 g or less,2018-10-01,2019-09-30
58543,Lsh uterus above 250 g,2018-10-01,2019-09-30
58544,Lsh w/t/o uterus above 250 g,2018-10-01,2019-09-30
58545,Laparoscopic myomectomy,2018-10-01,2019-09-30
58546,Laparo-myomectomy complex,2018-10-01,2019-09-30
58548,Lap radical hyst,2018-10-01,2019-09-30
58550,Laparo-asst vag hysterectomy,2018-10-01,2019-09-30
58552,Laparo-vag hyst incl t/o,2018-10-01,2019-09-30
58553,Laparo-vag hyst complex,2018-10-01,2019-09-30
58554,Laparo-vag hyst w/t/o compl,2018-10-01,2019-09-30
58555,Hysteroscopy dx sep proc,2018-10-01,2019-09-30
58558,Hysteroscopy biopsy,2018-10-01,2019-09-30
58559,Hysteroscopy lysis,2018-10-01,2019-09-30
58560,Hysteroscopy resect septum,2018-10-01,2019-09-30
58561,Hysteroscopy remove myoma,2018-10-01,2019-09-30
58562,Hysteroscopy remove fb,2018-10-01,2019-09-30
58563,Hysteroscopy ablation,2018-10-01,2019-09-30
58565,Hysteroscopy sterilization,2018-10-01,2019-09-30
58570,Tlh uterus 250 g or less,2018-10-01,2019-09-30
58571,Tlh w/t/o 250 g or less,2018-10-01,2019-09-30
58572,Tlh uterus over 250 g,2018-10-01,2019-09-30
58573,Tlh w/t/o uterus over 250 g,2018-10-01,2019-09-30
58575,Laps tot hyst resj mal,2018-10-01,2019-09-30
58578,Laparo proc uterus,2018-10-01,2019-09-30
58579,Hysteroscope procedure,2018-10-01,2019-09-30
58580,Transcrv abltj utrn fibrd rf,2024-10-01,2025-09-30
58600,Division of fallopian tube,2018-10-01,2019-09-30
58605,Division of fallopian tube,2018-10-01,2019-09-30
58615,Occlude fallopian tube(s),2018-10-01,2019-09-30
58660,Laparoscopy lysis,2018-10-01,2019-09-30
58661,Laparoscopy remove adnexa,2018-10-01,2019-09-30
58662,Laparoscopy excise lesions,2018-10-01,2019-09-30
58670,Laparoscopy tubal cautery,2018-10-01,2019-09-30
58671,Laparoscopy tubal block,2018-10-01,2019-09-30
58672,Laparoscopy fimbrioplasty,2018-10-01,2019-09-30
58673,Laparoscopy salpingostomy,2018-10-01,2019-09-30
58674,Laps abltj uterine fibroids,2018-10-01,2019-09-30
58679,Laparo proc oviduct-ovary,2018-10-01,2019-09-30
58700,Removal of fallopian tube,2018-10-01,2019-09-30
58720,Removal of ovary/tube(s),2018-10-01,2019-09-30
58740,Adhesiolysis tube ovary,2018-10-01,2019-09-30
58750,Repair oviduct,2018-10-01,2019-09-30
58752,Revise ovarian tube(s),2018-10-01,2019-09-30
58760,Fimbrioplasty,2018-10-01,2019-09-30
58770,Create new tubal opening,2018-10-01,2019-09-30
58800,Drainage of ovarian cyst(s),2018-10-01,2019-09-30
58805,Drainage of ovarian cyst(s),2018-10-01,2019-09-30
58820,Drain ovary abscess open,2018-10-01,2019-09-30
58822,Drain ovary abscess percut,2018-10-01,2019-09-30
58825,Transposition ovary(s),2018-10-01,2019-09-30
58920,Partial removal of ovary(s),2018-10-01,2019-09-30
58925,Removal of ovarian cyst(s),2018-10-01,2019-09-30
58940,Removal of ovary(s),2018-10-01,2019-09-30
58943,Removal of ovary(s),2018-10-01,2019-09-30
58950,Resect ovarian malignancy,2018-10-01,2019-09-30
58951,Resect ovarian malignancy,2018-10-01,2019-09-30
58952,Resect ovarian malignancy,2018-10-01,2019-09-30
58953,Tah rad dissect for debulk,2018-10-01,2019-09-30
58954,Tah rad debulk/lymph remove,2018-10-01,2019-09-30
58956,Bso omentectomy w/tah,2018-10-01,2019-09-30
58957,Resect recurrent gyn mal,2018-10-01,2019-09-30
58958,Resect recur gyn mal w/lym,2018-10-01,2019-09-30
58960,Exploration of abdomen,2018-10-01,2019-09-30
58970,Retrieval of oocyte,2018-10-01,2019-09-30
58974,Transfer of embryo,2018-10-01,2019-09-30
58976,Transfer of embryo,2018-10-01,2019-09-30
58999,Genital surgery procedure,2018-10-01,2019-09-30
59000,Amniocentesis diagnostic,2018-10-01,2019-09-30
59001,Amniocentesis therapeutic,2018-10-01,2019-09-30
59012,Fetal cord puncture prenatal,2018-10-01,2019-09-30
59015,Chorion biopsy,2018-10-01,2019-09-30
59020,Fetal contract stress test,2018-10-01,2019-09-30
59025,Fetal non-stress test,2018-10-01,2019-09-30
59030,Fetal scalp blood sample,2018-10-01,2019-09-30
59050,Fetal monitor w/report,2018-10-01,2019-09-30
59051,Fetal monitor/interpret only,2018-10-01,2019-09-30
59070,Transabdom amnioinfus w/us,2018-10-01,2019-09-30
59072,Umbilical cord occlud w/us,2018-10-01,2019-09-30
59074,Fetal fluid drainage w/us,2018-10-01,2019-09-30
59076,Fetal shunt placement w/us,2018-10-01,2019-09-30
59100,Remove uterus lesion,2018-10-01,2019-09-30
59120,Treat ectopic pregnancy,2018-10-01,2019-09-30
59121,Treat ectopic pregnancy,2018-10-01,2019-09-30
59130,Treat ectopic pregnancy,2018-10-01,2019-09-30
59135,Treat ectopic pregnancy,2018-10-01,2019-09-30
59136,Treat ectopic pregnancy,2018-10-01,2019-09-30
59140,Treat ectopic pregnancy,2018-10-01,2019-09-30
59150,Treat ectopic pregnancy,2018-10-01,2019-09-30
59151,Treat ectopic pregnancy,2018-10-01,2019-09-30
59160,D & c after delivery,2018-10-01,2019-09-30
59200,Insert cervical dilator,2018-10-01,2019-09-30
59300,Episiotomy or vaginal repair,2018-10-01,2019-09-30
59320,Revision of cervix,2018-10-01,2019-09-30
59325,Revision of cervix,2018-10-01,2019-09-30
59350,Repair of uterus,2018-10-01,2019-09-30
59400,Obstetrical care,2018-10-01,2019-09-30
59409,Obstetrical care,2018-10-01,2019-09-30
59410,Obstetrical care,2018-10-01,2019-09-30
59412,Antepartum manipulation,2018-10-01,2019-09-30
59414,Deliver placenta,2018-10-01,2019-09-30
59425,Antepartum care only,2018-10-01,2019-09-30
59426,Antepartum care only,2018-10-01,2019-09-30
59430,Care after delivery,2018-10-01,2019-09-30
59510,Cesarean delivery,2018-10-01,2019-09-30
59514,Cesarean delivery only,2018-10-01,2019-09-30
59515,Cesarean delivery,2018-10-01,2019-09-30
59610,Vbac delivery,2018-10-01,2019-09-30
59612,Vbac delivery only,2018-10-01,2019-09-30
59614,Vbac care after delivery,2018-10-01,2019-09-30
59618,Attempted vbac delivery,2018-10-01,2019-09-30
59620,Attempted vbac delivery only,2018-10-01,2019-09-30
59622,Attempted vbac after care,2018-10-01,2019-09-30
59820,Care of miscarriage,2018-10-01,2019-09-30
59821,Treatment of miscarriage,2018-10-01,2019-09-30
59830,Treat uterus infection,2018-10-01,2019-09-30
59870,Evacuate mole of uterus,2018-10-01,2019-09-30
59871,Remove cerclage suture,2018-10-01,2019-09-30
59897,Fetal invas px w/us,2018-10-01,2019-09-30
59898,Laparo proc ob care/deliver,2018-10-01,2019-09-30
59899,Maternity care procedure,2018-10-01,2019-09-30
60000,Drain thyroid/tongue cyst,2018-10-01,2019-09-30
60200,Remove thyroid lesion,2018-10-01,2019-09-30
60210,Partial thyroid excision,2018-10-01,2019-09-30
60212,Partial thyroid excision,2018-10-01,2019-09-30
60220,Partial removal of thyroid,2018-10-01,2019-09-30
60225,Partial removal of thyroid,2018-10-01,2019-09-30
60240,Removal of thyroid,2018-10-01,2019-09-30
60252,Removal of thyroid,2018-10-01,2019-09-30
60254,Extensive thyroid surgery,2018-10-01,2019-09-30
60260,Repeat thyroid surgery,2018-10-01,2019-09-30
60270,Removal of thyroid,2018-10-01,2019-09-30
60271,Removal of thyroid,2018-10-01,2019-09-30
60280,Remove thyroid duct lesion,2018-10-01,2019-09-30
60281,Remove thyroid duct lesion,2018-10-01,2019-09-30
60300,Aspir/inj thyroid cyst,2018-10-01,2019-09-30
60500,Explore parathyroid glands,2018-10-01,2019-09-30
60502,Re-explore parathyroids,2018-10-01,2019-09-30
60505,Explore parathyroid glands,2018-10-01,2019-09-30
60520,Removal of thymus gland,2018-10-01,2019-09-30
60521,Removal of thymus gland,2018-10-01,2019-09-30
60522,Removal of thymus gland,2018-10-01,2019-09-30
60540,Explore adrenal gland,2018-10-01,2019-09-30
60545,Explore adrenal gland,2018-10-01,2019-09-30
60600,Remove carotid body lesion,2018-10-01,2019-09-30
60605,Remove carotid body lesion,2018-10-01,2019-09-30
60650,Laparoscopy adrenalectomy,2018-10-01,2019-09-30
60659,Laparo proc endocrine,2018-10-01,2019-09-30
60660,Abltj 1/+thyr ndul 1lobe prq,2025-10-01,9999-12-31
60661,Abltj 1/+thyr ndul addl prq,2025-10-01,9999-12-31
60699,Endocrine surgery procedure,2018-10-01,2019-09-30
61000,Remove cranial cavity fluid,2018-10-01,2019-09-30
61001,Remove cranial cavity fluid,2018-10-01,2019-09-30
61020,Remove brain cavity fluid,2018-10-01,2019-09-30
61026,Injection into brain canal,2018-10-01,2019-09-30
61050,Remove brain canal fluid,2018-10-01,2019-09-30
61055,Injection into brain canal,2018-10-01,2019-09-30
61070,Brain canal shunt procedure,2018-10-01,2019-09-30
61107,Drill skull for implantation,2018-10-01,2019-09-30
61108,Drill skull for drainage,2018-10-01,2019-09-30
61140,Pierce skull for biopsy,2018-10-01,2019-09-30
61150,Pierce skull for drainage,2018-10-01,2019-09-30
61151,Pierce skull for drainage,2018-10-01,2019-09-30
61154,Pierce skull & remove clot,2018-10-01,2019-09-30
61156,Pierce skull for drainage,2018-10-01,2019-09-30
61210,Pierce skull implant device,2018-10-01,2019-09-30
61215,Insert brain-fluid device,2018-10-01,2019-09-30
61250,Pierce skull & explore,2018-10-01,2019-09-30
61304,Open skull for exploration,2018-10-01,2019-09-30
61305,Open skull for exploration,2018-10-01,2019-09-30
61312,Open skull for drainage,2018-10-01,2019-09-30
61313,Open skull for drainage,2018-10-01,2019-09-30
61314,Open skull for drainage,2018-10-01,2019-09-30
61315,Open skull for drainage,2018-10-01,2019-09-30
61320,Open skull for drainage,2018-10-01,2019-09-30
61321,Open skull for drainage,2018-10-01,2019-09-30
61322,Decompressive craniotomy,2018-10-01,2019-09-30
61323,Decompressive lobectomy,2018-10-01,2019-09-30
61330,Decompress eye socket,2018-10-01,2019-09-30
61333,Explore orbit/remove lesion,2018-10-01,2019-09-30
61340,Subtemporal decompression,2018-10-01,2019-09-30
61343,Incise skull (press relief),2018-10-01,2019-09-30
61345,Relieve cranial pressure,2018-10-01,2019-09-30
61450,Incise skull for surgery,2018-10-01,2019-09-30
61458,Incise skull for brain wound,2018-10-01,2019-09-30
61460,Incise skull for surgery,2018-10-01,2019-09-30
61500,Removal of skull lesion,2018-10-01,2019-09-30
61501,Remove infected skull bone,2018-10-01,2019-09-30
61510,Removal of brain lesion,2018-10-01,2019-09-30
61512,Remove brain lining lesion,2018-10-01,2019-09-30
61514,Removal of brain abscess,2018-10-01,2019-09-30
61516,Removal of brain lesion,2018-10-01,2019-09-30
61518,Removal of brain lesion,2018-10-01,2019-09-30
61519,Remove brain lining lesion,2018-10-01,2019-09-30
61520,Removal of brain lesion,2018-10-01,2019-09-30
61521,Removal of brain lesion,2018-10-01,2019-09-30
61522,Removal of brain abscess,2018-10-01,2019-09-30
61524,Removal of brain lesion,2018-10-01,2019-09-30
61526,Removal of brain lesion,2018-10-01,2019-09-30
61530,Removal of brain lesion,2018-10-01,2019-09-30
61531,Implant brain electrodes,2018-10-01,2019-09-30
61533,Implant brain electrodes,2018-10-01,2019-09-30
61534,Removal of brain lesion,2018-10-01,2019-09-30
61535,Remove brain electrodes,2018-10-01,2019-09-30
61536,Removal of brain lesion,2018-10-01,2019-09-30
61537,Removal of brain tissue,2018-10-01,2019-09-30
61538,Removal of brain tissue,2018-10-01,2019-09-30
61539,Removal of brain tissue,2018-10-01,2019-09-30
61540,Removal of brain tissue,2018-10-01,2019-09-30
61541,Incision of brain tissue,2018-10-01,2019-09-30
61543,Removal of brain tissue,2018-10-01,2019-09-30
61544,Remove & treat brain lesion,2018-10-01,2019-09-30
61545,Excision of brain tumor,2018-10-01,2019-09-30
61546,Removal of pituitary gland,2018-10-01,2019-09-30
61548,Removal of pituitary gland,2018-10-01,2019-09-30
61550,Release of skull seams,2018-10-01,2019-09-30
61552,Release of skull seams,2018-10-01,2019-09-30
61556,Incise skull/sutures,2018-10-01,2019-09-30
61557,Incise skull/sutures,2018-10-01,2019-09-30
61558,Excision of skull/sutures,2018-10-01,2019-09-30
61559,Excision of skull/sutures,2018-10-01,2019-09-30
61563,Excision of skull tumor,2018-10-01,2019-09-30
61564,Excision of skull tumor,2018-10-01,2019-09-30
61566,Removal of brain tissue,2018-10-01,2019-09-30
61567,Incision of brain tissue,2018-10-01,2019-09-30
61570,Remove foreign body brain,2018-10-01,2019-09-30
61571,Incise skull for brain wound,2018-10-01,2019-09-30
61575,Skull base/brainstem surgery,2018-10-01,2019-09-30
61576,Skull base/brainstem surgery,2018-10-01,2019-09-30
61580,Craniofacial approach skull,2018-10-01,2019-09-30
61581,Craniofacial approach skull,2018-10-01,2019-09-30
61582,Craniofacial approach skull,2018-10-01,2019-09-30
61583,Craniofacial approach skull,2018-10-01,2019-09-30
61584,Orbitocranial approach/skull,2018-10-01,2019-09-30
61585,Orbitocranial approach/skull,2018-10-01,2019-09-30
61586,Resect nasopharynx skull,2018-10-01,2019-09-30
61590,Infratemporal approach/skull,2018-10-01,2019-09-30
61591,Infratemporal approach/skull,2018-10-01,2019-09-30
61592,Orbitocranial approach/skull,2018-10-01,2019-09-30
61595,Transtemporal approach/skull,2018-10-01,2019-09-30
61596,Transcochlear approach/skull,2018-10-01,2019-09-30
61597,Transcondylar approach/skull,2018-10-01,2019-09-30
61598,Transpetrosal approach/skull,2018-10-01,2019-09-30
61600,Resect/excise cranial lesion,2018-10-01,2019-09-30
61601,Resect/excise cranial lesion,2018-10-01,2019-09-30
61605,Resect/excise cranial lesion,2018-10-01,2019-09-30
61606,Resect/excise cranial lesion,2018-10-01,2019-09-30
61607,Resect/excise cranial lesion,2018-10-01,2019-09-30
61608,Resect/excise cranial lesion,2018-10-01,2019-09-30
61613,Remove aneurysm sinus,2018-10-01,2019-09-30
61615,Resect/excise lesion skull,2018-10-01,2019-09-30
61616,Resect/excise lesion skull,2018-10-01,2019-09-30
61618,Repair dura,2018-10-01,2019-09-30
61619,Repair dura,2018-10-01,2019-09-30
61623,Endovasc tempory vessel occl,2018-10-01,2019-09-30
61624,Transcath occlusion cns,2018-10-01,2019-09-30
61626,Transcath occlusion non-cns,2018-10-01,2019-09-30
61630,Intracranial angioplasty,2018-10-01,2019-09-30
61635,Intracran angioplsty w/stent,2018-10-01,2019-09-30
61640,Dilate ic vasospasm init,2018-10-01,2019-09-30
61645,Perq art m-thrombect &/nfs,2018-10-01,2019-09-30
61650,Evasc prlng admn rx agnt 1st,2018-10-01,2019-09-30
61680,Intracranial vessel surgery,2018-10-01,2019-09-30
61682,Intracranial vessel surgery,2018-10-01,2019-09-30
61684,Intracranial vessel surgery,2018-10-01,2019-09-30
61686,Intracranial vessel surgery,2018-10-01,2019-09-30
61690,Intracranial vessel surgery,2018-10-01,2019-09-30
61692,Intracranial vessel surgery,2018-10-01,2019-09-30
61697,Brain aneurysm repr complx,2018-10-01,2019-09-30
61698,Brain aneurysm repr complx,2018-10-01,2019-09-30
61700,Brain aneurysm repr simple,2018-10-01,2019-09-30
61702,Inner skull vessel surgery,2018-10-01,2019-09-30
61703,Clamp neck artery,2018-10-01,2019-09-30
61705,Revise circulation to head,2018-10-01,2019-09-30
61708,Revise circulation to head,2018-10-01,2019-09-30
61710,Revise circulation to head,2018-10-01,2019-09-30
61711,Fusion of skull arteries,2018-10-01,2019-09-30
61715,Mrgfus strtctc ablt trgt icr,2025-10-01,9999-12-31
61720,Incise skull/brain surgery,2018-10-01,2019-09-30
61735,Incise skull/brain surgery,2018-10-01,2019-09-30
61736,Litt icr 1 traj 1 smpl les,2024-10-01,2025-09-30
61737,Litt icr mlt trj mlt/cplx ls,2024-10-01,2025-09-30
61751,Brain biopsy w/ct/mr guide,2018-10-01,2019-09-30
61760,Implant brain electrodes,2018-10-01,2019-09-30
61770,Incise skull for treatment,2018-10-01,2019-09-30
61790,Treat trigeminal nerve,2018-10-01,2019-09-30
61791,Treat trigeminal tract,2018-10-01,2019-09-30
61796,Srs cranial lesion simple,2018-10-01,2019-09-30
61798,Srs cranial lesion complex,2018-10-01,2019-09-30
61850,Implant neuroelectrodes,2018-10-01,2019-09-30
61860,Implant neuroelectrodes,2018-10-01,2019-09-30
61863,Implant neuroelectrode,2018-10-01,2019-09-30
61867,Implant neuroelectrode,2018-10-01,2019-09-30
61870,Implant neuroelectrodes,2018-10-01,2019-09-30
61880,Revise/remove neuroelectrode,2018-10-01,2019-09-30
61885,Insrt/redo neurostim 1 array,2018-10-01,2019-09-30
61886,Implant neurostim arrays,2018-10-01,2019-09-30
61888,Revise/remove neuroreceiver,2018-10-01,2019-09-30
61889,Ins sk-mnt crnl nstm pg/rcvr,2024-10-01,2025-09-30
61891,Rev/rplcmt sk-mnt crnl nstm,2024-10-01,2025-09-30
61892,Rmv sk-mnt crnl nstm pg/rcvr,2024-10-01,2025-09-30
62000,Treat skull fracture,2018-10-01,2019-09-30
62005,Treat skull fracture,2018-10-01,2019-09-30
62010,Treatment of head injury,2018-10-01,2019-09-30
62100,Repair brain fluid leakage,2018-10-01,2019-09-30
62115,Reduction of skull defect,2018-10-01,2019-09-30
62117,Reduction of skull defect,2018-10-01,2019-09-30
62120,Repair skull cavity lesion,2018-10-01,2019-09-30
62121,Incise skull repair,2018-10-01,2019-09-30
62140,Repair of skull defect,2018-10-01,2019-09-30
62141,Repair of skull defect,2018-10-01,2019-09-30
62142,Remove skull plate/flap,2018-10-01,2019-09-30
62143,Replace skull plate/flap,2018-10-01,2019-09-30
62145,Repair of skull & brain,2018-10-01,2019-09-30
62146,Repair of skull with graft,2018-10-01,2019-09-30
62147,Repair of skull with graft,2018-10-01,2019-09-30
62161,Dissect brain w/scope,2018-10-01,2019-09-30
62162,Remove colloid cyst w/scope,2018-10-01,2019-09-30
62163,Zneuroendoscopy w/fb removal,2018-10-01,2019-09-30
62164,Remove brain tumor w/scope,2018-10-01,2019-09-30
62165,Remove pituit tumor w/scope,2018-10-01,2019-09-30
62180,Establish brain cavity shunt,2018-10-01,2019-09-30
62190,Establish brain cavity shunt,2018-10-01,2019-09-30
62192,Establish brain cavity shunt,2018-10-01,2019-09-30
62194,Replace/irrigate catheter,2018-10-01,2019-09-30
62200,Establish brain cavity shunt,2018-10-01,2019-09-30
62201,Brain cavity shunt w/scope,2018-10-01,2019-09-30
62220,Establish brain cavity shunt,2018-10-01,2019-09-30
62223,Establish brain cavity shunt,2018-10-01,2019-09-30
62225,Replace/irrigate catheter,2018-10-01,2019-09-30
62230,Replace/revise brain shunt,2018-10-01,2019-09-30
62252,Csf shunt reprogram,2018-10-01,2019-09-30
62256,Remove brain cavity shunt,2018-10-01,2019-09-30
62258,Replace brain cavity shunt,2018-10-01,2019-09-30
62263,Epidural lysis mult sessions,2018-10-01,2019-09-30
62264,Epidural lysis on single day,2018-10-01,2019-09-30
62268,Drain spinal cord cyst,2018-10-01,2019-09-30
62272,Drain cerebro spinal fluid,2018-10-01,2019-09-30
62273,Inject epidural patch,2018-10-01,2019-09-30
62280,Treat spinal cord lesion,2018-10-01,2019-09-30
62281,Treat spinal cord lesion,2018-10-01,2019-09-30
62282,Treat spinal canal lesion,2018-10-01,2019-09-30
62287,Percutaneous diskectomy,2018-10-01,2019-09-30
62292,Njx chemonucleolysis lmbr,2018-10-01,2019-09-30
62294,Injection into spinal artery,2018-10-01,2019-09-30
62320,Njx interlaminar crv/thrc,2018-10-01,2019-09-30
62321,Njx interlaminar crv/thrc,2018-10-01,2019-09-30
62322,Njx interlaminar lmbr/sac,2018-10-01,2019-09-30
62323,Njx interlaminar lmbr/sac,2018-10-01,2019-09-30
62324,Njx interlaminar crv/thrc,2018-10-01,2019-09-30
62325,Njx interlaminar crv/thrc,2018-10-01,2019-09-30
62326,Njx interlaminar lmbr/sac,2018-10-01,2019-09-30
62327,Njx interlaminar lmbr/sac,2018-10-01,2019-09-30
62329,Ther spi pnxr csf fluor/ct,2024-10-01,2025-09-30
62350,Implant spinal canal cath,2018-10-01,2019-09-30
62351,Implant spinal canal cath,2018-10-01,2019-09-30
62355,Remove spinal canal catheter,2018-10-01,2019-09-30
62360,Insert spine infusion device,2018-10-01,2019-09-30
62361,Implant spine infusion pump,2018-10-01,2019-09-30
62362,Implant spine infusion pump,2018-10-01,2019-09-30
62365,Remove spine infusion device,2018-10-01,2019-09-30
62367,Analyze spine infus pump,2018-10-01,2019-09-30
62368,Analyze sp inf pump w/reprog,2018-10-01,2019-09-30
62369,Anal sp inf pmp w/reprg&fill,2018-10-01,2019-09-30
62370,Anl sp inf pmp w/mdreprg&fil,2018-10-01,2019-09-30
62380,Ndsc dcmprn 1 ntrspc lumbar,2018-10-01,2019-09-30
63001,Remove spine lamina 1/2 crvl,2018-10-01,2019-09-30
63003,Remove spine lamina 1/2 thrc,2018-10-01,2019-09-30
63005,Remove spine lamina 1/2 lmbr,2018-10-01,2019-09-30
63011,Remove spine lamina 1/2 scrl,2018-10-01,2019-09-30
63012,Remove lamina/facets lumbar,2018-10-01,2019-09-30
63015,Remove spine lamina >2 crvcl,2018-10-01,2019-09-30
63016,Remove spine lamina >2 thrc,2018-10-01,2019-09-30
63017,Remove spine lamina >2 lmbr,2018-10-01,2019-09-30
63020,Neck spine disk surgery,2018-10-01,2019-09-30
63030,Low back disk surgery,2018-10-01,2019-09-30
63040,Laminotomy single cervical,2018-10-01,2019-09-30
63042,Laminotomy single lumbar,2018-10-01,2019-09-30
63045,Remove spine lamina 1 crvl,2018-10-01,2019-09-30
63046,Remove spine lamina 1 thrc,2018-10-01,2019-09-30
63047,Remove spine lamina 1 lmbr,2018-10-01,2019-09-30
63050,Cervical laminoplsty 2/> seg,2018-10-01,2019-09-30
63051,C-laminoplasty w/graft/plate,2018-10-01,2019-09-30
63055,Decompress spinal cord thrc,2018-10-01,2019-09-30
63056,Decompress spinal cord lmbr,2018-10-01,2019-09-30
63064,Decompress spinal cord thrc,2018-10-01,2019-09-30
63075,Neck spine disk surgery,2018-10-01,2019-09-30
63077,Spine disk surgery thorax,2018-10-01,2019-09-30
63081,Remove vert body dcmprn crvl,2018-10-01,2019-09-30
63085,Remove vert body dcmprn thrc,2018-10-01,2019-09-30
63087,Remov vertbr dcmprn thrclmbr,2018-10-01,2019-09-30
63090,Remove vert body dcmprn lmbr,2018-10-01,2019-09-30
63101,Remove vert body dcmprn thrc,2018-10-01,2019-09-30
63102,Remove vert body dcmprn lmbr,2018-10-01,2019-09-30
63170,Incise spinal cord tract(s),2018-10-01,2019-09-30
63172,Drainage of spinal cyst,2018-10-01,2019-09-30
63173,Drainage of spinal cyst,2018-10-01,2019-09-30
63180,Revise spinal cord ligaments,2018-10-01,2019-09-30
63182,Revise spinal cord ligaments,2018-10-01,2019-09-30
63185,Incise spine nrv half segmnt,2018-10-01,2019-09-30
63190,Incise spine nrv >2 segmnts,2018-10-01,2019-09-30
63191,Incise spine accessory nerve,2018-10-01,2019-09-30
63194,Incise spine & cord cervical,2018-10-01,2019-09-30
63195,Incise spine & cord thoracic,2018-10-01,2019-09-30
63196,Incise spine&cord 2 trx crvl,2018-10-01,2019-09-30
63197,Incise spine&cord 2 trx thrc,2018-10-01,2019-09-30
63198,Incise spin&cord 2 stgs crvl,2018-10-01,2019-09-30
63199,Incise spin&cord 2 stgs thrc,2018-10-01,2019-09-30
63200,Release spinal cord lumbar,2018-10-01,2019-09-30
63250,Revise spinal cord vsls crvl,2018-10-01,2019-09-30
63251,Revise spinal cord vsls thrc,2018-10-01,2019-09-30
63252,Revise spine cord vsl thrlmb,2018-10-01,2019-09-30
63265,Excise intraspinl lesion crv,2018-10-01,2019-09-30
63266,Excise intrspinl lesion thrc,2018-10-01,2019-09-30
63267,Excise intrspinl lesion lmbr,2018-10-01,2019-09-30
63268,Excise intrspinl lesion scrl,2018-10-01,2019-09-30
63270,Excise intrspinl lesion crvl,2018-10-01,2019-09-30
63271,Excise intrspinl lesion thrc,2018-10-01,2019-09-30
63272,Excise intrspinl lesion lmbr,2018-10-01,2019-09-30
63273,Excise intrspinl lesion scrl,2018-10-01,2019-09-30
63275,Bx/exc xdrl spine lesn crvl,2018-10-01,2019-09-30
63276,Bx/exc xdrl spine lesn thrc,2018-10-01,2019-09-30
63277,Bx/exc xdrl spine lesn lmbr,2018-10-01,2019-09-30
63278,Bx/exc xdrl spine lesn scrl,2018-10-01,2019-09-30
63280,Bx/exc idrl spine lesn crvl,2018-10-01,2019-09-30
63281,Bx/exc idrl spine lesn thrc,2018-10-01,2019-09-30
63282,Bx/exc idrl spine lesn lmbr,2018-10-01,2019-09-30
63283,Bx/exc idrl spine lesn scrl,2018-10-01,2019-09-30
63285,Bx/exc idrl imed lesn cervl,2018-10-01,2019-09-30
63286,Bx/exc idrl imed lesn thrc,2018-10-01,2019-09-30
63287,Bx/exc idrl imed lesn thrlmb,2018-10-01,2019-09-30
63290,Bx/exc xdrl/idrl lsn any lvl,2018-10-01,2019-09-30
63300,Remove vert xdrl body crvcl,2018-10-01,2019-09-30
63301,Remove vert xdrl body thrc,2018-10-01,2019-09-30
63302,Remove vert xdrl body thrlmb,2018-10-01,2019-09-30
63303,Remov vert xdrl bdy lmbr/sac,2018-10-01,2019-09-30
63304,Remove vert idrl body crvcl,2018-10-01,2019-09-30
63305,Remove vert idrl body thrc,2018-10-01,2019-09-30
63306,Remov vert idrl bdy thrclmbr,2018-10-01,2019-09-30
63307,Remov vert idrl bdy lmbr/sac,2018-10-01,2019-09-30
63600,Remove spinal cord lesion,2018-10-01,2019-09-30
63610,Stimulation of spinal cord,2018-10-01,2019-09-30
63620,Srs spinal lesion,2018-10-01,2019-09-30
63650,Implant neuroelectrodes,2018-10-01,2019-09-30
63655,Implant neuroelectrodes,2018-10-01,2019-09-30
63661,Remove spine eltrd perq aray,2018-10-01,2019-09-30
63662,Remove spine eltrd plate,2018-10-01,2019-09-30
63663,Revise spine eltrd perq aray,2018-10-01,2019-09-30
63664,Revise spine eltrd plate,2018-10-01,2019-09-30
63685,Insrt/redo spine n generator,2018-10-01,2019-09-30
63688,Revise/remove neuroreceiver,2018-10-01,2019-09-30
63700,Repair of spinal herniation,2018-10-01,2019-09-30
63702,Repair of spinal herniation,2018-10-01,2019-09-30
63704,Repair of spinal herniation,2018-10-01,2019-09-30
63706,Repair of spinal herniation,2018-10-01,2019-09-30
63707,Repair spinal fluid leakage,2018-10-01,2019-09-30
63709,Repair spinal fluid leakage,2018-10-01,2019-09-30
63710,Graft repair of spine defect,2018-10-01,2019-09-30
63740,Install spinal shunt,2018-10-01,2019-09-30
63741,Install spinal shunt,2018-10-01,2019-09-30
63744,Revision of spinal shunt,2018-10-01,2019-09-30
63746,Removal of spinal shunt,2018-10-01,2019-09-30
64400,N block inj trigeminal,2018-10-01,2019-09-30
64402,N block inj facial,2018-10-01,2019-09-30
64405,N block inj occipital,2018-10-01,2019-09-30
64408,N block inj vagus,2018-10-01,2019-09-30
64410,N block inj phrenic,2018-10-01,2019-09-30
64413,N block inj cervical plexus,2018-10-01,2019-09-30
64415,N block inj brachial plexus,2018-10-01,2019-09-30
64416,N block cont infuse b plex,2018-10-01,2019-09-30
64417,N block inj axillary,2018-10-01,2019-09-30
64418,N block inj suprascapular,2018-10-01,2019-09-30
64420,N block inj intercost sng,2018-10-01,2019-09-30
64421,N block inj intercost mlt,2018-10-01,2019-09-30
64425,N block inj ilio-ing/hypogi,2018-10-01,2019-09-30
64430,N block inj pudendal,2018-10-01,2019-09-30
64435,N block inj paracervical,2018-10-01,2019-09-30
64445,N block inj sciatic sng,2018-10-01,2019-09-30
64446,N blk inj sciatic cont inf,2018-10-01,2019-09-30
64447,N block inj fem single,2018-10-01,2019-09-30
64448,N block inj fem cont inf,2018-10-01,2019-09-30
64449,N block inj lumbar plexus,2018-10-01,2019-09-30
64450,N block other peripheral,2018-10-01,2019-09-30
64451,Njx aa&/strd nrv nrvtg si jt,2024-10-01,2025-09-30
64454,Njx aa&/strd gnclr nrv brnch,2024-10-01,2025-09-30
64455,N block inj plantar digit,2018-10-01,2019-09-30
64466,Thrc fascial pln blk uni njx,2025-10-01,9999-12-31
64467,Thrc fascial pln blk uni nfs,2025-10-01,9999-12-31
64468,Thrc fascial pln blk bi njx,2025-10-01,9999-12-31
64469,Thrc fascial pln blk bi nfs,2025-10-01,9999-12-31
64473,Lwr xtr fscl pln blk uni njx,2025-10-01,9999-12-31
64474,Lwr xtr fscl pln blk uni nfs,2025-10-01,9999-12-31
64479,Inj foramen epidural c/t,2018-10-01,2019-09-30
64483,Inj foramen epidural l/s,2018-10-01,2019-09-30
64486,Tap block unil by injection,2018-10-01,2019-09-30
64487,Tap block uni by infusion,2018-10-01,2019-09-30
64488,Tap block bi injection,2018-10-01,2019-09-30
64489,Tap block bi by infusion,2018-10-01,2019-09-30
64490,Inj paravert f jnt c/t 1 lev,2018-10-01,2019-09-30
64493,Inj paravert f jnt l/s 1 lev,2018-10-01,2019-09-30
64505,N block spenopalatine gangl,2018-10-01,2019-09-30
64510,N block stellate ganglion,2018-10-01,2019-09-30
64517,N block inj hypogas plxs,2018-10-01,2019-09-30
64520,N block lumbar/thoracic,2018-10-01,2019-09-30
64530,N block inj celiac pelus,2018-10-01,2019-09-30
64553,Implant neuroelectrodes,2018-10-01,2019-09-30
64555,Implant neuroelectrodes,2018-10-01,2019-09-30
64561,Implant neuroelectrodes,2018-10-01,2019-09-30
64566,Neuroeltrd stim post tibial,2018-10-01,2019-09-30
64568,Inc for vagus n elect impl,2018-10-01,2019-09-30
64569,Revise/repl vagus n eltrd,2018-10-01,2019-09-30
64570,Remove vagus n eltrd,2018-10-01,2019-09-30
64575,Implant neuroelectrodes,2018-10-01,2019-09-30
64580,Implant neuroelectrodes,2018-10-01,2019-09-30
64581,Implant neuroelectrodes,2018-10-01,2019-09-30
64582,Opn mpltj hpglsl nstm ary pg,2024-10-01,2025-09-30
64583,Rev/rplct hpglsl nstm ary pg,2024-10-01,2025-09-30
64584,Rmvl hpglsl nstim ary pg,2024-10-01,2025-09-30
64585,Revise/remove neuroelectrode,2018-10-01,2019-09-30
64590,Insrt/redo pn/gastr stimul,2018-10-01,2019-09-30
64595,Revise/rmv pn/gastr stimul,2018-10-01,2019-09-30
64596,Ins/rplcmt prq eltrd ra pn 1,2024-10-01,2025-09-30
64598,Revj/rmvl nea pn w/int nstim,2024-10-01,2025-09-30
64600,Injection treatment of nerve,2018-10-01,2019-09-30
64605,Injection treatment of nerve,2018-10-01,2019-09-30
64610,Injection treatment of nerve,2018-10-01,2019-09-30
64611,Chemodenerv saliv glands,2018-10-01,2019-09-30
64612,Destroy nerve face muscle,2018-10-01,2019-09-30
64615,Chemodenerv musc migraine,2018-10-01,2019-09-30
64616,Chemodenerv musc neck dyston,2018-10-01,2019-09-30
64617,Chemodener muscle larynx emg,2018-10-01,2019-09-30
64620,Injection treatment of nerve,2018-10-01,2019-09-30
64624,Dstrj nulyt agt gnclr nrv,2024-10-01,2025-09-30
64625,Rf abltj nrv nrvtg si jt,2024-10-01,2025-09-30
64628,Trml dstrj ios bvn 1st 2 l/s,2024-10-01,2025-09-30
64630,Injection treatment of nerve,2018-10-01,2019-09-30
64632,N block inj common digit,2018-10-01,2019-09-30
64633,Destroy cerv/thor facet jnt,2018-10-01,2019-09-30
64635,Destroy lumb/sac facet jnt,2018-10-01,2019-09-30
64640,Injection treatment of nerve,2018-10-01,2019-09-30
64642,Chemodenerv 1 extremity 1-4,2018-10-01,2019-09-30
64644,Chemodenerv 1 extrem 5/> mus,2018-10-01,2019-09-30
64646,Chemodenerv trunk musc 1-5,2018-10-01,2019-09-30
64647,Chemodenerv trunk musc 6/>,2018-10-01,2019-09-30
64650,Chemodenerv eccrine glands,2018-10-01,2019-09-30
64653,Chemodenerv eccrine glands,2018-10-01,2019-09-30
64680,Injection treatment of nerve,2018-10-01,2019-09-30
64681,Injection treatment of nerve,2018-10-01,2019-09-30
64702,Revise finger/toe nerve,2018-10-01,2019-09-30
64704,Revise hand/foot nerve,2018-10-01,2019-09-30
64708,Revise arm/leg nerve,2018-10-01,2019-09-30
64712,Revision of sciatic nerve,2018-10-01,2019-09-30
64713,Revision of arm nerve(s),2018-10-01,2019-09-30
64714,Revise low back nerve(s),2018-10-01,2019-09-30
64716,Revision of cranial nerve,2018-10-01,2019-09-30
64718,Revise ulnar nerve at elbow,2018-10-01,2019-09-30
64719,Revise ulnar nerve at wrist,2018-10-01,2019-09-30
64721,Carpal tunnel surgery,2018-10-01,2019-09-30
64722,Relieve pressure on nerve(s),2018-10-01,2019-09-30
64726,Release foot/toe nerve,2018-10-01,2019-09-30
64732,Incision of brow nerve,2018-10-01,2019-09-30
64734,Incision of cheek nerve,2018-10-01,2019-09-30
64736,Incision of chin nerve,2018-10-01,2019-09-30
64738,Incision of jaw nerve,2018-10-01,2019-09-30
64740,Incision of tongue nerve,2018-10-01,2019-09-30
64742,Incision of facial nerve,2018-10-01,2019-09-30
64744,Incise nerve back of head,2018-10-01,2019-09-30
64746,Incise diaphragm nerve,2018-10-01,2019-09-30
64755,Incision of stomach nerves,2018-10-01,2019-09-30
64760,Incision of vagus nerve,2018-10-01,2019-09-30
64763,Incise hip/thigh nerve,2018-10-01,2019-09-30
64766,Incise hip/thigh nerve,2018-10-01,2019-09-30
64771,Sever cranial nerve,2018-10-01,2019-09-30
64772,Incision of spinal nerve,2018-10-01,2019-09-30
64774,Remove skin nerve lesion,2018-10-01,2019-09-30
64776,Remove digit nerve lesion,2018-10-01,2019-09-30
64782,Remove limb nerve lesion,2018-10-01,2019-09-30
64784,Remove nerve lesion,2018-10-01,2019-09-30
64786,Remove sciatic nerve lesion,2018-10-01,2019-09-30
64788,Remove skin nerve lesion,2018-10-01,2019-09-30
64790,Removal of nerve lesion,2018-10-01,2019-09-30
64792,Removal of nerve lesion,2018-10-01,2019-09-30
64802,Sympathectomy cervical,2018-10-01,2019-09-30
64804,Remove sympathetic nerves,2018-10-01,2019-09-30
64809,Remove sympathetic nerves,2018-10-01,2019-09-30
64818,Remove sympathetic nerves,2018-10-01,2019-09-30
64820,Sympathectomy digital artery,2018-10-01,2019-09-30
64821,Remove sympathetic nerves,2018-10-01,2019-09-30
64822,Remove sympathetic nerves,2018-10-01,2019-09-30
64823,Sympathectomy supfc palmar,2018-10-01,2019-09-30
64831,Repair of digit nerve,2018-10-01,2019-09-30
64834,Repair of hand or foot nerve,2018-10-01,2019-09-30
64835,Repair of hand or foot nerve,2018-10-01,2019-09-30
64836,Repair of hand or foot nerve,2018-10-01,2019-09-30
64840,Repair of leg nerve,2018-10-01,2019-09-30
64856,Repair/transpose nerve,2018-10-01,2019-09-30
64857,Repair arm/leg nerve,2018-10-01,2019-09-30
64858,Repair sciatic nerve,2018-10-01,2019-09-30
64861,Repair of arm nerves,2018-10-01,2019-09-30
64862,Repair of low back nerves,2018-10-01,2019-09-30
64864,Repair of facial nerve,2018-10-01,2019-09-30
64865,Repair of facial nerve,2018-10-01,2019-09-30
64866,Fusion of facial/other nerve,2018-10-01,2019-09-30
64868,Fusion of facial/other nerve,2018-10-01,2019-09-30
64885,Nerve graft head/neck </4 cm,2018-10-01,2019-09-30
64886,Nerve graft head/neck >4 cm,2018-10-01,2019-09-30
64890,Nerve graft hand/foot </4 cm,2018-10-01,2019-09-30
64891,Nerve graft hand/foot >4 cm,2018-10-01,2019-09-30
64892,Nerve graft arm/leg <4 cm,2018-10-01,2019-09-30
64893,Nerve graft arm/leg >4 cm,2018-10-01,2019-09-30
64895,Nerve graft hand/foot </4 cm,2018-10-01,2019-09-30
64896,Nerve graft hand/foot >4 cm,2018-10-01,2019-09-30
64897,Nerve graft arm/leg </4 cm,2018-10-01,2019-09-30
64898,Nerve graft arm/leg >4 cm,2018-10-01,2019-09-30
64905,Nerve pedicle transfer,2018-10-01,2019-09-30
64907,Nerve pedicle transfer,2018-10-01,2019-09-30
64910,Nerve repair w/allograft,2018-10-01,2019-09-30
64911,Neurorraphy w/vein autograft,2018-10-01,2019-09-30
64912,Nrv rpr w/nrv algrft 1st,2018-10-01,2019-09-30
64999,Nervous system surgery,2018-10-01,2019-09-30
65091,Revise eye,2018-10-01,2019-09-30
65093,Revise eye with implant,2018-10-01,2019-09-30
65101,Removal of eye,2018-10-01,2019-09-30
65103,Remove eye/insert implant,2018-10-01,2019-09-30
65105,Remove eye/attach implant,2018-10-01,2019-09-30
65110,Removal of eye,2018-10-01,2019-09-30
65112,Remove eye/revise socket,2018-10-01,2019-09-30
65114,Remove eye/revise socket,2018-10-01,2019-09-30
65125,Revise ocular implant,2018-10-01,2019-09-30
65130,Insert ocular implant,2018-10-01,2019-09-30
65135,Insert ocular implant,2018-10-01,2019-09-30
65140,Attach ocular implant,2018-10-01,2019-09-30
65150,Revise ocular implant,2018-10-01,2019-09-30
65155,Reinsert ocular implant,2018-10-01,2019-09-30
65175,Removal of ocular implant,2018-10-01,2019-09-30
65205,Remove foreign body from eye,2018-10-01,2019-09-30
65210,Remove foreign body from eye,2018-10-01,2019-09-30
65220,Remove foreign body from eye,2018-10-01,2019-09-30
65222,Remove foreign body from eye,2018-10-01,2019-09-30
65235,Remove foreign body from eye,2018-10-01,2019-09-30
65260,Remove foreign body from eye,2018-10-01,2019-09-30
65265,Remove foreign body from eye,2018-10-01,2019-09-30
65270,Repair of eye wound,2018-10-01,2019-09-30
65272,Repair of eye wound,2018-10-01,2019-09-30
65273,Repair of eye wound,2018-10-01,2019-09-30
65275,Repair of eye wound,2018-10-01,2019-09-30
65280,Repair of eye wound,2018-10-01,2019-09-30
65285,Repair of eye wound,2018-10-01,2019-09-30
65286,Repair of eye wound,2018-10-01,2019-09-30
65290,Repair of eye socket wound,2018-10-01,2019-09-30
65400,Removal of eye lesion,2018-10-01,2019-09-30
65420,Removal of eye lesion,2018-10-01,2019-09-30
65426,Removal of eye lesion,2018-10-01,2019-09-30
65430,Corneal smear,2018-10-01,2019-09-30
65435,Curette/treat cornea,2018-10-01,2019-09-30
65436,Curette/treat cornea,2018-10-01,2019-09-30
65450,Treatment of corneal lesion,2018-10-01,2019-09-30
65600,Revision of cornea,2018-10-01,2019-09-30
65710,Corneal transplant,2018-10-01,2019-09-30
65730,Corneal transplant,2018-10-01,2019-09-30
65750,Corneal transplant,2018-10-01,2019-09-30
65755,Corneal transplant,2018-10-01,2019-09-30
65756,Corneal trnspl endothelial,2018-10-01,2019-09-30
65760,Revision of cornea,2018-10-01,2019-09-30
65765,Revision of cornea,2018-10-01,2019-09-30
65767,Corneal tissue transplant,2018-10-01,2019-09-30
65770,Revise cornea with implant,2018-10-01,2019-09-30
65771,Radial keratotomy,2018-10-01,2019-09-30
65772,Correction of astigmatism,2018-10-01,2019-09-30
65775,Correction of astigmatism,2018-10-01,2019-09-30
65778,Cover eye w/membrane,2018-10-01,2019-09-30
65779,Cover eye w/membrane suture,2018-10-01,2019-09-30
65780,Ocular reconst transplant,2018-10-01,2019-09-30
65781,Ocular reconst transplant,2018-10-01,2019-09-30
65782,Ocular reconst transplant,2018-10-01,2019-09-30
65785,Impltj ntrstrml crnl rng seg,2018-10-01,2019-09-30
65800,Drainage of eye,2018-10-01,2019-09-30
65810,Drainage of eye,2018-10-01,2019-09-30
65815,Drainage of eye,2018-10-01,2019-09-30
65820,Relieve inner eye pressure,2018-10-01,2019-09-30
65850,Incision of eye,2018-10-01,2019-09-30
65855,Trabeculoplasty laser surg,2018-10-01,2019-09-30
65860,Incise inner eye adhesions,2018-10-01,2019-09-30
65865,Incise inner eye adhesions,2018-10-01,2019-09-30
65870,Incise inner eye adhesions,2018-10-01,2019-09-30
65875,Incise inner eye adhesions,2018-10-01,2019-09-30
65880,Incise inner eye adhesions,2018-10-01,2019-09-30
65900,Remove eye lesion,2018-10-01,2019-09-30
65920,Remove implant of eye,2018-10-01,2019-09-30
65930,Remove blood clot from eye,2018-10-01,2019-09-30
66020,Injection treatment of eye,2018-10-01,2019-09-30
66030,Injection treatment of eye,2018-10-01,2019-09-30
66130,Remove eye lesion,2018-10-01,2019-09-30
66150,Glaucoma surgery,2018-10-01,2019-09-30
66155,Glaucoma surgery,2018-10-01,2019-09-30
66160,Glaucoma surgery,2018-10-01,2019-09-30
66170,Glaucoma surgery,2018-10-01,2019-09-30
66172,Incision of eye,2018-10-01,2019-09-30
66174,Translum dil eye canal,2018-10-01,2019-09-30
66175,Trnslum dil eye canal w/stnt,2018-10-01,2019-09-30
66179,Aqueous shunt eye w/o graft,2018-10-01,2019-09-30
66180,Aqueous shunt eye w/graft,2018-10-01,2019-09-30
66183,Insert ant drainage device,2018-10-01,2019-09-30
66184,Revision of aqueous shunt,2018-10-01,2019-09-30
66185,Revise aqueous shunt eye,2018-10-01,2019-09-30
66225,Repair/graft eye lesion,2018-10-01,2019-09-30
66250,Follow-up surgery of eye,2018-10-01,2019-09-30
66500,Incision of iris,2018-10-01,2019-09-30
66505,Incision of iris,2018-10-01,2019-09-30
66600,Remove iris and lesion,2018-10-01,2019-09-30
66605,Removal of iris,2018-10-01,2019-09-30
66625,Removal of iris,2018-10-01,2019-09-30
66630,Removal of iris,2018-10-01,2019-09-30
66635,Removal of iris,2018-10-01,2019-09-30
66680,Repair iris & ciliary body,2018-10-01,2019-09-30
66682,Repair iris & ciliary body,2018-10-01,2019-09-30
66683,Implantation iris prosthesis,2025-10-01,9999-12-31
66700,Destruction ciliary body,2018-10-01,2019-09-30
66710,Ciliary transsleral therapy,2018-10-01,2019-09-30
66711,Ciliary endoscopic ablation,2018-10-01,2019-09-30
66720,Destruction ciliary body,2018-10-01,2019-09-30
66740,Destruction ciliary body,2018-10-01,2019-09-30
66761,Revision of iris,2018-10-01,2019-09-30
66762,Revision of iris,2018-10-01,2019-09-30
66770,Removal of inner eye lesion,2018-10-01,2019-09-30
66820,Incision secondary cataract,2018-10-01,2019-09-30
66821,After cataract laser surgery,2018-10-01,2019-09-30
66825,Reposition intraocular lens,2018-10-01,2019-09-30
66830,Removal of lens lesion,2018-10-01,2019-09-30
66840,Removal of lens material,2018-10-01,2019-09-30
66850,Removal of lens material,2018-10-01,2019-09-30
66852,Removal of lens material,2018-10-01,2019-09-30
66920,Extraction of lens,2018-10-01,2019-09-30
66930,Extraction of lens,2018-10-01,2019-09-30
66940,Extraction of lens,2018-10-01,2019-09-30
66982,Cataract surgery complex,2018-10-01,2019-09-30
66983,Cataract surg w/iol 1 stage,2018-10-01,2019-09-30
66984,Cataract surg w/iol 1 stage,2018-10-01,2019-09-30
66985,Insert lens prosthesis,2018-10-01,2019-09-30
66986,Exchange lens prosthesis,2018-10-01,2019-09-30
66987,Xcapsl ctrc rmvl cplx w/ecp,2024-10-01,2025-09-30
66988,Xcapsl ctrc rmvl w/ecp,2024-10-01,2025-09-30
66989,Xcpsl ctrc rmvl cplx insj 1+,2024-10-01,2025-09-30
66991,Xcapsl ctrc rmvl insj 1+,2024-10-01,2025-09-30
66999,Eye surgery procedure,2018-10-01,2019-09-30
67005,Partial removal of eye fluid,2018-10-01,2019-09-30
67010,Partial removal of eye fluid,2018-10-01,2019-09-30
67015,Release of eye fluid,2018-10-01,2019-09-30
67025,Replace eye fluid,2018-10-01,2019-09-30
67027,Implant eye drug system,2018-10-01,2019-09-30
67028,Injection eye drug,2018-10-01,2019-09-30
67030,Incise inner eye strands,2018-10-01,2019-09-30
67031,Laser surgery eye strands,2018-10-01,2019-09-30
67036,Removal of inner eye fluid,2018-10-01,2019-09-30
67039,Laser treatment of retina,2018-10-01,2019-09-30
67040,Laser treatment of retina,2018-10-01,2019-09-30
67041,Vit for macular pucker,2018-10-01,2019-09-30
67042,Vit for macular hole,2018-10-01,2019-09-30
67043,Vit for membrane dissect,2018-10-01,2019-09-30
67101,Repair detached retina crtx,2018-10-01,2019-09-30
67105,Repair detached retina pc,2018-10-01,2019-09-30
67107,Repair detached retina,2018-10-01,2019-09-30
67108,Repair detached retina,2018-10-01,2019-09-30
67110,Repair detached retina,2018-10-01,2019-09-30
67113,Repair retinal detach cplx,2018-10-01,2019-09-30
67115,Release encircling material,2018-10-01,2019-09-30
67120,Remove eye implant material,2018-10-01,2019-09-30
67121,Remove eye implant material,2018-10-01,2019-09-30
67141,Treatment of retina,2018-10-01,2019-09-30
67145,Treatment of retina,2018-10-01,2019-09-30
67208,Treatment of retinal lesion,2018-10-01,2019-09-30
67210,Treatment of retinal lesion,2018-10-01,2019-09-30
67218,Treatment of retinal lesion,2018-10-01,2019-09-30
67220,Treatment of choroid lesion,2018-10-01,2019-09-30
67221,Ocular photodynamic ther,2018-10-01,2019-09-30
67227,Dstrj extensive retinopathy,2018-10-01,2019-09-30
67228,Treatment x10sv retinopathy,2018-10-01,2019-09-30
67229,Tr retinal les preterm inf,2018-10-01,2019-09-30
67250,Reinforce eye wall,2018-10-01,2019-09-30
67255,Reinforce/graft eye wall,2018-10-01,2019-09-30
67299,Eye surgery procedure,2018-10-01,2019-09-30
67311,Revise eye muscle,2018-10-01,2019-09-30
67312,Revise two eye muscles,2018-10-01,2019-09-30
67314,Revise eye muscle,2018-10-01,2019-09-30
67316,Revise two eye muscles,2018-10-01,2019-09-30
67318,Revise eye muscle(s),2018-10-01,2019-09-30
67343,Release eye tissue,2018-10-01,2019-09-30
67345,Destroy nerve of eye muscle,2018-10-01,2019-09-30
67399,Unlisted px extraocular musc,2018-10-01,2019-09-30
67400,Explore/biopsy eye socket,2018-10-01,2019-09-30
67405,Explore/drain eye socket,2018-10-01,2019-09-30
67412,Explore/treat eye socket,2018-10-01,2019-09-30
67413,Explore/treat eye socket,2018-10-01,2019-09-30
67414,Explr/decompress eye socket,2018-10-01,2019-09-30
67415,Aspiration orbital contents,2018-10-01,2019-09-30
67420,Explore/treat eye socket,2018-10-01,2019-09-30
67430,Explore/treat eye socket,2018-10-01,2019-09-30
67440,Explore/drain eye socket,2018-10-01,2019-09-30
67445,Explr/decompress eye socket,2018-10-01,2019-09-30
67450,Explore/biopsy eye socket,2018-10-01,2019-09-30
67500,Inject/treat eye socket,2018-10-01,2019-09-30
67505,Inject/treat eye socket,2018-10-01,2019-09-30
67515,Inject/treat eye socket,2018-10-01,2019-09-30
67516,Sprchoroidal spc njx rx agt,2024-10-01,2025-09-30
67550,Insert eye socket implant,2018-10-01,2019-09-30
67560,Revise eye socket implant,2018-10-01,2019-09-30
67570,Decompress optic nerve,2018-10-01,2019-09-30
67599,Orbit surgery procedure,2018-10-01,2019-09-30
67700,Drainage of eyelid abscess,2018-10-01,2019-09-30
67710,Incision of eyelid,2018-10-01,2019-09-30
67715,Incision of eyelid fold,2018-10-01,2019-09-30
67800,Remove eyelid lesion,2018-10-01,2019-09-30
67801,Remove eyelid lesions,2018-10-01,2019-09-30
67805,Remove eyelid lesions,2018-10-01,2019-09-30
67808,Remove eyelid lesion(s),2018-10-01,2019-09-30
67820,Revise eyelashes,2018-10-01,2019-09-30
67825,Revise eyelashes,2018-10-01,2019-09-30
67830,Revise eyelashes,2018-10-01,2019-09-30
67835,Revise eyelashes,2018-10-01,2019-09-30
67840,Remove eyelid lesion,2018-10-01,2019-09-30
67850,Treat eyelid lesion,2018-10-01,2019-09-30
67875,Closure of eyelid by suture,2018-10-01,2019-09-30
67880,Revision of eyelid,2018-10-01,2019-09-30
67882,Revision of eyelid,2018-10-01,2019-09-30
67900,Repair brow defect,2018-10-01,2019-09-30
67901,Repair eyelid defect,2018-10-01,2019-09-30
67902,Repair eyelid defect,2018-10-01,2019-09-30
67903,Repair eyelid defect,2018-10-01,2019-09-30
67904,Repair eyelid defect,2018-10-01,2019-09-30
67906,Repair eyelid defect,2018-10-01,2019-09-30
67908,Repair eyelid defect,2018-10-01,2019-09-30
67909,Revise eyelid defect,2018-10-01,2019-09-30
67911,Revise eyelid defect,2018-10-01,2019-09-30
67912,Correction eyelid w/implant,2018-10-01,2019-09-30
67914,Repair eyelid defect,2018-10-01,2019-09-30
67915,Repair eyelid defect,2018-10-01,2019-09-30
67916,Repair eyelid defect,2018-10-01,2019-09-30
67917,Repair eyelid defect,2018-10-01,2019-09-30
67921,Repair eyelid defect,2018-10-01,2019-09-30
67922,Repair eyelid defect,2018-10-01,2019-09-30
67923,Repair eyelid defect,2018-10-01,2019-09-30
67924,Repair eyelid defect,2018-10-01,2019-09-30
67930,Repair eyelid wound,2018-10-01,2019-09-30
67935,Repair eyelid wound,2018-10-01,2019-09-30
67938,Remove eyelid foreign body,2018-10-01,2019-09-30
67950,Revision of eyelid,2018-10-01,2019-09-30
67961,Revision of eyelid,2018-10-01,2019-09-30
67966,Revision of eyelid,2018-10-01,2019-09-30
67971,Reconstruction of eyelid,2018-10-01,2019-09-30
67973,Reconstruction of eyelid,2018-10-01,2019-09-30
67974,Reconstruction of eyelid,2018-10-01,2019-09-30
67975,Reconstruction of eyelid,2018-10-01,2019-09-30
67999,Revision of eyelid,2018-10-01,2019-09-30
68020,Incise/drain eyelid lining,2018-10-01,2019-09-30
68040,Treatment of eyelid lesions,2018-10-01,2019-09-30
68110,Remove eyelid lining lesion,2018-10-01,2019-09-30
68115,Remove eyelid lining lesion,2018-10-01,2019-09-30
68130,Remove eyelid lining lesion,2018-10-01,2019-09-30
68135,Remove eyelid lining lesion,2018-10-01,2019-09-30
68200,Treat eyelid by injection,2018-10-01,2019-09-30
68320,Revise/graft eyelid lining,2018-10-01,2019-09-30
68325,Revise/graft eyelid lining,2018-10-01,2019-09-30
68326,Revise/graft eyelid lining,2018-10-01,2019-09-30
68328,Revise/graft eyelid lining,2018-10-01,2019-09-30
68330,Revise eyelid lining,2018-10-01,2019-09-30
68335,Revise/graft eyelid lining,2018-10-01,2019-09-30
68340,Separate eyelid adhesions,2018-10-01,2019-09-30
68360,Revise eyelid lining,2018-10-01,2019-09-30
68362,Revise eyelid lining,2018-10-01,2019-09-30
68371,Harvest eye tissue alograft,2018-10-01,2019-09-30
68399,Eyelid lining surgery,2018-10-01,2019-09-30
68400,Incise/drain tear gland,2018-10-01,2019-09-30
68420,Incise/drain tear sac,2018-10-01,2019-09-30
68440,Incise tear duct opening,2018-10-01,2019-09-30
68500,Removal of tear gland,2018-10-01,2019-09-30
68505,Partial removal tear gland,2018-10-01,2019-09-30
68520,Removal of tear sac,2018-10-01,2019-09-30
68530,Clearance of tear duct,2018-10-01,2019-09-30
68540,Remove tear gland lesion,2018-10-01,2019-09-30
68550,Remove tear gland lesion,2018-10-01,2019-09-30
68700,Repair tear ducts,2018-10-01,2019-09-30
68705,Revise tear duct opening,2018-10-01,2019-09-30
68720,Create tear sac drain,2018-10-01,2019-09-30
68745,Create tear duct drain,2018-10-01,2019-09-30
68750,Create tear duct drain,2018-10-01,2019-09-30
68760,Close tear duct opening,2018-10-01,2019-09-30
68761,Close tear duct opening,2018-10-01,2019-09-30
68770,Close tear system fistula,2018-10-01,2019-09-30
68801,Dilate tear duct opening,2018-10-01,2019-09-30
68810,Probe nasolacrimal duct,2018-10-01,2019-09-30
68811,Probe nasolacrimal duct,2018-10-01,2019-09-30
68815,Probe nasolacrimal duct,2018-10-01,2019-09-30
68816,Probe nl duct w/balloon,2018-10-01,2019-09-30
68840,Explore/irrigate tear ducts,2018-10-01,2019-09-30
68841,Insj rx elut implt lac canal,2024-10-01,2025-09-30
68899,Tear duct system surgery,2018-10-01,2019-09-30
69000,Drain external ear lesion,2018-10-01,2019-09-30
69005,Drain external ear lesion,2018-10-01,2019-09-30
69020,Drain outer ear canal lesion,2018-10-01,2019-09-30
69090,Pierce earlobes,2018-10-01,2019-09-30
69110,Remove external ear partial,2018-10-01,2019-09-30
69120,Removal of external ear,2018-10-01,2019-09-30
69140,Remove ear canal lesion(s),2018-10-01,2019-09-30
69145,Remove ear canal lesion(s),2018-10-01,2019-09-30
69150,Extensive ear canal surgery,2018-10-01,2019-09-30
69155,Extensive ear/neck surgery,2018-10-01,2019-09-30
69200,Clear outer ear canal,2018-10-01,2019-09-30
69205,Clear outer ear canal,2018-10-01,2019-09-30
69209,Remove impacted ear wax uni,2018-10-01,2019-09-30
69210,Remove impacted ear wax uni,2018-10-01,2019-09-30
69220,Clean out mastoid cavity,2018-10-01,2019-09-30
69222,Clean out mastoid cavity,2018-10-01,2019-09-30
69300,Revise external ear,2018-10-01,2019-09-30
69310,Rebuild outer ear canal,2018-10-01,2019-09-30
69320,Rebuild outer ear canal,2018-10-01,2019-09-30
69399,Outer ear surgery procedure,2018-10-01,2019-09-30
69420,Incision of eardrum,2018-10-01,2019-09-30
69421,Incision of eardrum,2018-10-01,2019-09-30
69424,Remove ventilating tube,2018-10-01,2019-09-30
69433,Create eardrum opening,2018-10-01,2019-09-30
69436,Create eardrum opening,2018-10-01,2019-09-30
69440,Exploration of middle ear,2018-10-01,2019-09-30
69450,Eardrum revision,2018-10-01,2019-09-30
69501,Mastoidectomy,2018-10-01,2019-09-30
69502,Mastoidectomy,2018-10-01,2019-09-30
69505,Remove mastoid structures,2018-10-01,2019-09-30
69511,Extensive mastoid surgery,2018-10-01,2019-09-30
69530,Extensive mastoid surgery,2018-10-01,2019-09-30
69535,Remove part of temporal bone,2018-10-01,2019-09-30
69540,Remove ear lesion,2018-10-01,2019-09-30
69550,Remove ear lesion,2018-10-01,2019-09-30
69552,Remove ear lesion,2018-10-01,2019-09-30
69554,Remove ear lesion,2018-10-01,2019-09-30
69601,Mastoid surgery revision,2018-10-01,2019-09-30
69602,Mastoid surgery revision,2018-10-01,2019-09-30
69603,Mastoid surgery revision,2018-10-01,2019-09-30
69604,Mastoid surgery revision,2018-10-01,2019-09-30
69605,Mastoid surgery revision,2018-10-01,2019-09-30
69610,Repair of eardrum,2018-10-01,2019-09-30
69620,Repair of eardrum,2018-10-01,2019-09-30
69631,Repair eardrum structures,2018-10-01,2019-09-30
69632,Rebuild eardrum structures,2018-10-01,2019-09-30
69633,Rebuild eardrum structures,2018-10-01,2019-09-30
69635,Repair eardrum structures,2018-10-01,2019-09-30
69636,Rebuild eardrum structures,2018-10-01,2019-09-30
69637,Rebuild eardrum structures,2018-10-01,2019-09-30
69641,Revise middle ear & mastoid,2018-10-01,2019-09-30
69642,Revise middle ear & mastoid,2018-10-01,2019-09-30
69643,Revise middle ear & mastoid,2018-10-01,2019-09-30
69644,Revise middle ear & mastoid,2018-10-01,2019-09-30
69645,Revise middle ear & mastoid,2018-10-01,2019-09-30
69646,Revise middle ear & mastoid,2018-10-01,2019-09-30
69650,Release middle ear bone,2018-10-01,2019-09-30
69660,Revise middle ear bone,2018-10-01,2019-09-30
69661,Revise middle ear bone,2018-10-01,2019-09-30
69662,Revise middle ear bone,2018-10-01,2019-09-30
69666,Repair middle ear structures,2018-10-01,2019-09-30
69667,Repair middle ear structures,2018-10-01,2019-09-30
69670,Remove mastoid air cells,2018-10-01,2019-09-30
69676,Remove middle ear nerve,2018-10-01,2019-09-30
69700,Close mastoid fistula,2018-10-01,2019-09-30
69705,Nps surg dilat eust tube uni,2024-10-01,2025-09-30
69706,Nps surg dilat eust tube bi,2024-10-01,2025-09-30
69710,Implant/replace hearing aid,2018-10-01,2019-09-30
69711,Remove/repair hearing aid,2018-10-01,2019-09-30
69714,Implant temple bone w/stimul,2018-10-01,2019-09-30
69715,Temple bne implnt w/stimulat,2018-10-01,2019-09-30
69716,Impl oi implt sk tc esp<100,2024-10-01,2025-09-30
69717,Temple bone implant revision,2018-10-01,2019-09-30
69718,Revise temple bone implant,2018-10-01,2019-09-30
69719,Rplcm oi implt sk tc esp<100,2024-10-01,2025-09-30
69720,Release facial nerve,2018-10-01,2019-09-30
69725,Release facial nerve,2018-10-01,2019-09-30
69726,Rmv ntr oi implt skl prq esp,2024-10-01,2025-09-30
69727,Rmv ntr oi imp sk tc esp<100,2024-10-01,2025-09-30
69728,Rmv ntr oi imp sk tc>=100,2024-10-01,2025-09-30
69729,Impl oi implt sk tc esp>=100,2024-10-01,2025-09-30
69730,Rplc oi implt sk tc esp>=100,2024-10-01,2025-09-30
69740,Repair facial nerve,2018-10-01,2019-09-30
69745,Repair facial nerve,2018-10-01,2019-09-30
69799,Middle ear surgery procedure,2018-10-01,2019-09-30
69801,Incise inner ear,2018-10-01,2019-09-30
69805,Explore inner ear,2018-10-01,2019-09-30
69806,Explore inner ear,2018-10-01,2019-09-30
69905,Remove inner ear,2018-10-01,2019-09-30
69910,Remove inner ear & mastoid,2018-10-01,2019-09-30
69915,Incise inner ear nerve,2018-10-01,2019-09-30
69930,Implant cochlear device,2018-10-01,2019-09-30
69949,Inner ear surgery procedure,2018-10-01,2019-09-30
69950,Incise inner ear nerve,2018-10-01,2019-09-30
69955,Release facial nerve,2018-10-01,2019-09-30
69960,Release inner ear canal,2018-10-01,2019-09-30
69970,Remove inner ear lesion,2018-10-01,2019-09-30
69979,Temporal bone surgery,2018-10-01,2019-09-30
77261,Radiation therapy planning,2018-10-01,2019-09-30
77262,Radiation therapy planning,2018-10-01,2019-09-30
77263,Radiation therapy planning,2018-10-01,2019-09-30
77280,Set radiation therapy field,2018-10-01,2019-09-30
77285,Set radiation therapy field,2018-10-01,2019-09-30
77290,Set radiation therapy field,2018-10-01,2019-09-30
77295,3-d radiotherapy plan,2018-10-01,2019-09-30
77299,Radiation therapy planning,2018-10-01,2019-09-30
77300,Radiation therapy dose plan,2018-10-01,2019-09-30
77301,Radiotherapy dose plan imrt,2018-10-01,2019-09-30
77306,Telethx isodose plan simple,2018-10-01,2019-09-30
77307,Telethx isodose plan cplx,2018-10-01,2019-09-30
77316,Brachytx isodose plan simple,2018-10-01,2019-09-30
77317,Brachytx isodose intermed,2018-10-01,2019-09-30
77318,Brachytx isodose complex,2018-10-01,2019-09-30
77321,Special teletx port plan,2018-10-01,2019-09-30
77331,Special radiation dosimetry,2018-10-01,2019-09-30
77371,Srs multisource,2018-10-01,2019-09-30
77372,Srs linear based,2018-10-01,2019-09-30
77373,Sbrt delivery,2018-10-01,2019-09-30
77385,Ntsty modul rad tx dlvr smpl,2018-10-01,2019-09-30
77386,Ntsty modul rad tx dlvr cplx,2018-10-01,2019-09-30
77399,External radiation dosimetry,2018-10-01,2019-09-30
77401,Radiation treatment delivery,2018-10-01,2019-09-30
77402,Radiation treatment delivery,2018-10-01,2019-09-30
77407,Radiation treatment delivery,2018-10-01,2019-09-30
77412,Radiation treatment delivery,2018-10-01,2019-09-30
77417,Radiology port images(s),2018-10-01,2019-09-30
77423,Neutron beam tx complex,2018-10-01,2019-09-30
77424,Io rad tx delivery by x-ray,2018-10-01,2019-09-30
77425,Io rad tx deliver by elctrns,2018-10-01,2019-09-30
77427,Radiation tx management x5,2018-10-01,2019-09-30
77431,Radiation therapy management,2018-10-01,2019-09-30
77432,Stereotactic radiation trmt,2018-10-01,2019-09-30
77435,Sbrt management,2018-10-01,2019-09-30
77469,Io radiation tx management,2018-10-01,2019-09-30
77470,Special radiation treatment,2018-10-01,2019-09-30
77499,Radiation therapy management,2018-10-01,2019-09-30
77520,Proton trmt simple w/o comp,2018-10-01,2019-09-30
77522,Proton trmt simple w/comp,2018-10-01,2019-09-30
77523,Proton trmt intermediate,2018-10-01,2019-09-30
77525,Proton treatment complex,2018-10-01,2019-09-30
77600,Hyperthermia treatment,2018-10-01,2019-09-30
77605,Hyperthermia treatment,2018-10-01,2019-09-30
77610,Hyperthermia treatment,2018-10-01,2019-09-30
77615,Hyperthermia treatment,2018-10-01,2019-09-30
77620,Hyperthermia treatment,2018-10-01,2019-09-30
77750,Infuse radioactive materials,2018-10-01,2019-09-30
77761,Apply intrcav radiat simple,2018-10-01,2019-09-30
77762,Apply intrcav radiat interm,2018-10-01,2019-09-30
77763,Apply intrcav radiat compl,2018-10-01,2019-09-30
77767,Hdr rdncl skn surf brachytx,2018-10-01,2019-09-30
77768,Hdr rdncl skn surf brachytx,2018-10-01,2019-09-30
77770,Hdr rdncl ntrstl/icav brchtx,2018-10-01,2019-09-30
77771,Hdr rdncl ntrstl/icav brchtx,2018-10-01,2019-09-30
77772,Hdr rdncl ntrstl/icav brchtx,2018-10-01,2019-09-30
77778,Apply interstit radiat compl,2018-10-01,2019-09-30
77789,Apply surf ldr radionuclide,2018-10-01,2019-09-30
77790,Radiation handling,2018-10-01,2019-09-30
77799,Radium/radioisotope therapy,2018-10-01,2019-09-30
79005,Nuclear rx oral admin,2018-10-01,2019-09-30
79101,Nuclear rx iv admin,2018-10-01,2019-09-30
79200,Nuclear rx intracav admin,2018-10-01,2019-09-30
79300,Nuclr rx interstit colloid,2018-10-01,2019-09-30
79403,Hematopoietic nuclear tx,2018-10-01,2019-09-30
79440,Nuclear rx intra-articular,2018-10-01,2019-09-30
79445,Nuclear rx intra-arterial,2018-10-01,2019-09-30
79999,Nuclear medicine therapy,2018-10-01,2019-09-30
90791,Psych diagnostic evaluation,2018-10-01,2019-09-30
90792,Psych diag eval w/med srvcs,2018-10-01,2019-09-30
90832,Psytx w pt 30 minutes,2018-10-01,2019-09-30
90834,Psytx w pt 45 minutes,2018-10-01,2019-09-30
90837,Psytx w pt 60 minutes,2018-10-01,2019-09-30
90839,Psytx crisis initial 60 min,2018-10-01,2019-09-30
90845,Psychoanalysis,2018-10-01,2019-09-30
90846,Family psytx w/o pt 50 min,2018-10-01,2019-09-30
90847,Family psytx w/pt 50 min,2018-10-01,2019-09-30
90849,Multiple family group psytx,2018-10-01,2019-09-30
90853,Group psychotherapy,2018-10-01,2019-09-30
90865,Narcosynthesis,2018-10-01,2019-09-30
90867,Tcranial magn stim tx plan,2018-10-01,2019-09-30
90868,Tcranial magn stim tx deli,2018-10-01,2019-09-30
90869,Tcran magn stim redetemine,2018-10-01,2019-09-30
90870,Electroconvulsive therapy,2018-10-01,2019-09-30
90875,Psychophysiological therapy,2018-10-01,2019-09-30
90876,Psychophysiological therapy,2018-10-01,2019-09-30
90880,Hypnotherapy,2018-10-01,2019-09-30
90912,Bfb training 1st 15 min,2024-10-01,2025-09-30
90935,Hemodialysis one evaluation,2018-10-01,2019-09-30
90937,Hemodialysis repeated eval,2018-10-01,2019-09-30
90940,Hemodialysis access study,2018-10-01,2019-09-30
90945,Dialysis one evaluation,2018-10-01,2019-09-30
90947,Dialysis repeated eval,2018-10-01,2019-09-30
90951,Esrd serv 4 visits p mo <2yr,2018-10-01,2019-09-30
90952,Esrd serv 2-3 vsts p mo <2yr,2018-10-01,2019-09-30
90953,Esrd serv 1 visit p mo <2yrs,2018-10-01,2019-09-30
90954,Esrd serv 4 vsts p mo 2-11,2018-10-01,2019-09-30
90955,Esrd srv 2-3 vsts p mo 2-11,2018-10-01,2019-09-30
90956,Esrd srv 1 visit p mo 2-11,2018-10-01,2019-09-30
90957,Esrd srv 4 vsts p mo 12-19,2018-10-01,2019-09-30
90958,Esrd srv 2-3 vsts p mo 12-19,2018-10-01,2019-09-30
90959,Esrd serv 1 vst p mo 12-19,2018-10-01,2019-09-30
90960,Esrd srv 4 visits p mo 20+,2018-10-01,2019-09-30
90961,Esrd srv 2-3 vsts p mo 20+,2018-10-01,2019-09-30
90962,Esrd serv 1 visit p mo 20+,2018-10-01,2019-09-30
90963,Esrd home pt serv p mo <2yrs,2018-10-01,2019-09-30
90964,Esrd home pt serv p mo 2-11,2018-10-01,2019-09-30
90965,Esrd home pt serv p mo 12-19,2018-10-01,2019-09-30
90966,Esrd home pt serv p mo 20+,2018-10-01,2019-09-30
90967,Esrd home pt serv p day <2,2018-10-01,2019-09-30
90968,Esrd home pt srv p day 2-11,2018-10-01,2019-09-30
90969,Esrd home pt srv p day 12-19,2018-10-01,2019-09-30
90970,Esrd home pt serv p day 20+,2018-10-01,2019-09-30
90989,Dialysis training complete,2018-10-01,2019-09-30
90993,Dialysis training incompl,2018-10-01,2019-09-30
90997,Hemoperfusion,2018-10-01,2019-09-30
90999,Dialysis procedure,2018-10-01,2019-09-30
91113,Gi trc img intral colon i&r,2024-10-01,2025-09-30
92002,Eye exam new patient,2018-10-01,2019-09-30
92004,Eye exam new patient,2018-10-01,2019-09-30
92012,Eye exam establish patient,2018-10-01,2019-09-30
92014,Eye exam&tx estab pt 1/>vst,2018-10-01,2019-09-30
92015,Determine refractive state,2018-10-01,2019-09-30
92018,New eye exam & treatment,2018-10-01,2019-09-30
92019,Eye exam & treatment,2018-10-01,2019-09-30
92020,Special eye evaluation,2018-10-01,2019-09-30
92025,Corneal topography,2018-10-01,2019-09-30
92060,Special eye evaluation,2018-10-01,2019-09-30
92065,Orthoptic/pleoptic training,2018-10-01,2019-09-30
92066,Orthop traing supvj phys/qhp,2024-10-01,2025-09-30
92071,Contact lens fitting for tx,2018-10-01,2019-09-30
92072,Fit contac lens for managmnt,2018-10-01,2019-09-30
92081,Visual field examination(s),2018-10-01,2019-09-30
92082,Visual field examination(s),2018-10-01,2019-09-30
92083,Visual field examination(s),2018-10-01,2019-09-30
92100,Serial tonometry exam(s),2018-10-01,2019-09-30
92132,Cmptr ophth dx img ant segmt,2018-10-01,2019-09-30
92133,Cmptr ophth img optic nerve,2018-10-01,2019-09-30
92134,Cptr ophth dx img post segmt,2018-10-01,2019-09-30
92136,Ophthalmic biometry,2018-10-01,2019-09-30
92137,Cptrz oph img pst sg rta oct,2025-10-01,9999-12-31
92145,Corneal hysteresis deter,2018-10-01,2019-09-30
92201,Opscpy extnd rta draw uni/bi,2024-10-01,2025-09-30
92202,Opscpy extnd on/mac draw,2024-10-01,2025-09-30
92225,Special eye exam initial,2018-10-01,2019-09-30
92226,Special eye exam subsequent,2018-10-01,2019-09-30
92227,Remote dx retinal imaging,2018-10-01,2019-09-30
92228,Remote retinal imaging mgmt,2018-10-01,2019-09-30
92229,Img rta detc/mntr ds poc aly,2024-10-01,2025-09-30
92230,Eye exam with photos,2018-10-01,2019-09-30
92235,Fluorescein angrph uni/bi,2018-10-01,2019-09-30
92240,Icg angiography uni/bi,2018-10-01,2019-09-30
92242,Fluorescein icg angiography,2018-10-01,2019-09-30
92250,Eye exam with photos,2018-10-01,2019-09-30
92260,Ophthalmoscopy/dynamometry,2018-10-01,2019-09-30
92265,Eye muscle evaluation,2018-10-01,2019-09-30
92270,Electro-oculography,2018-10-01,2019-09-30
92273,Full field erg w/i&r,2018-10-01,2019-09-30
92274,Multifocal erg w/i&r,2018-10-01,2019-09-30
92283,Color vision examination,2018-10-01,2019-09-30
92284,Dark adaptation eye exam,2018-10-01,2019-09-30
92285,Eye photography,2018-10-01,2019-09-30
92286,Internal eye photography,2018-10-01,2019-09-30
92287,Internal eye photography,2018-10-01,2019-09-30
92502,Ear and throat examination,2018-10-01,2019-09-30
92504,Ear microscopy examination,2018-10-01,2019-09-30
92507,Speech/hearing therapy,2018-10-01,2019-09-30
92508,Speech/hearing therapy,2018-10-01,2019-09-30
92517,Vemp test i&r cervical,2024-10-01,2025-09-30
92518,Vemp test i&r ocular,2024-10-01,2025-09-30
92519,Vemp tst i&r cervical&ocular,2024-10-01,2025-09-30
92521,Evaluation of speech fluency,2018-10-01,2019-09-30
92522,Evaluate speech production,2018-10-01,2019-09-30
92523,Speech sound lang comprehen,2018-10-01,2019-09-30
92524,Behavral qualit analys voice,2018-10-01,2019-09-30
92526,Oral function therapy,2018-10-01,2019-09-30
92550,Tympanometry & reflex thresh,2018-10-01,2019-09-30
92551,Pure tone hearing test air,2018-10-01,2019-09-30
92552,Pure tone audiometry air,2018-10-01,2019-09-30
92553,Audiometry air & bone,2018-10-01,2019-09-30
92555,Speech threshold audiometry,2018-10-01,2019-09-30
92556,Speech audiometry complete,2018-10-01,2019-09-30
92557,Comprehensive hearing test,2018-10-01,2019-09-30
92558,Evoked auditory test qual,2018-10-01,2019-09-30
92559,Group audiometric testing,2018-10-01,2019-09-30
92560,Bekesy audiometry screen,2018-10-01,2019-09-30
92561,Bekesy audiometry diagnosis,2018-10-01,2019-09-30
92562,Loudness balance test,2018-10-01,2019-09-30
92563,Tone decay hearing test,2018-10-01,2019-09-30
92564,Sisi hearing test,2018-10-01,2019-09-30
92565,Stenger test pure tone,2018-10-01,2019-09-30
92567,Tympanometry,2018-10-01,2019-09-30
92568,Acoustic refl threshold tst,2018-10-01,2019-09-30
92570,Acoustic immitance testing,2018-10-01,2019-09-30
92571,Filtered speech hearing test,2018-10-01,2019-09-30
92572,Staggered spondaic word test,2018-10-01,2019-09-30
92575,Sensorineural acuity test,2018-10-01,2019-09-30
92576,Synthetic sentence test,2018-10-01,2019-09-30
92577,Stenger test speech,2018-10-01,2019-09-30
92579,Visual audiometry (vra),2018-10-01,2019-09-30
92582,Conditioning play audiometry,2018-10-01,2019-09-30
92583,Select picture audiometry,2018-10-01,2019-09-30
92584,Electrocochleography,2018-10-01,2019-09-30
92585,Auditor evoke potent compre,2018-10-01,2019-09-30
92586,Auditor evoke potent limit,2018-10-01,2019-09-30
92587,Evoked auditory test limited,2018-10-01,2019-09-30
92588,Evoked auditory tst complete,2018-10-01,2019-09-30
92590,Hearing aid exam one ear,2018-10-01,2019-09-30
92591,Hearing aid exam both ears,2018-10-01,2019-09-30
92592,Hearing aid check one ear,2018-10-01,2019-09-30
92593,Hearing aid check both ears,2018-10-01,2019-09-30
92594,Electro hearng aid test one,2018-10-01,2019-09-30
92595,Electro hearng aid tst both,2018-10-01,2019-09-30
92601,Cochlear implt f/up exam <7,2018-10-01,2019-09-30
92602,Reprogram cochlear implt <7,2018-10-01,2019-09-30
92603,Cochlear implt f/up exam 7/>,2018-10-01,2019-09-30
92604,Reprogram cochlear implt 7/>,2018-10-01,2019-09-30
92605,Ex for nonspeech device rx,2018-10-01,2019-09-30
92606,Non-speech device service,2018-10-01,2019-09-30
92607,Ex for speech device rx 1hr,2018-10-01,2019-09-30
92609,Use of speech device service,2018-10-01,2019-09-30
92620,Auditory function 60 min,2018-10-01,2019-09-30
92625,Tinnitus assessment,2018-10-01,2019-09-30
92626,Eval aud rehab status,2018-10-01,2019-09-30
92630,Aud rehab pre-ling hear loss,2018-10-01,2019-09-30
92633,Aud rehab postling hear loss,2018-10-01,2019-09-30
92640,Aud brainstem implt programg,2018-10-01,2019-09-30
92650,Aep scr auditory potential,2024-10-01,2025-09-30
92651,Aep hearing status deter i&r,2024-10-01,2025-09-30
92652,Aep thrshld est mlt freq i&r,2024-10-01,2025-09-30
92653,Aep neurodiagnostic i&r,2024-10-01,2025-09-30
92700,Ent procedure/service,2018-10-01,2019-09-30
92920,Prq cardiac angioplast 1 art,2018-10-01,2019-09-30
92924,Prq card angio/athrect 1 art,2018-10-01,2019-09-30
92928,Prq card stent w/angio 1 vsl,2018-10-01,2019-09-30
92933,Prq card stent/ath/angio,2018-10-01,2019-09-30
92937,Prq revasc byp graft 1 vsl,2018-10-01,2019-09-30
92941,Prq card revasc mi 1 vsl,2018-10-01,2019-09-30
92943,Prq card revasc chronic 1vsl,2018-10-01,2019-09-30
92950,Heart/lung resuscitation cpr,2018-10-01,2019-09-30
92953,Temporary external pacing,2018-10-01,2019-09-30
92960,Cardioversion electric ext,2018-10-01,2019-09-30
92961,Cardioversion electric int,2018-10-01,2019-09-30
92970,Cardioassist internal,2018-10-01,2019-09-30
92971,Cardioassist external,2018-10-01,2019-09-30
92972,Perq trluml coronry lithotrp,2024-10-01,2025-09-30
92975,Dissolve clot heart vessel,2018-10-01,2019-09-30
92977,Dissolve clot heart vessel,2018-10-01,2019-09-30
92986,Revision of aortic valve,2018-10-01,2019-09-30
92987,Revision of mitral valve,2018-10-01,2019-09-30
92990,Revision of pulmonary valve,2018-10-01,2019-09-30
92992,Revision of heart chamber,2018-10-01,2019-09-30
92993,Revision of heart chamber,2018-10-01,2019-09-30
92997,Pul art balloon repr percut,2018-10-01,2019-09-30
93260,Prgrmg dev eval impltbl sys,2018-10-01,2019-09-30
93261,Interrogate subq defib,2018-10-01,2019-09-30
93264,Rem mntr wrls p-art prs snr,2018-10-01,2019-09-30
93279,Pm device progr eval sngl,2018-10-01,2019-09-30
93280,Pm device progr eval dual,2018-10-01,2019-09-30
93281,Pm device progr eval multi,2018-10-01,2019-09-30
93282,Prgrmg eval implantable dfb,2018-10-01,2019-09-30
93283,Prgrmg eval implantable dfb,2018-10-01,2019-09-30
93284,Prgrmg eval implantable dfb,2018-10-01,2019-09-30
93285,Ilr device eval progr,2018-10-01,2019-09-30
93286,Peri-px pacemaker device evl,2018-10-01,2019-09-30
93287,Peri-px device eval & prgr,2018-10-01,2019-09-30
93288,Pm device eval in person,2018-10-01,2019-09-30
93289,Interrog device eval heart,2018-10-01,2019-09-30
93290,Icm device eval,2018-10-01,2019-09-30
93291,Ilr device interrogate,2018-10-01,2019-09-30
93292,Wcd device interrogate,2018-10-01,2019-09-30
93303,Echo transthoracic,2018-10-01,2019-09-30
93304,Echo transthoracic,2018-10-01,2019-09-30
93306,Tte w/doppler complete,2018-10-01,2019-09-30
93307,Tte w/o doppler complete,2018-10-01,2019-09-30
93308,Tte f-up or lmtd,2018-10-01,2019-09-30
93312,Echo transesophageal,2018-10-01,2019-09-30
93313,Echo transesophageal,2018-10-01,2019-09-30
93314,Echo transesophageal,2018-10-01,2019-09-30
93315,Echo transesophageal,2018-10-01,2019-09-30
93316,Echo transesophageal,2018-10-01,2019-09-30
93317,Echo transesophageal,2018-10-01,2019-09-30
93318,Echo transesophageal intraop,2018-10-01,2019-09-30
93350,Stress tte only,2018-10-01,2019-09-30
93351,Stress tte complete,2018-10-01,2019-09-30
93451,Right heart cath,2018-10-01,2019-09-30
93452,Left hrt cath w/ventrclgrphy,2018-10-01,2019-09-30
93453,R&l hrt cath w/ventriclgrphy,2018-10-01,2019-09-30
93454,Coronary artery angio s&i,2018-10-01,2019-09-30
93455,Coronary art/grft angio s&i,2018-10-01,2019-09-30
93456,R hrt coronary artery angio,2018-10-01,2019-09-30
93457,R hrt art/grft angio,2018-10-01,2019-09-30
93458,L hrt artery/ventricle angio,2018-10-01,2019-09-30
93459,L hrt art/grft angio,2018-10-01,2019-09-30
93460,R&l hrt art/ventricle angio,2018-10-01,2019-09-30
93461,R&l hrt art/ventricle angio,2018-10-01,2019-09-30
93503,Insert/place heart catheter,2018-10-01,2019-09-30
93530,Rt heart cath congenital,2018-10-01,2019-09-30
93531,R & l heart cath congenital,2018-10-01,2019-09-30
93532,R & l heart cath congenital,2018-10-01,2019-09-30
93533,R & l heart cath congenital,2018-10-01,2019-09-30
93580,Transcath closure of asd,2018-10-01,2019-09-30
93581,Transcath closure of vsd,2018-10-01,2019-09-30
93582,Perq transcath closure pda,2018-10-01,2019-09-30
93583,Perq transcath septal reduxn,2018-10-01,2019-09-30
93590,Perq transcath cls mitral,2018-10-01,2019-09-30
93591,Perq transcath cls aortic,2018-10-01,2019-09-30
93593,R hrt cath chd nml nt cnj,2024-10-01,2025-09-30
93594,R hrt cath chd abnl nt cnj,2024-10-01,2025-09-30
93595,L hrt cath chd nm/abn nt cnj,2024-10-01,2025-09-30
93596,R&l hrt cath chd nml nt cnj,2024-10-01,2025-09-30
93597,R&l hrt cath chd abnl nt cnj,2024-10-01,2025-09-30
93650,Ablate heart dysrhythm focus,2018-10-01,2019-09-30
93653,Ep & ablate supravent arrhyt,2018-10-01,2019-09-30
93654,Ep & ablate ventric tachy,2018-10-01,2019-09-30
93656,Tx atrial fib pulm vein isol,2018-10-01,2019-09-30
93797,Cardiac rehab,2018-10-01,2019-09-30
93798,Cardiac rehab/monitor,2018-10-01,2019-09-30
94002,Vent mgmt inpat init day,2018-10-01,2019-09-30
94003,Vent mgmt inpat subq day,2018-10-01,2019-09-30
94004,Vent mgmt nf per day,2018-10-01,2019-09-30
94005,Home vent mgmt supervision,2018-10-01,2019-09-30
94610,Surfactant admin thru tube,2018-10-01,2019-09-30
94625,Phy/qhp op pulm rhb w/o mntr,2024-10-01,2025-09-30
94626,Phy/qhp op pulm rhb w/mntr,2024-10-01,2025-09-30
94640,Airway inhalation treatment,2018-10-01,2019-09-30
94642,Aerosol inhalation treatment,2018-10-01,2019-09-30
94644,Cbt 1st hour,2018-10-01,2019-09-30
94660,Pos airway pressure cpap,2018-10-01,2019-09-30
94662,Neg press ventilation cnp,2018-10-01,2019-09-30
94664,Evaluate pt use of inhaler,2018-10-01,2019-09-30
94667,Chest wall manipulation,2018-10-01,2019-09-30
94668,Chest wall manipulation,2018-10-01,2019-09-30
94669,Mechanical chest wall oscill,2018-10-01,2019-09-30
95115,Immunotherapy one injection,2018-10-01,2019-09-30
95117,Immunotherapy injections,2018-10-01,2019-09-30
95120,Immunotherapy one injection,2018-10-01,2019-09-30
95125,Immunotherapy 2/> injections,2018-10-01,2019-09-30
95130,Immntx 1 sting insect,2018-10-01,2019-09-30
95131,Immntx 2 sting insects,2018-10-01,2019-09-30
95132,Immntx 3 sting insects,2018-10-01,2019-09-30
95133,Immntx 4 sting insects,2018-10-01,2019-09-30
95134,Immntx 5 sting insects,2018-10-01,2019-09-30
95144,Antigen therapy services,2018-10-01,2019-09-30
95145,Antigen therapy services,2018-10-01,2019-09-30
95146,Antigen therapy services,2018-10-01,2019-09-30
95147,Antigen therapy services,2018-10-01,2019-09-30
95148,Antigen therapy services,2018-10-01,2019-09-30
95149,Antigen therapy services,2018-10-01,2019-09-30
95165,Antigen therapy services,2018-10-01,2019-09-30
95170,Antigen therapy services,2018-10-01,2019-09-30
95180,Rapid desensitization,2018-10-01,2019-09-30
95199,Allergy immunology services,2018-10-01,2019-09-30
95836,Ecog impltd brn npgt <30 d,2018-10-01,2019-09-30
95919,Quan puplmtry phy/qhp uni/bi,2024-10-01,2025-09-30
95976,Alys smpl cn npgt prgrmg,2018-10-01,2019-09-30
95977,Alys cplx cn npgt prgrmg,2018-10-01,2019-09-30
95983,Alys brn npgt prgrmg 15 min,2018-10-01,2019-09-30
95991,Spin/brain pump refil & main,2018-10-01,2019-09-30
95992,Canalith repositioning proc,2018-10-01,2019-09-30
96004,Phys review of motion tests,2018-10-01,2019-09-30
96020,Functional brain mapping,2018-10-01,2019-09-30
96040,Genetic counseling 30 min,2018-10-01,2019-09-30
96105,Assessment of aphasia,2018-10-01,2019-09-30
96110,Developmental screen w/score,2018-10-01,2019-09-30
96112,Devel tst phys/qhp 1st hr,2018-10-01,2019-09-30
96116,Neurobehavioral status exam,2018-10-01,2019-09-30
96125,Cognitive test by hc pro,2018-10-01,2019-09-30
96127,Brief emotional/behav assmt,2018-10-01,2019-09-30
96130,Psycl tst eval phys/qhp 1st,2018-10-01,2019-09-30
96132,Nrpsyc tst eval phys/qhp 1st,2018-10-01,2019-09-30
96136,Psycl/nrpsyc tst phy/qhp 1st,2018-10-01,2019-09-30
96150,Assess hlth/behave init,2018-10-01,2019-09-30
96151,Assess hlth/behave subseq,2018-10-01,2019-09-30
96152,Intervene hlth/behave indiv,2018-10-01,2019-09-30
96153,Intervene hlth/behave group,2018-10-01,2019-09-30
96154,Interv hlth/behav fam w/pt,2018-10-01,2019-09-30
96155,Interv hlth/behav fam no pt,2018-10-01,2019-09-30
96360,Hydration iv infusion init,2018-10-01,2019-09-30
96365,Ther/proph/diag iv inf init,2018-10-01,2019-09-30
96369,Sc ther infusion up to 1 hr,2018-10-01,2019-09-30
96372,Ther/proph/diag inj sc/im,2018-10-01,2019-09-30
96373,Ther/proph/diag inj ia,2018-10-01,2019-09-30
96374,Ther/proph/diag inj iv push,2018-10-01,2019-09-30
96379,Ther/prop/diag inj/inf proc,2018-10-01,2019-09-30
96401,Chemo anti-neopl sq/im,2018-10-01,2019-09-30
96402,Chemo hormon antineopl sq/im,2018-10-01,2019-09-30
96405,Chemo intralesional up to 7,2018-10-01,2019-09-30
96406,Chemo intralesional over 7,2018-10-01,2019-09-30
96409,Chemo iv push sngl drug,2018-10-01,2019-09-30
96413,Chemo iv infusion 1 hr,2018-10-01,2019-09-30
96416,Chemo prolong infuse w/pump,2018-10-01,2019-09-30
96420,Chemo ia push tecnique,2018-10-01,2019-09-30
96422,Chemo ia infusion up to 1 hr,2018-10-01,2019-09-30
96425,Chemotherapy infusion method,2018-10-01,2019-09-30
96440,Chemotherapy intracavitary,2018-10-01,2019-09-30
96446,Chemotx admn prtl cavity,2018-10-01,2019-09-30
96450,Chemotherapy into cns,2018-10-01,2019-09-30
96521,Refill/maint portable pump,2018-10-01,2019-09-30
96522,Refill/maint pump/resvr syst,2018-10-01,2019-09-30
96523,Irrig drug delivery device,2018-10-01,2019-09-30
96542,Chemotherapy injection,2018-10-01,2019-09-30
96549,Chemotherapy unspecified,2018-10-01,2019-09-30
96567,Pdt dstr prmlg les skn,2018-10-01,2019-09-30
96573,Pdt dstr prmlg les phys/qhp,2018-10-01,2019-09-30
96574,Dbrdmt prmlg les w/pdt,2018-10-01,2019-09-30
96900,Ultraviolet light therapy,2018-10-01,2019-09-30
96910,Photochemotherapy with uv-b,2018-10-01,2019-09-30
96912,Photochemotherapy with uv-a,2018-10-01,2019-09-30
96913,Photochemotherapy uv-a or b,2018-10-01,2019-09-30
96920,Laser tx skin < 250 sq cm,2018-10-01,2019-09-30
96921,Laser tx skin 250-500 sq cm,2018-10-01,2019-09-30
96922,Laser tx skin >500 sq cm,2018-10-01,2019-09-30
96999,Dermatological procedure,2018-10-01,2019-09-30
97010,Hot or cold packs therapy,2018-10-01,2019-09-30
97012,Mechanical traction therapy,2018-10-01,2019-09-30
97014,Electric stimulation therapy,2018-10-01,2019-09-30
97016,Vasopneumatic device therapy,2018-10-01,2019-09-30
97018,Paraffin bath therapy,2018-10-01,2019-09-30
97022,Whirlpool therapy,2018-10-01,2019-09-30
97024,Diathermy eg microwave,2018-10-01,2019-09-30
97026,Infrared therapy,2018-10-01,2019-09-30
97028,Ultraviolet therapy,2018-10-01,2019-09-30
97032,Electrical stimulation,2018-10-01,2019-09-30
97033,Electric current therapy,2018-10-01,2019-09-30
97034,Contrast bath therapy,2018-10-01,2019-09-30
97035,Ultrasound therapy,2018-10-01,2019-09-30
97036,Hydrotherapy,2018-10-01,2019-09-30
97037,Appl modality 1+lllt po pain,2024-10-01,2025-09-30
97039,Physical therapy treatment,2018-10-01,2019-09-30
97110,Therapeutic exercises,2018-10-01,2019-09-30
97112,Neuromuscular reeducation,2018-10-01,2019-09-30
97113,Aquatic therapy/exercises,2018-10-01,2019-09-30
97116,Gait training therapy,2018-10-01,2019-09-30
97124,Massage therapy,2018-10-01,2019-09-30
97127,Ther ivntj w/focus cog funcj,2018-10-01,2019-09-30
97129,Ther ivntj 1st 15 min,2024-10-01,2025-09-30
97139,Physical medicine procedure,2018-10-01,2019-09-30
97140,Manual therapy 1/> regions,2018-10-01,2019-09-30
97150,Group therapeutic procedures,2018-10-01,2019-09-30
97151,Bhv id assmt by phys/qhp,2018-10-01,2019-09-30
97153,Adaptive behavior tx by tech,2018-10-01,2019-09-30
97154,Grp adapt bhv tx by tech,2018-10-01,2019-09-30
97155,Adapt behavior tx phys/qhp,2018-10-01,2019-09-30
97156,Fam adapt bhv tx gdn phy/qhp,2018-10-01,2019-09-30
97157,Mult fam adapt bhv tx gdn,2018-10-01,2019-09-30
97158,Grp adapt bhv tx by phy/qhp,2018-10-01,2019-09-30
97161,Pt eval low complex 20 min,2018-10-01,2019-09-30
97162,Pt eval mod complex 30 min,2018-10-01,2019-09-30
97163,Pt eval high complex 45 min,2018-10-01,2019-09-30
97164,Pt re-eval est plan care,2018-10-01,2019-09-30
97165,Ot eval low complex 30 min,2018-10-01,2019-09-30
97166,Ot eval mod complex 45 min,2018-10-01,2019-09-30
97167,Ot eval high complex 60 min,2018-10-01,2019-09-30
97168,Ot re-eval est plan care,2018-10-01,2019-09-30
97530,Therapeutic activities,2018-10-01,2019-09-30
97533,Sensory integration,2018-10-01,2019-09-30
97535,Self care mngment training,2018-10-01,2019-09-30
97537,Community/work reintegration,2018-10-01,2019-09-30
97542,Wheelchair mngment training,2018-10-01,2019-09-30
97545,Work hardening,2018-10-01,2019-09-30
97597,Rmvl devital tis 20 cm/<,2018-10-01,2019-09-30
97602,Wound(s) care non-selective,2018-10-01,2019-09-30
97605,Neg press wound tx </=50 cm,2018-10-01,2019-09-30
97606,Neg press wound tx >50 cm,2018-10-01,2019-09-30
97607,Neg press wnd tx </=50 sq cm,2018-10-01,2019-09-30
97608,Neg press wound tx >50 cm,2018-10-01,2019-09-30
97610,Low frequency non-thermal us,2018-10-01,2019-09-30
97750,Physical performance test,2018-10-01,2019-09-30
97755,Assistive technology assess,2018-10-01,2019-09-30
97760,Orthotic mgmt&trainj 1st enc,2018-10-01,2019-09-30
97761,Prosthetic trainj 1st enc,2018-10-01,2019-09-30
97763,Orthc/prostc mgmt sbsq enc,2018-10-01,2019-09-30
97799,Physical medicine procedure,2018-10-01,2019-09-30
97802,Medical nutrition indiv in,2018-10-01,2019-09-30
97803,Med nutrition indiv subseq,2018-10-01,2019-09-30
97804,Medical nutrition group,2018-10-01,2019-09-30
98925,Osteopath manj 1-2 regions,2018-10-01,2019-09-30
98926,Osteopath manj 3-4 regions,2018-10-01,2019-09-30
98927,Osteopath manj 5-6 regions,2018-10-01,2019-09-30
98928,Osteopath manj 7-8 regions,2018-10-01,2019-09-30
98929,Osteopath manj 9-10 regions,2018-10-01,2019-09-30
98940,Chiropract manj 1-2 regions,2018-10-01,2019-09-30
98941,Chiropract manj 3-4 regions,2018-10-01,2019-09-30
98942,Chiropractic manj 5 regions,2018-10-01,2019-09-30
98943,Chiropract manj xtrspinl 1/>,2018-10-01,2019-09-30
99024,Postop follow-up visit,2018-10-01,2019-09-30
99050,Medical services after hrs,2018-10-01,2019-09-30
99051,Med serv eve/wkend/holiday,2018-10-01,2019-09-30
99053,Med serv 10pm-8am 24 hr fac,2018-10-01,2019-09-30
99056,Med service out of office,2018-10-01,2019-09-30
99058,Office emergency care,2018-10-01,2019-09-30
99060,Out of office emerg med serv,2018-10-01,2019-09-30
99175,Induction of vomiting,2018-10-01,2019-09-30
99183,Hyperbaric oxygen therapy,2018-10-01,2019-09-30
99184,Hypothermia ill neonate,2018-10-01,2019-09-30
99195,Phlebotomy,2018-10-01,2019-09-30
99201,Office/outpatient visit new,2018-10-01,2019-09-30
99202,Office/outpatient visit new,2018-10-01,2019-09-30
99203,Office/outpatient visit new,2018-10-01,2019-09-30
99204,Office/outpatient visit new,2018-10-01,2019-09-30
99205,Office/outpatient visit new,2018-10-01,2019-09-30
99211,Office/outpatient visit est,2018-10-01,2019-09-30
99212,Office/outpatient visit est,2018-10-01,2019-09-30
99213,Office/outpatient visit est,2018-10-01,2019-09-30
99214,Office/outpatient visit est,2018-10-01,2019-09-30
99215,Office/outpatient visit est,2018-10-01,2019-09-30
99218,Initial observation care,2018-10-01,2019-09-30
99219,Initial observation care,2018-10-01,2019-09-30
99220,Initial observation care,2018-10-01,2019-09-30
99221,Initial hospital care,2018-10-01,2019-09-30
99222,Initial hospital care,2018-10-01,2019-09-30
99223,Initial hospital care,2018-10-01,2019-09-30
99224,Subsequent observation care,2018-10-01,2019-09-30
99225,Subsequent observation care,2018-10-01,2019-09-30
99226,Subsequent observation care,2018-10-01,2019-09-30
99231,Subsequent hospital care,2018-10-01,2019-09-30
99232,Subsequent hospital care,2018-10-01,2019-09-30
99233,Subsequent hospital care,2018-10-01,2019-09-30
99234,Observ/hosp same date,2018-10-01,2019-09-30
99235,Observ/hosp same date,2018-10-01,2019-09-30
99236,Observ/hosp same date,2018-10-01,2019-09-30
99241,Office consultation,2018-10-01,2019-09-30
99242,Office consultation,2018-10-01,2019-09-30
99243,Office consultation,2018-10-01,2019-09-30
99244,Office consultation,2018-10-01,2019-09-30
99245,Office consultation,2018-10-01,2019-09-30
99251,Inpatient consultation,2018-10-01,2019-09-30
99252,Inpatient consultation,2018-10-01,2019-09-30
99253,Inpatient consultation,2018-10-01,2019-09-30
99254,Inpatient consultation,2018-10-01,2019-09-30
99255,Inpatient consultation,2018-10-01,2019-09-30
99281,Emergency dept visit,2018-10-01,2019-09-30
99282,Emergency dept visit,2018-10-01,2019-09-30
99283,Emergency dept visit,2018-10-01,2019-09-30
99284,Emergency dept visit,2018-10-01,2019-09-30
99285,Emergency dept visit,2018-10-01,2019-09-30
99288,Direct advanced life support,2018-10-01,2019-09-30
99291,Critical care first hour,2018-10-01,2019-09-30
99304,Nursing facility care init,2018-10-01,2019-09-30
99305,Nursing facility care init,2018-10-01,2019-09-30
99306,Nursing facility care init,2018-10-01,2019-09-30
99307,Nursing fac care subseq,2018-10-01,2019-09-30
99308,Nursing fac care subseq,2018-10-01,2019-09-30
99309,Nursing fac care subseq,2018-10-01,2019-09-30
99310,Nursing fac care subseq,2018-10-01,2019-09-30
99318,Annual nursing fac assessmnt,2018-10-01,2019-09-30
99324,Domicil/r-home visit new pat,2018-10-01,2019-09-30
99325,Domicil/r-home visit new pat,2018-10-01,2019-09-30
99326,Domicil/r-home visit new pat,2018-10-01,2019-09-30
99327,Domicil/r-home visit new pat,2018-10-01,2019-09-30
99328,Domicil/r-home visit new pat,2018-10-01,2019-09-30
99334,Domicil/r-home visit est pat,2018-10-01,2019-09-30
99335,Domicil/r-home visit est pat,2018-10-01,2019-09-30
99336,Domicil/r-home visit est pat,2018-10-01,2019-09-30
99337,Domicil/r-home visit est pat,2018-10-01,2019-09-30
99341,Home visit new patient,2018-10-01,2019-09-30
99342,Home visit new patient,2018-10-01,2019-09-30
99343,Home visit new patient,2018-10-01,2019-09-30
99344,Home visit new patient,2018-10-01,2019-09-30
99345,Home visit new patient,2018-10-01,2019-09-30
99347,Home visit est patient,2018-10-01,2019-09-30
99348,Home visit est patient,2018-10-01,2019-09-30
99349,Home visit est patient,2018-10-01,2019-09-30
99350,Home visit est patient,2018-10-01,2019-09-30
99358,Prolong service w/o contact,2018-10-01,2019-09-30
99381,Init pm e/m new pat infant,2018-10-01,2019-09-30
99382,Init pm e/m new pat 1-4 yrs,2018-10-01,2019-09-30
99383,Prev visit new age 5-11,2018-10-01,2019-09-30
99384,Prev visit new age 12-17,2018-10-01,2019-09-30
99385,Prev visit new age 18-39,2018-10-01,2019-09-30
99386,Prev visit new age 40-64,2018-10-01,2019-09-30
99387,Init pm e/m new pat 65+ yrs,2018-10-01,2019-09-30
99391,Per pm reeval est pat infant,2018-10-01,2019-09-30
99392,Prev visit est age 1-4,2018-10-01,2019-09-30
99393,Prev visit est age 5-11,2018-10-01,2019-09-30
99394,Prev visit est age 12-17,2018-10-01,2019-09-30
99395,Prev visit est age 18-39,2018-10-01,2019-09-30
99396,Prev visit est age 40-64,2018-10-01,2019-09-30
99397,Per pm reeval est pat 65+ yr,2018-10-01,2019-09-30
99424,Prin care mgmt phys 1st 30,2024-10-01,2025-09-30
99426,Prin care mgmt staff 1st 30,2024-10-01,2025-09-30
99455,Work related disability exam,2018-10-01,2019-09-30
99456,Disability examination,2018-10-01,2019-09-30
99460,Init nb em per day hosp,2018-10-01,2019-09-30
99461,Init nb em per day non-fac,2018-10-01,2019-09-30
99462,Sbsq nb em per day hosp,2018-10-01,2019-09-30
99463,Same day nb discharge,2018-10-01,2019-09-30
99464,Attendance at delivery,2018-10-01,2019-09-30
99465,Nb resuscitation,2018-10-01,2019-09-30
99466,Ped crit care transport,2018-10-01,2019-09-30
99468,Neonate crit care initial,2018-10-01,2019-09-30
99469,Neonate crit care subsq,2018-10-01,2019-09-30
99471,Ped critical care initial,2018-10-01,2019-09-30
99472,Ped critical care subsq,2018-10-01,2019-09-30
99475,Ped crit care age 2-5 init,2018-10-01,2019-09-30
99476,Ped crit care age 2-5 subsq,2018-10-01,2019-09-30
99477,Init day hosp neonate care,2018-10-01,2019-09-30
99478,Ic lbw inf < 1500 gm subsq,2018-10-01,2019-09-30
99479,Ic lbw inf 1500-2500 g subsq,2018-10-01,2019-09-30
99480,Ic inf pbw 2501-5000 g subsq,2018-10-01,2019-09-30
99483,Assmt & care pln pt cog imp,2018-10-01,2019-09-30
99484,Care mgmt svc bhvl hlth cond,2018-10-01,2019-09-30
99487,Cmplx chron care w/o pt vsit,2018-10-01,2019-09-30
99490,Chron care mgmt srvc 20 min,2018-10-01,2019-09-30
99491,Chrnc care mgmt svc 30 min,2018-10-01,2019-09-30
99492,1st psyc collab care mgmt,2018-10-01,2019-09-30
99493,Sbsq psyc collab care mgmt,2018-10-01,2019-09-30
99495,Trans care mgmt 14 day disch,2018-10-01,2019-09-30
99496,Trans care mgmt 7 day disch,2018-10-01,2019-09-30
99499,Unlisted e&m service,2018-10-01,2019-09-30
99500,Home visit prenatal,2018-10-01,2019-09-30
99501,Home visit postnatal,2018-10-01,2019-09-30
99502,Home visit nb care,2018-10-01,2019-09-30
99503,Home visit resp therapy,2018-10-01,2019-09-30
99504,Home visit mech ventilator,2018-10-01,2019-09-30
99505,Home visit stoma care,2018-10-01,2019-09-30
99506,Home visit im injection,2018-10-01,2019-09-30
99507,Home visit cath maintain,2018-10-01,2019-09-30
99509,Home visit day life activity,2018-10-01,2019-09-30
99510,Home visit sing/m/fam couns,2018-10-01,2019-09-30
99511,Home visit fecal/enema mgmt,2018-10-01,2019-09-30
99512,Home visit for hemodialysis,2018-10-01,2019-09-30
99600,Home visit nos,2018-10-01,2019-09-30
99601,Home infusion/visit 2 hrs,2018-10-01,2019-09-30
C1062,Intravertebral fx aug impl,2023-10-01,2024-09-30
C1832,Auto cell process sys,2023-10-01,2024-09-30
C5271,Low cost skin substitute app,2018-10-01,2019-09-30
C5273,Low cost skin substitute app,2018-10-01,2019-09-30
C5275,Low cost skin substitute app,2018-10-01,2019-09-30
C5277,Low cost skin substitute app,2018-10-01,2019-09-30
C7500,Deb bone 20 cm2 w/drug dev,2023-10-01,2024-09-30
C7503,Open exc cerv node(s) w/ id,2023-10-01,2024-09-30
C7504,Perq cvt&ls inj vert bodies,2023-10-01,2024-09-30
C7505,Perq ls&cvt inj vert bodies,2023-10-01,2024-09-30
C7506,Fusion of finger joints,2023-10-01,2024-09-30
C7507,Perq thor&lumb vert aug,2023-10-01,2024-09-30
C7508,Perq lumb&thor vert aug,2023-10-01,2024-09-30
C7509,Dx bronch w/ navigation,2023-10-01,2024-09-30
C7510,Bronch/lavag w/ navigation,2023-10-01,2024-09-30
C7511,Bronch/bpsy(s) w/ navigation,2023-10-01,2024-09-30
C7512,Bronch/bpsy(s) w/ ebus,2023-10-01,2024-09-30
C7513,Cath/angio dialcir w/aplasty,2023-10-01,2024-09-30
C7514,Cath/angio dial cir w/stents,2023-10-01,2024-09-30
C7515,Cath/angio dial cir w/embol,2023-10-01,2024-09-30
C7516,Cor angio w/ ivus or oct,2023-10-01,2024-09-30
C7517,Cor angio w/ilic/fem angio,2023-10-01,2024-09-30
C7518,Cor/gft angio w/ ivus or oct,2023-10-01,2024-09-30
C7519,Cor/gft angio w/ flow resrv,2023-10-01,2024-09-30
C7520,Cor/gft angio w/ilic/fem ang,2023-10-01,2024-09-30
C7521,R hrt angio w/ ivus or oct,2023-10-01,2024-09-30
C7522,R hrt angio w/flow resrv,2023-10-01,2024-09-30
C7523,L hrt angio w/ ivus or oct,2023-10-01,2024-09-30
C7524,L hrt angio w/flow resrv,2023-10-01,2024-09-30
C7525,L hrt gft ang w/ ivus or oct,2023-10-01,2024-09-30
C7526,L hrt gft ang w/flow resrv,2023-10-01,2024-09-30
C7527,R&l hrt angio w/ ivus or oct,2023-10-01,2024-09-30
C7528,R&l hrt angio w/flow resrv,2023-10-01,2024-09-30
C7529,R&l hrt gft ang w/flow resrv,2023-10-01,2024-09-30
C7530,Cath/aplasty dial cir w/stnt,2023-10-01,2024-09-30
C7531,Angio fem/pop w/ us,2023-10-01,2024-09-30
C7532,Angio w/ us non-coronary,2023-10-01,2024-09-30
C7533,Ptca w/ plcmt brachytx dev,2023-10-01,2024-09-30
C7534,Fem/pop revasc w/arthr & us,2023-10-01,2024-09-30
C7535,Fem/pop revasc w/stent & us,2023-10-01,2024-09-30
C7537,Insrt atril pm w/l vent lead,2023-10-01,2024-09-30
C7538,Insrt vent pm w/l vent lead,2023-10-01,2024-09-30
C7539,Insrt a & v pm w/l vent lead,2023-10-01,2024-09-30
C7540,Rmv&rplc pm dul w/l vnt lead,2023-10-01,2024-09-30
C7543,"Ercp w/otomy, pancreatoscopy",2023-10-01,2024-09-30
C7544,Ercp rmv calc pancreatoscopy,2023-10-01,2024-09-30
C7545,Exch bil cath w/ rmv calculi,2023-10-01,2024-09-30
C7546,Rep nph/urt cath w/dil stric,2023-10-01,2024-09-30
C7547,Cnvrt neph cath w/ dil stric,2023-10-01,2024-09-30
C7548,Exch neph cath w/ dil stric,2023-10-01,2024-09-30
C7549,Chge urtr stent w/ dil stric,2023-10-01,2024-09-30
C7551,Exc neuroma w/ implnt nv end,2023-10-01,2024-09-30
C7552,R hrt art/grft ang hrt flow,2023-10-01,2024-09-30
C7553,R&l hrt art/vent ang drg ad,2023-10-01,2024-09-30
C7555,Rmvl thyrd w/autotran parath,2023-10-01,2024-09-30
C7556,Bronch lavage w/ebus,2025-10-01,9999-12-31
C7557,Cor angio/vent w/ffr,2025-10-01,9999-12-31
C7558,Cor angio/vent w/drug admin,2024-10-01,2025-09-30
C7560,Ercp remove forgn body&endo,2025-10-01,9999-12-31
C7562,R&l hrt angio w/ffr & 3d map,2025-10-01,9999-12-31
C7563,Trluml ballo angiop all art,2025-10-01,9999-12-31
C7564,Vein mech throm w/intrvas us,2025-10-01,9999-12-31
C7900,"Hopd mntl hlt, 15-29 min",2023-10-01,2024-09-30
C7901,"Hopd mntl hlt, 30-60 min",2023-10-01,2024-09-30
C7903,"Hopd mntl hlt, grp",2025-10-01,9999-12-31
C8003,Imp extar knee shck absrb,2025-10-01,9999-12-31
C8005,Pef bronch ablt 3d nav ebus,2025-10-01,9999-12-31
C9600,Perc drug-el cor stent sing,2018-10-01,2019-09-30
C9602,Perc d-e cor stent ather s,2018-10-01,2019-09-30
C9604,Perc d-e cor revasc t cabg s,2018-10-01,2019-09-30
C9606,Perc d-e cor revasc w ami s,2018-10-01,2019-09-30
C9607,Perc d-e cor revasc chro sin,2018-10-01,2019-09-30
C9727,Insert palate implants,2018-10-01,2019-09-30
C9734,"U/s trtmt, not leiomyomata",2018-10-01,2019-09-30
C9739,Cystoscopy prostatic imp 1-3,2018-10-01,2019-09-30
C9740,Cysto impl 4 or more,2018-10-01,2019-09-30
C9745,Nasal endo eustachian tube,2018-10-01,2019-09-30
C9746,Trans imp balloon cont,2018-10-01,2019-09-30
C9747,"Ablation, hifu, prostate",2018-10-01,2019-09-30
C9749,Repair nasal stenosis w/imp,2018-10-01,2019-09-30
C9750,Ins/rem-replace compl iims,2018-10-01,2019-09-30
C9751,"Microwave bronch, 3d, ebus",2018-10-01,2019-09-30
C9752,Intraosseous des lumb/sacrum,2018-10-01,2019-09-30
C9754,"Perc av fistula, direct",2018-10-01,2019-09-30
C9755,Rf magnetic-guide av fistula,2018-10-01,2019-09-30
C9757,Spine/lumbar disk surgery,2019-10-01,2020-09-30
C9758,Interatrial shunt ide,2019-10-01,2020-09-30
C9759,Transcath intraop microinf,2019-10-01,2020-09-30
C9760,Non-blind interatrial shunt,2019-10-01,2020-09-30
C9761,"Cysto, litho, vacuum kidney",2019-10-01,2020-09-30
C9764,Revasc intravasc lithotripsy,2019-10-01,2020-09-30
C9765,Revasc intra lithotrip-stent,2019-10-01,2020-09-30
C9766,Revasc intra lithotrip-ather,2019-10-01,2020-09-30
C9767,Revasc lithotrip-stent-ather,2019-10-01,2020-09-30
C9769,Cysto w/temp pros implant,2019-10-01,2020-09-30
C9770,"Vitrec/mech pars, subret inj",2020-10-01,2021-09-30
C9771,Nsl/sins cryo post nasal tis,2020-10-01,2021-09-30
C9772,Revasc lithotrip tibi/perone,2020-10-01,2021-09-30
C9773,Revasc lithotr-stent tib/per,2020-10-01,2021-09-30
C9774,Revasc lithotr-ather tib/per,2020-10-01,2021-09-30
C9775,Revasc lith-sten-ath tib/per,2020-10-01,2021-09-30
C9778,"Colpopexy, min/inv, ex-perit",2020-10-01,2021-09-30
C9779,Esd endoscopy or colonoscopy,2020-10-01,2021-09-30
C9780,Insert cv cath inf & sup app,2020-10-01,2021-09-30
C9781,Arthro/shoul surg; w/spacer,2021-10-01,2022-09-30
C9782,Blind myocar trpl bon marrow,2021-10-01,2022-09-30
C9783,Blind cor sinus reducer impl,2021-10-01,2022-09-30
C9784,Endo sleeve gastro w/tube,2025-10-01,9999-12-31
C9785,Endo outlet restrict w/tube,2025-10-01,9999-12-31
C9786,Echo cad for hf preserved ef,2023-10-01,2024-09-30
C9789,Instill pharm renal pelvis,2025-10-01,9999-12-31
C9790,Kidney histotripsy w/image,2023-10-01,2024-09-30
C9792,Blind/nonblind trans atrial,2025-10-01,9999-12-31
C9795,Sbrt w/positron emission del,2024-10-01,2025-09-30
C9796,Rpr intst excl anrect fist,2025-10-01,9999-12-31
C9797,Vasc emb/occ w/prs cath,2025-10-01,9999-12-31
C9901,Endo defect closure gi tract,2025-10-01,9999-12-31
G0017,Crisis psychotherapy 60m,2025-10-01,9999-12-31
G0071,Comm svcs by rhc/fqhc 5 min,2018-10-01,2019-09-30
G0129,Partial hosp prog service,2018-10-01,2019-09-30
G0137,"Inten outpt svs,min 9 pr 7 d",2025-10-01,9999-12-31
G0151,"Hhcp-serv of pt,ea 15 min",2018-10-01,2019-09-30
G0152,"Hhcp-serv of ot,ea 15 min",2018-10-01,2019-09-30
G0153,"Hhcp-svs of s/l path,ea 15mn",2018-10-01,2019-09-30
G0155,"Hhcp-svs of csw,ea 15 min",2018-10-01,2019-09-30
G0159,Hhc pt maint ea 15 min,2018-10-01,2019-09-30
G0160,Hhc occup therapy ea 15,2018-10-01,2019-09-30
G0161,Hhc slp ea 15 min,2018-10-01,2019-09-30
G0186,"Dstry eye lesn,fdr vssl tech",2018-10-01,2019-09-30
G0245,Initial foot exam pt lops,2018-10-01,2019-09-30
G0246,Followup eval of foot pt lop,2018-10-01,2019-09-30
G0248,Demonstrate use home inr mon,2018-10-01,2019-09-30
G0249,Provide inr test mater/equip,2018-10-01,2019-09-30
G0250,Md inr test revie inter mgmt,2018-10-01,2019-09-30
G0257,Unsched dialysis esrd pt hos,2018-10-01,2019-09-30
G0259,Inject for sacroiliac joint,2018-10-01,2019-09-30
G0260,Inj for sacroiliac jt anesth,2018-10-01,2019-09-30
G0268,Removal of impacted wax md,2018-10-01,2019-09-30
G0276,Pild/placebo control clin tr,2018-10-01,2019-09-30
G0308,180 d implant glucose sensor,2021-10-01,2022-09-30
G0309,Rem/inser glu sensor dif sit,2021-10-01,2022-09-30
G0339,"Robot lin-radsurg com, first",2018-10-01,2019-09-30
G0340,Robt lin-radsurg fractx 2-5,2018-10-01,2019-09-30
G0341,Percutaneous islet celltrans,2018-10-01,2019-09-30
G0342,Laparoscopy islet cell trans,2018-10-01,2019-09-30
G0343,Laparotomy islet cell transp,2018-10-01,2019-09-30
G0372,Md service required for pmd,2018-10-01,2019-09-30
G0378,Hospital observation per hr,2018-10-01,2019-09-30
G0379,Direct refer hospital observ,2018-10-01,2019-09-30
G0380,Lev 1 hosp type b ed visit,2018-10-01,2019-09-30
G0381,Lev 2 hosp type b ed visit,2018-10-01,2019-09-30
G0382,Lev 3 hosp type b ed visit,2018-10-01,2019-09-30
G0383,Lev 4 hosp type b ed visit,2018-10-01,2019-09-30
G0384,Lev 5 hosp type b ed visit,2018-10-01,2019-09-30
G0396,Alcohol/subs interv 15-30mn,2018-10-01,2019-09-30
G0397,Alcohol/subs interv >30 min,2018-10-01,2019-09-30
G0402,Initial preventive exam,2018-10-01,2019-09-30
G0406,Inpt/tele follow up 15,2018-10-01,2019-09-30
G0407,Inpt/tele follow up 25,2018-10-01,2019-09-30
G0408,Inpt/tele follow up 35,2018-10-01,2019-09-30
G0409,Corf related serv 15 mins ea,2018-10-01,2019-09-30
G0412,Open tx iliac spine uni/bil,2018-10-01,2019-09-30
G0413,Pelvic ring fracture uni/bil,2018-10-01,2019-09-30
G0414,Pelvic ring fx treat int fix,2018-10-01,2019-09-30
G0415,Open tx post pelvic fxcture,2018-10-01,2019-09-30
G0425,Inpt/ed teleconsult30,2018-10-01,2019-09-30
G0426,Inpt/ed teleconsult50,2018-10-01,2019-09-30
G0427,Inpt/ed teleconsult70,2018-10-01,2019-09-30
G0429,Dermal filler injection(s),2018-10-01,2019-09-30
G0438,"Ppps, initial visit",2018-10-01,2019-09-30
G0439,"Ppps, subseq visit",2018-10-01,2019-09-30
G0443,Brief alcohol misuse counsel,2018-10-01,2019-09-30
G0447,Behavior counsel obesity 15m,2018-10-01,2019-09-30
G0448,Place perm pacing cardiovert,2018-10-01,2019-09-30
G0455,Fecal microbiota prep instil,2018-10-01,2019-09-30
G0458,Ldr prostate brachy comp rat,2018-10-01,2019-09-30
G0459,Telehealth inpt pharm mgmt,2018-10-01,2019-09-30
G0460,Autologous prp for ulcers,2018-10-01,2019-09-30
G0463,Hospital outpt clinic visit,2018-10-01,2019-09-30
G0465,Autolog prp diab wound ulcer,2025-10-01,9999-12-31
G0466,Fqhc visit new patient,2018-10-01,2019-09-30
G0467,"Fqhc visit, estab pt",2018-10-01,2019-09-30
G0468,"Fqhc visit, ippe or awv",2018-10-01,2019-09-30
G0469,"Fqhc visit, mh new pt",2018-10-01,2019-09-30
G0470,"Fqhc visit, mh estab pt",2018-10-01,2019-09-30
G0473,Group behave couns 2-10,2018-10-01,2019-09-30
G0491,Dialysis acu kidney no esrd,2018-10-01,2019-09-30
G0492,Md/oth eval acut kid no esrd,2018-10-01,2019-09-30
G0498,Chemo extend iv infus w/pump,2018-10-01,2019-09-30
G0508,Crit care telehea consult 60,2018-10-01,2019-09-30
G0509,Crit care telehea consult 50,2018-10-01,2019-09-30
G0511,Ccm/bhi by rhc/fqhc 20min mo,2018-10-01,2019-09-30
G0512,Cocm by rhc/fqhc 60 min mo,2018-10-01,2019-09-30
G0515,Cognitive skills development,2018-10-01,2019-09-30
G0516,"insert drug implant,>=4",2018-10-01,2019-09-30
G0517,Remove drug implant,2018-10-01,2019-09-30
G0518,Remove w insert drug implant,2018-10-01,2019-09-30
G0533,Buprenorphone inj weekly,2025-10-01,9999-12-31
G0563,Sbrt w/positron emission del,2025-10-01,9999-12-31
G0564,365 d implant glucose sensor,2025-10-01,9999-12-31
G0565,Rem/ins glu snsr 365 dif sit,2025-10-01,9999-12-31
G2000,Blinded conv. tx mdd clin tr,2018-10-01,2019-09-30
G2010,Remot image submit by pt,2018-10-01,2019-09-30
G2011,Alcohol/sub abuse assess,2018-10-01,2019-09-30
G2012,Brief check in by md/qhp,2018-10-01,2019-09-30
G2020,Hi inten serv for sip model,2025-10-01,9999-12-31
G2064,Md mang high risk dx 30,2019-10-01,2020-09-30
G2065,Clin mang h risk dx 30,2019-10-01,2020-09-30
G2067,Med assist tx meth wk,2019-10-01,2020-09-30
G2068,Med assist tx bupre oral,2019-10-01,2020-09-30
G2069,Med assist tx inject,2019-10-01,2020-09-30
G2070,Med assist tx implant,2019-10-01,2020-09-30
G2071,Med tx remove implant,2019-10-01,2020-09-30
G2072,Med tx insert/remove imp,2019-10-01,2020-09-30
G2073,Med tx naltrexone,2019-10-01,2020-09-30
G2074,Med assist tx no drug,2019-10-01,2020-09-30
G2075,Med tx meds nos,2019-10-01,2020-09-30
G2082,Visit esketamine 56m or less,2019-10-01,2020-09-30
G2083,"Visit esketamine, > 56m",2019-10-01,2020-09-30
G2086,Off base opioid tx 70min,2019-10-01,2020-09-30
G2087,"Off base opioid tx, 60 m",2019-10-01,2020-09-30
G2170,Avf by tissue w thermal e,2019-10-01,2020-09-30
G2171,Avf use magnetic/art/ven,2019-10-01,2020-09-30
G2172,Tx for opioid use demo proj,2020-10-01,2021-09-30
G2214,Init/sub psych care m 1st 30,2020-10-01,2021-09-30
G2250,"Remot img sub by pt, non e/m",2020-10-01,2021-09-30
G2251,"Brief chkin, 5-10, non-e/m",2020-10-01,2021-09-30
G2252,"Brief chkin by md/qhp, 11-20",2020-10-01,2021-09-30
G3002,Chronic pain mgmt 30 mins,2025-10-01,9999-12-31
G6003,Radiation treatment delivery,2018-10-01,2019-09-30
G6004,Radiation treatment delivery,2018-10-01,2019-09-30
G6005,Radiation treatment delivery,2018-10-01,2019-09-30
G6006,Radiation treatment delivery,2018-10-01,2019-09-30
G6007,Radiation treatment delivery,2018-10-01,2019-09-30
G6008,Radiation treatment delivery,2018-10-01,2019-09-30
G6009,Radiation treatment delivery,2018-10-01,2019-09-30
G6010,Radiation treatment delivery,2018-10-01,2019-09-30
G6011,Radiation treatment delivery,2018-10-01,2019-09-30
G6012,Radiation treatment delivery,2018-10-01,2019-09-30
G6013,Radiation treatment delivery,2018-10-01,2019-09-30
G6014,Radiation treatment delivery,2018-10-01,2019-09-30
G6015,Radiation tx delivery imrt,2018-10-01,2019-09-30
G6016,Delivery comp imrt,2018-10-01,2019-09-30
G9481,Remote e/m new pt 10mins,2018-10-01,2019-09-30
G9482,Remote e/m new pt 20mins,2018-10-01,2019-09-30
G9483,Remote e/m new pt 30mins,2018-10-01,2019-09-30
G9484,Remote e/m new pt 45mins,2018-10-01,2019-09-30
G9485,Remote e/m new pt 60mins,2018-10-01,2019-09-30
G9486,Remote e/m est. pt 10mins,2018-10-01,2019-09-30
G9487,Remote e/m est. pt 15mins,2018-10-01,2019-09-30
G9488,Remote e/m est. pt 25mins,2018-10-01,2019-09-30
G9489,Remote e/m est. pt 40mins,2018-10-01,2019-09-30
G9679,Acute care pneumonia,2018-10-01,2019-09-30
G9680,Acute care congestive heart,2018-10-01,2019-09-30
G9681,Acute care chronic obstruct,2018-10-01,2019-09-30
G9682,Acute care skin infection,2018-10-01,2019-09-30
G9683,Acute care fluid or electrol,2018-10-01,2019-09-30
G9684,Acute care urinary tract inf,2018-10-01,2019-09-30
G9685,Acute nursing facility care,2018-10-01,2019-09-30
G9978,Remote E/M new pt 10mins,2018-10-01,2019-09-30
G9979,Remote E/M new pt 20mins  ,2018-10-01,2019-09-30
G9980,Remote E/M new pt 30 mins  ,2018-10-01,2019-09-30
G9981,Remote E/M new pt 45mins,2018-10-01,2019-09-30
G9982,Remote E/M new pt 60mins  ,2018-10-01,2019-09-30
G9983,Remote E/M est. pt 10mins  ,2018-10-01,2019-09-30
G9984,Remote E/M est. pt  15mins  ,2018-10-01,2019-09-30
G9985,Remote E/M est. pt 25mins,2018-10-01,2019-09-30
G9986,Remote E/M est. pt 40mins,2018-10-01,2019-09-30
M0075,Cellular therapy,2018-10-01,2019-09-30
M0076,Prolotherapy,2018-10-01,2019-09-30
M0100,Intragastric hypothermia,2018-10-01,2019-09-30
M0300,Iv chelationtherapy,2018-10-01,2019-09-30
M0301,Fabric wrapping of aneurysm,2018-10-01,2019-09-30
15769,Grfg autol soft tiss dir exc,2019-10-01,2020-09-30
