model_name,unique_id,model_path,schema,materialization,resource_enabled,contract_enforced,column_count,tags,owner,servingdb_sync,child_count,parent_count,access,migration_status,target_canonical_model,compatibility_relation,deprecation_date,deprecation_ticket,wave,notes
_log_raf__prior_snapshot,model.healthcare_analytics._log_raf__prior_snapshot,models/healthcare/raf/score/cdc/_log_raf__prior_snapshot.sql,healthcare,table,True,False,2,"cdc,cms_hcc,event_log,raf,risk_adjustment,snapshot",,False,3,2,protected,active,,,,,,
appointment_types,model.healthcare_analytics.appointment_types,models/dimensions/appointment_types.sql,healthcare,incremental,True,True,19,"cube,dimension,mdm,BIPlatform",,False,8,1,protected,active,,,,,,
appointments,model.healthcare_analytics.appointments,models/facts/appointments.sql,healthcare,incremental,True,True,73,"appointments,cube,fact,scheduling,BIPlatform",,True,19,7,protected,active,,,,,,
attribution_history,model.healthcare_analytics.attribution_history,models/facts/attribution_history.sql,healthcare,incremental,True,True,35,"attribution,cube,fact,BIPlatform",,False,15,5,protected,active,,,,,,
attribution_movement,model.healthcare_analytics.attribution_movement,models/facts/attribution_movement.sql,healthcare,table,True,True,15,"attribution,cube,fact,payor,BIPlatform",,False,7,2,protected,active,,,,,,
attribution_operations,model.healthcare_analytics.attribution_operations,models/facts/attribution_operations.sql,healthcare,incremental,True,True,56,"attribution,cube,fact,hourly,BIPlatform",,False,6,4,protected,active,,,,,,
attribution_timeline,model.healthcare_analytics.attribution_timeline,models/facts/attribution_timeline.sql,healthcare,table,True,True,41,"attribution,cube,fact,hourly,BIPlatform",,False,5,3,protected,active,,,,,,
audit_bonus__encounter_detail,model.healthcare_analytics.audit_bonus__encounter_detail,models/provider_bonus/intermediate/audit_bonus__encounter_detail.sql,provider_bonus,view,True,True,26,"audit,intermediate,provider_bonus",,False,4,4,protected,active,,,,,,
audit_bonus__nps_survey_detail,model.healthcare_analytics.audit_bonus__nps_survey_detail,models/provider_bonus/intermediate/audit_bonus__nps_survey_detail.sql,provider_bonus,view,True,True,21,"audit,intermediate,provider_bonus",,False,4,2,protected,active,,,,,,
audit_bonus__quality_patient_detail,model.healthcare_analytics.audit_bonus__quality_patient_detail,models/provider_bonus/intermediate/audit_bonus__quality_patient_detail.sql,provider_bonus,view,True,True,15,"audit,intermediate,provider_bonus",,False,2,2,protected,active,,,,,,
base_athenahealth__clinicalresult,model.healthcare_analytics.base_athenahealth__clinicalresult,models/sources/athenahealth/base_athenahealth__clinicalresult.sql,staging,view,True,False,0,"athenahealth,base,clinicalresult,ehr",,False,2,1,protected,active,,,,,,
base_athenahealth__clinicalresultobservation,model.healthcare_analytics.base_athenahealth__clinicalresultobservation,models/sources/athenahealth/base_athenahealth__clinicalresultobservation.sql,staging,view,True,False,0,"athenahealth,base,clinicalresultobservation,ehr",,False,2,1,protected,active,,,,,,
base_athenahealth__document,model.healthcare_analytics.base_athenahealth__document,models/sources/athenahealth/base_athenahealth__document.sql,staging,view,True,False,0,"athenahealth,base,document,ehr",,False,2,1,protected,active,,,,,,
base_athenahealth__p4pmeasure,model.healthcare_analytics.base_athenahealth__p4pmeasure,models/sources/athenahealth/base_athenahealth__p4pmeasure.sql,staging,view,True,False,0,"athenahealth,base,ehr,p4pmeasure",,False,2,1,protected,active,,,,,,
base_athenahealth__p4presult,model.healthcare_analytics.base_athenahealth__p4presult,models/sources/athenahealth/base_athenahealth__p4presult.sql,staging,view,True,False,0,"athenahealth,base,ehr,p4presult",,False,2,1,protected,active,,,,,,
base_athenahealth__p4presultdata,model.healthcare_analytics.base_athenahealth__p4presultdata,models/sources/athenahealth/base_athenahealth__p4presultdata.sql,staging,view,True,False,0,"athenahealth,base,ehr,p4presultdata",,False,2,1,protected,active,,,,,,
base_athenahealth__qmresult,model.healthcare_analytics.base_athenahealth__qmresult,models/sources/athenahealth/base_athenahealth__qmresult.sql,staging,view,True,False,0,"athenahealth,base,ehr,qmresult",,False,2,1,protected,active,,,,,,
base_salesforce__appointment,model.healthcare_analytics.base_salesforce__appointment,models/sources/salesforce/base_salesforce__appointment.sql,staging,view,True,False,1,"appointment,base,crm,salesforce",,False,18,1,protected,active,,,,,,
base_salesforce__attribution,model.healthcare_analytics.base_salesforce__attribution,models/sources/salesforce/base_salesforce__attribution.sql,staging,view,True,False,1,"attribution,base,crm,salesforce",,False,7,1,protected,active,,,,,,
behavioral_health,model.healthcare_analytics.behavioral_health,models/facts/behavioral_health.sql,healthcare,incremental,True,True,56,"behavioral_health,cube,fact,BIPlatform",,False,7,3,protected,active,,,,,,
beta_new_patient_cohort,model.healthcare_analytics.beta_new_patient_cohort,models/healthcare/scheduling/beta_new_patient_cohort.sql,healthcare,view,True,False,2,"analytics,beta,capacity,operating_review,retention,retier,scheduling,superset",,False,3,1,protected,active,,,,,,
beta_panel_flow,model.healthcare_analytics.beta_panel_flow,models/healthcare/scheduling/beta_panel_flow.sql,healthcare,view,True,False,2,"analytics,beta,capacity,operating_review,retention,retier,scheduling,superset",,False,3,1,protected,active,,,,,,
beta_retention_curve,model.healthcare_analytics.beta_retention_curve,models/healthcare/scheduling/beta_retention_curve.sql,healthcare,view,True,False,1,"analytics,beta,capacity,operating_review,retention,retier,scheduling,superset",,False,2,1,protected,active,,,,,,
call_center_interactions,model.healthcare_analytics.call_center_interactions,models/facts/call_center_interactions.sql,healthcare,incremental,True,True,38,"call_center,cube,fact,nice,BIPlatform",,False,3,5,protected,active,,,,,,
call_center_sentiment,model.healthcare_analytics.call_center_sentiment,models/facts/call_center_sentiment.sql,healthcare,incremental,True,True,32,"call_center,cube,fact,nice,sentiment,BIPlatform",,False,3,4,protected,active,,,,,,
clinics,model.healthcare_analytics.clinics,models/dimensions/clinics.sql,healthcare,incremental,True,True,6,"cube,dimension,mdm,BIPlatform",,False,10,1,protected,active,,,,,,
dim_icd_categorization,model.healthcare_analytics.dim_icd_categorization,models/marts/reference/dim_icd_categorization.sql,reference,table,True,False,20,"dim,icd,reference",,False,2,8,protected,active,,,,,,
dim_raf__attribution,model.healthcare_analytics.dim_raf__attribution,models/healthcare/raf/shared/facts/dim_raf__attribution.sql,healthcare,table,True,False,13,"cms_hcc,cube,dimension,fact,gold,raf,risk_adjustment,BIPlatform",,False,22,8,protected,active,,,,,,
dim_raf__hcc_catalog,model.healthcare_analytics.dim_raf__hcc_catalog,models/healthcare/raf/shared/facts/dim_raf__hcc_catalog.sql,healthcare,table,True,False,4,"cms_hcc,cube,dimension,fact,gold,raf,reference,risk_adjustment,BIPlatform",,False,5,6,protected,active,,,,,,
dim_rn_hh_department,model.healthcare_analytics.dim_rn_hh_department,models/healthcare/rn_inbox/dim_rn_hh_department.sql,healthcare,view,True,False,1,"dimension,nursing,rn_inbox",,False,4,1,protected,active,,,,,,
dim_rn_practice_role,model.healthcare_analytics.dim_rn_practice_role,models/healthcare/rn_inbox/dim_rn_practice_role.sql,healthcare,view,True,False,1,"dimension,nursing,rn_inbox",,False,3,0,protected,active,,,,,,
dim_rn_staff,model.healthcare_analytics.dim_rn_staff,models/healthcare/rn_inbox/dim_rn_staff.sql,healthcare,view,True,False,3,"dimension,nursing,rn_inbox",,False,4,5,protected,active,,,,,,
dim_rn_staff_athena,model.healthcare_analytics.dim_rn_staff_athena,models/healthcare/rn_inbox/dim_rn_staff_athena.sql,healthcare,view,True,False,1,"dimension,nursing,rn_inbox",,False,3,1,protected,active,,,,,,
dim_staff_athena,model.healthcare_analytics.dim_staff_athena,models/dimensions/dim_staff_athena.sql,healthcare,view,True,False,2,"athena,cube,dimension,mdm,staff,BIPlatform",,False,1,1,protected,active,,,,,,
fact_provider_nps,model.healthcare_analytics.fact_provider_nps,models/healthcare/nps/fact_provider_nps.sql,healthcare,incremental,True,False,16,"ai,nps,survey",,True,5,3,protected,active,,,,,,
fct_auto_tier_chronic,model.healthcare_analytics.fct_auto_tier_chronic,models/healthcare/scheduling/auto_tier/fct_auto_tier_chronic.sql,healthcare,table,True,False,0,"auto_tier,explain,retier,scheduling",,False,0,0,protected,active,,,,,,DEV-4586 Auto Tier inspector explain facts
fct_auto_tier_labs,model.healthcare_analytics.fct_auto_tier_labs,models/healthcare/scheduling/auto_tier/fct_auto_tier_labs.sql,healthcare,table,True,False,0,"auto_tier,explain,retier,scheduling",,False,0,0,protected,active,,,,,,DEV-4586 Auto Tier inspector explain facts
fct_auto_tier_medications,model.healthcare_analytics.fct_auto_tier_medications,models/healthcare/scheduling/auto_tier/fct_auto_tier_medications.sql,healthcare,table,True,False,0,"auto_tier,explain,retier,scheduling",,False,0,0,protected,active,,,,,,DEV-4586 Auto Tier inspector explain facts
fct_auto_tier_questionnaires,model.healthcare_analytics.fct_auto_tier_questionnaires,models/healthcare/scheduling/auto_tier/fct_auto_tier_questionnaires.sql,healthcare,table,True,False,0,"auto_tier,explain,retier,scheduling",,False,0,0,protected,active,,,,,,DEV-4586 Auto Tier inspector explain facts
fct_auto_tier_risk_factors,model.healthcare_analytics.fct_auto_tier_risk_factors,models/healthcare/scheduling/auto_tier/fct_auto_tier_risk_factors.sql,healthcare,table,True,False,0,"auto_tier,explain,retier,scheduling",,False,0,0,protected,active,,,,,,DEV-4586 Auto Tier inspector explain facts
fct_auto_tier_rubric_trace,model.healthcare_analytics.fct_auto_tier_rubric_trace,models/healthcare/scheduling/auto_tier/fct_auto_tier_rubric_trace.sql,healthcare,table,True,False,0,"auto_tier,explain,retier,scheduling",,False,0,0,protected,active,,,,,,DEV-4586 Auto Tier inspector explain facts
fct_auto_tier_severe_hcc,model.healthcare_analytics.fct_auto_tier_severe_hcc,models/healthcare/scheduling/auto_tier/fct_auto_tier_severe_hcc.sql,healthcare,table,True,False,0,"auto_tier,explain,retier,scheduling",,False,0,0,protected,active,,,,,,DEV-4586 Auto Tier inspector explain facts
fct_auto_tier_social,model.healthcare_analytics.fct_auto_tier_social,models/healthcare/scheduling/auto_tier/fct_auto_tier_social.sql,healthcare,table,True,False,0,"auto_tier,explain,retier,scheduling",,False,0,0,protected,active,,,,,,DEV-4586 Auto Tier inspector explain facts
fct_auto_tier_summary,model.healthcare_analytics.fct_auto_tier_summary,models/healthcare/scheduling/auto_tier/fct_auto_tier_summary.sql,healthcare,table,True,False,0,"auto_tier,explain,retier,scheduling",,False,0,0,protected,active,,,,,,DEV-4586 Auto Tier inspector explain facts
fct_auto_tier_utilization,model.healthcare_analytics.fct_auto_tier_utilization,models/healthcare/scheduling/auto_tier/fct_auto_tier_utilization.sql,healthcare,table,True,False,0,"auto_tier,explain,retier,scheduling",,False,0,0,protected,active,,,,,,DEV-4586 Auto Tier inspector explain facts
fct_cdia__provider_audit,model.healthcare_analytics.fct_cdia__provider_audit,models/healthcare/cdia/gold/fct_cdia__provider_audit.sql,healthcare,incremental,True,True,26,"cdia,cube,gold,no_full_refresh",,False,20,1,protected,active,,,,,,
fct_jira_work,model.healthcare_analytics.fct_jira_work,models/jira/fct_jira_work.sql,jira,view,True,True,42,"cube,fact,jira,BIPlatform",,False,1,1,protected,active,,,,,,
fct_mdm__member_month,model.healthcare_analytics.fct_mdm__member_month,models/healthcare/mdm/facts/fct_mdm__member_month.sql,healthcare,table,True,False,14,"cube,fact,mdm,member,spine,BIPlatform",,False,17,6,protected,active,,,,,,
fct_patient_engagement_events,model.healthcare_analytics.fct_patient_engagement_events,models/healthcare/engagement/fct_patient_engagement_events.sql,healthcare,table,True,False,5,"cube,engagement,healthcare,BIPlatform",,False,6,4,protected,active,,,,,,
fct_patient_provider_monthly,model.healthcare_analytics.fct_patient_provider_monthly,models/provider_bonus/facts/fct_patient_provider_monthly.sql,provider_bonus,table,True,False,2,"attribution,cube,fact,provider_bonus,BIPlatform",,True,3,1,protected,active,,,,,,
fct_payor__claims,model.healthcare_analytics.fct_payor__claims,models/healthcare/payor/gold/fct_payor__claims.sql,healthcare,incremental,True,False,14,"attribution,claims,fact,gold,payor",,False,24,1,protected,active,,,,,,
fct_provider_bonus,model.healthcare_analytics.fct_provider_bonus,models/provider_bonus/facts/fct_provider_bonus.sql,provider_bonus,incremental,True,True,71,"cube,fact,provider_bonus,BIPlatform",,True,35,11,protected,active,,,,,,
fct_provider_bonus_detail,model.healthcare_analytics.fct_provider_bonus_detail,models/provider_bonus/facts/fct_provider_bonus_detail.sql,provider_bonus,incremental,True,True,26,"audit,cube,fact,provider_bonus,BIPlatform",,True,13,11,protected,active,,,,,,
fct_provider_bonus_quarterly_payout,model.healthcare_analytics.fct_provider_bonus_quarterly_payout,models/provider_bonus/facts/fct_provider_bonus_quarterly_payout.sql,provider_bonus,incremental,True,True,35,"cube,fact,payout,provider_bonus,BIPlatform",,True,5,2,protected,active,,,,,,
fct_provider_bonus_snapshot,model.healthcare_analytics.fct_provider_bonus_snapshot,models/provider_bonus/facts/fct_provider_bonus_snapshot.sql,provider_bonus,incremental,True,True,32,"cube,fact,provider_bonus,snapshot,BIPlatform",,True,6,5,protected,active,,,,,,
fct_provider_metric_history,model.healthcare_analytics.fct_provider_metric_history,models/provider_bonus/facts/fct_provider_metric_history.sql,provider_bonus,incremental,True,False,17,"cube,fact,history,provider_bonus,BIPlatform",,True,15,5,protected,active,,,,,,
fct_quality__payor_alpha_mn_contract_output,model.healthcare_analytics.fct_quality__payor_alpha_mn_contract_output,models/healthcare/quality/marts/fct_quality__payor_alpha_mn_contract_output.sql,healthcare,table,True,False,30,"PAYOR_A,dev-4296,hedis,marts,quality",Gyasi Sutton,False,10,4,protected,active,,,,,,
fct_quality__payor_alpha_mn_gap_evidence,model.healthcare_analytics.fct_quality__payor_alpha_mn_gap_evidence,models/healthcare/quality/marts/fct_quality__payor_alpha_mn_gap_evidence.sql,healthcare,table,True,False,24,"PAYOR_A,dev-4296,hedis,marts,quality",Gyasi Sutton,False,2,2,protected,active,,,,,,
fct_quality__payor_alpha_mn_roster,model.healthcare_analytics.fct_quality__payor_alpha_mn_roster,models/healthcare/quality/marts/fct_quality__payor_alpha_mn_roster.sql,healthcare,table,True,False,7,"PAYOR_A,dev-4296,hedis,mart,marts,quality",Gyasi Sutton,False,16,5,protected,active,,,,,,
fct_quality__payor_alpha_mn_submission,model.healthcare_analytics.fct_quality__payor_alpha_mn_submission,models/healthcare/quality/marts/fct_quality__payor_alpha_mn_submission.sql,healthcare,table,True,False,15,"PAYOR_A,dev-4296,hedis,marts,quality",Gyasi Sutton,False,7,1,protected,active,,,,,,
fct_quality__payor_alpha_mn_submission_demographics,model.healthcare_analytics.fct_quality__payor_alpha_mn_submission_demographics,models/healthcare/quality/marts/fct_quality__payor_alpha_mn_submission_demographics.sql,healthcare,table,True,False,19,"PAYOR_A,dev-4296,hedis,mart,marts,quality",Gyasi Sutton,False,5,5,protected,active,,,,,,
fct_quality__payor_gamma_contract_output,model.healthcare_analytics.fct_quality__payor_gamma_contract_output,models/healthcare/quality/marts/fct_quality__payor_gamma_contract_output.sql,healthcare,table,True,False,52,"dev-4296,hedis,PAYOR_C,mart,marts,quality",Gyasi Sutton,False,5,4,protected,active,,,,,,
fct_quality__payor_gamma_gap_evidence,model.healthcare_analytics.fct_quality__payor_gamma_gap_evidence,models/healthcare/quality/marts/fct_quality__payor_gamma_gap_evidence.sql,healthcare,table,True,False,14,"dev-4296,hedis,PAYOR_C,mart,marts,quality",Gyasi Sutton,False,11,2,protected,active,,,,,,
fct_quality__payor_gamma_roster,model.healthcare_analytics.fct_quality__payor_gamma_roster,models/healthcare/quality/marts/fct_quality__payor_gamma_roster.sql,healthcare,table,True,False,7,"dev-4296,hedis,PAYOR_C,mart,marts,quality",Gyasi Sutton,False,13,5,protected,active,,,,,,
fct_quality__payor_gamma_submission_demographics,model.healthcare_analytics.fct_quality__payor_gamma_submission_demographics,models/healthcare/quality/marts/fct_quality__payor_gamma_submission_demographics.sql,healthcare,table,True,False,10,"dev-4296,hedis,PAYOR_C,mart,marts,quality",Gyasi Sutton,False,6,4,protected,active,,,,,,
fct_quality_measure_snapshot,model.healthcare_analytics.fct_quality_measure_snapshot,models/provider_bonus/facts/fct_quality_measure_snapshot.sql,provider_bonus,incremental,True,True,14,"cube,fact,provider_bonus,quality,snapshot,BIPlatform",,True,6,1,protected,active,,,,,,
fct_raf__blended_patient_summary,model.healthcare_analytics.fct_raf__blended_patient_summary,models/healthcare/raf/score/facts/fct_raf__blended_patient_summary.sql,healthcare,incremental,True,False,3,"blend,cms_hcc,cube,fact,gold,raf,risk_adjustment,v24,BIPlatform",,False,5,3,protected,active,,,,,,
fct_raf__buildup_monthly,model.healthcare_analytics.fct_raf__buildup_monthly,models/healthcare/raf/score/facts/fct_raf__buildup_monthly.sql,healthcare,table,True,False,4,"cms_hcc,cube,fact,gold,raf,risk_adjustment,BIPlatform",,False,6,1,protected,active,,,,,,
fct_raf__claims_reconciliation,model.healthcare_analytics.fct_raf__claims_reconciliation,models/healthcare/raf/revenue/facts/fct_raf__claims_reconciliation.sql,healthcare,incremental,True,False,4,"cms_hcc,cube,fact,gold,raf,reconciliation,risk_adjustment,BIPlatform",,False,8,4,protected,active,,,,,,
fct_raf__frs_score,model.healthcare_analytics.fct_raf__frs_score,models/healthcare/raf/score/facts/fct_raf__frs_score.sql,healthcare,table,True,False,5,"cms_hcc,cube,fact,frs,gold,raf,risk_adjustment,BIPlatform",,False,9,3,protected,active,,,,,,
fct_raf__frs_summary,model.healthcare_analytics.fct_raf__frs_summary,models/healthcare/raf/score/facts/fct_raf__frs_summary.sql,healthcare,table,True,False,5,"cms_hcc,cube,fact,frs,gold,raf,risk_adjustment,BIPlatform",,False,12,2,protected,active,,,,,,
fct_raf__member_revenue,model.healthcare_analytics.fct_raf__member_revenue,models/healthcare/raf/revenue/facts/fct_raf__member_revenue.sql,healthcare,table,True,False,17,"cms_hcc,cube,fact,finance,finraf,raf,risk_adjustment,BIPlatform",,False,28,3,protected,active,,,,,,
fct_raf__monthly_score_snapshots,model.healthcare_analytics.fct_raf__monthly_score_snapshots,models/healthcare/raf/score/facts/fct_raf__monthly_score_snapshots.sql,healthcare,incremental,True,False,14,"cms_hcc,cube,fact,gold,monthly_snapshots,raf,risk_adjustment,BIPlatform",,False,19,18,protected,active,,,,,,
fct_raf__monthly_snapshots,model.healthcare_analytics.fct_raf__monthly_snapshots,models/healthcare/raf/score/facts/fct_raf__monthly_snapshots.sql,healthcare,table,True,False,2,"cms_hcc,cube,fact,gold,raf,risk_adjustment,BIPlatform",,False,8,8,protected,active,,,,,,
fct_raf__patient_summary,model.healthcare_analytics.fct_raf__patient_summary,models/healthcare/raf/score/facts/fct_raf__patient_summary.sql,healthcare,table,True,False,8,"cms_hcc,cube,fact,gold,raf,risk_adjustment,BIPlatform",,False,24,5,protected,active,,,,,,
fct_raf__score_components,model.healthcare_analytics.fct_raf__score_components,models/healthcare/raf/score/facts/fct_raf__score_components.sql,healthcare,incremental,True,False,6,"cms_hcc,cube,fact,gold,raf,risk_adjustment,BIPlatform",,False,19,5,protected,active,,,,,,
fct_raf__v24_score_components,model.healthcare_analytics.fct_raf__v24_score_components,models/healthcare/raf/score/facts/fct_raf__v24_score_components.sql,healthcare,table,True,False,3,"blend,cms_hcc,cube,fact,gold,raf,risk_adjustment,v24,BIPlatform",,False,5,3,protected,active,,,,,,
fct_raf__year_progression,model.healthcare_analytics.fct_raf__year_progression,models/healthcare/raf/score/facts/fct_raf__year_progression.sql,healthcare,table,True,False,3,"cms_hcc,cube,fact,gold,raf,risk_adjustment,BIPlatform",,False,4,1,protected,active,,,,,,
fct_rn_inbox_actions,model.healthcare_analytics.fct_rn_inbox_actions,models/healthcare/rn_inbox/fct_rn_inbox_actions.sql,healthcare,view,True,False,10,"fact,nursing,rn_inbox",,False,5,6,protected,active,,,,,,
fct_rn_inbox_current,model.healthcare_analytics.fct_rn_inbox_current,models/healthcare/rn_inbox/fct_rn_inbox_current.sql,healthcare,view,True,False,1,"fact,nursing,rn_inbox",,False,3,4,protected,active,,,,,,
fct_rn_last_phone_outreach,model.healthcare_analytics.fct_rn_last_phone_outreach,models/healthcare/rn_inbox/fct_rn_last_phone_outreach.sql,healthcare,view,True,False,1,"fact,nursing,rn_inbox",,False,3,4,protected,active,,,,,,
fct_rn_patient_clinical_summary,model.healthcare_analytics.fct_rn_patient_clinical_summary,models/healthcare/rn_inbox/fct_rn_patient_clinical_summary.sql,healthcare,view,True,False,3,"fact,nursing,rn_inbox",,False,3,6,protected,active,,,,,,
fct_spend__patient_month,model.healthcare_analytics.fct_spend__patient_month,models/healthcare/spend/facts/fct_spend__patient_month.sql,healthcare,table,True,False,17,"cube,fact,spend,BIPlatform",,True,53,9,protected,active,,,,,,
gold_appointment_supplement,model.healthcare_analytics.gold_appointment_supplement,models/healthcare/raf/capture/gold/gold_appointment_supplement.sql,healthcare,incremental,True,False,1,"backwards_compat,cms_hcc,cube,gold,legacy,raf,risk_adjustment,BIPlatform",,False,4,1,protected,active,,,,,,
gold_combined_raf,model.healthcare_analytics.gold_combined_raf,models/healthcare/raf/score/gold/gold_combined_raf.sql,healthcare,table,True,False,5,"backwards_compat,cms_hcc,cube,gold,legacy,raf,risk_adjustment,BIPlatform",,False,5,5,protected,active,,,,,,
gold_current_assessment,model.healthcare_analytics.gold_current_assessment,models/healthcare/raf/capture/gold/gold_current_assessment.sql,healthcare,incremental,True,False,3,"backwards_compat,cms_hcc,cube,gold,legacy,raf,risk_adjustment,BIPlatform",,False,5,1,protected,active,,,,,,
gold_demographic_raf,model.healthcare_analytics.gold_demographic_raf,models/healthcare/raf/score/gold/gold_demographic_raf.sql,healthcare,incremental,True,False,2,"backwards_compat,cms_hcc,cube,gold,legacy,raf,risk_adjustment,BIPlatform",,False,3,5,protected,active,,,,,,
gold_final_assessment,model.healthcare_analytics.gold_final_assessment,models/healthcare/raf/capture/gold/gold_final_assessment.sql,healthcare,incremental,True,False,3,"backwards_compat,cms_hcc,cube,gold,legacy,raf,risk_adjustment,BIPlatform",,False,5,5,protected,active,,,,,,
gold_navina_patient_roster,model.healthcare_analytics.gold_navina_patient_roster,models/healthcare/raf/capture/gold/gold_navina_patient_roster.sql,healthcare,table,True,False,2,"cms_hcc,cube,export,gold,VendorNav,raf,risk_adjustment,BIPlatform",,False,2,2,protected,active,,,,,,
gold_navina_raf,model.healthcare_analytics.gold_navina_raf,models/healthcare/raf/capture/gold/gold_navina_raf.sql,healthcare,incremental,True,False,2,"backwards_compat,cms_hcc,cube,gold,legacy,VendorNav,raf,risk_adjustment,BIPlatform",,False,3,5,protected,active,,,,,,
gold_pending_claims_raf,model.healthcare_analytics.gold_pending_claims_raf,models/healthcare/raf/capture/gold/gold_pending_claims_raf.sql,healthcare,incremental,True,False,2,"backwards_compat,cms_hcc,cube,gold,legacy,raf,risk_adjustment,BIPlatform",,False,3,6,protected,active,,,,,,
gold_suggestion_raf,model.healthcare_analytics.gold_suggestion_raf,models/healthcare/raf/capture/gold/gold_suggestion_raf.sql,healthcare,incremental,True,False,3,"backwards_compat,cms_hcc,cube,gold,legacy,raf,risk_adjustment,BIPlatform",,False,5,4,protected,active,,,,,,
gold_suggestion_with_appt,model.healthcare_analytics.gold_suggestion_with_appt,models/healthcare/raf/capture/gold/gold_suggestion_with_appt.sql,healthcare,incremental,True,False,1,"backwards_compat,cms_hcc,cube,gold,legacy,raf,risk_adjustment,BIPlatform",,False,2,2,protected,active,,,,,,
heartwise,model.healthcare_analytics.heartwise,models/facts/heartwise.sql,healthcare,incremental,True,True,11,"clinical_programs,cube,fact,heartwise,BIPlatform",,False,3,2,protected,active,,,,,,
hist_appointment_type,model.healthcare_analytics.hist_appointment_type,models/historical/hist_appointment_type.sql,historical,view,True,False,3,"appointment_type,historical,mdm,pit",,False,2,1,protected,active,,,,,,
hist_insurance_plan,model.healthcare_analytics.hist_insurance_plan,models/historical/hist_insurance_plan.sql,historical,view,True,False,4,"historical,insurance,mdm,pit",,False,4,1,protected,active,,,,,,
hist_member_status_monthly,model.healthcare_analytics.hist_member_status_monthly,models/historical/hist_member_status_monthly.sql,historical,view,True,False,5,"historical,membership,patient,pit",,False,4,3,protected,active,,,,,,
hist_patient_insurance,model.healthcare_analytics.hist_patient_insurance,models/historical/hist_patient_insurance.sql,historical,view,True,False,6,"historical,insurance,mdm,patient,pit",,False,2,1,protected,active,,,,,,
hist_patient_insurance_monthly,model.healthcare_analytics.hist_patient_insurance_monthly,models/historical/hist_patient_insurance_monthly.sql,historical,table,True,False,5,"historical,insurance,mdm,patient,pit",,False,5,5,protected,active,,,,,,
hist_patient_provider_monthly,model.healthcare_analytics.hist_patient_provider_monthly,models/historical/hist_patient_provider_monthly.sql,historical,table,True,False,4,"historical,mdm,patient,pit,provider",,False,4,1,protected,active,,,,,,
hist_patient_status,model.healthcare_analytics.hist_patient_status,models/historical/hist_patient_status.sql,historical,view,True,False,5,"historical,mdm,patient,pit,status",,False,3,1,protected,active,,,,,,
hist_patient_status_monthly,model.healthcare_analytics.hist_patient_status_monthly,models/historical/hist_patient_status_monthly.sql,historical,incremental,True,False,4,"historical,mdm,patient,pit,status",,False,9,4,protected,active,,,,,,
hist_provider,model.healthcare_analytics.hist_provider,models/historical/hist_provider.sql,historical,view,True,False,6,"historical,mdm,pit,provider",,False,2,1,protected,active,,,,,,
insurance_plans,model.healthcare_analytics.insurance_plans,models/dimensions/insurance_plans.sql,healthcare,incremental,True,True,20,"cube,dimension,mdm,BIPlatform",,False,13,1,protected,active,,,,,,
int_attribution_global,model.healthcare_analytics.int_attribution_global,models/intermediate/int_attribution_global.sql,healthcare,incremental,True,True,30,"attribution,cube,hourly,intermediate,mdm,BIPlatform",,False,8,5,protected,active,,,,,,
int_attribution_payor_slots,model.healthcare_analytics.int_attribution_payor_slots,models/intermediate/int_attribution_payor_slots.sql,healthcare,table,True,False,4,"attribution,cube,hourly,intermediate,mdm,BIPlatform",,False,9,2,protected,active,,,,,,
int_attribution_payor_slots_pit,model.healthcare_analytics.int_attribution_payor_slots_pit,models/intermediate/int_attribution_payor_slots_pit.sql,healthcare,table,True,False,6,"attribution,cube,hourly,intermediate,vbc,BIPlatform",,False,3,2,protected,active,,,,,,
int_attribution_point_in_time,model.healthcare_analytics.int_attribution_point_in_time,models/intermediate/int_attribution_point_in_time.sql,healthcare,table,True,True,71,"attribution,cube,hourly,intermediate,vbc,BIPlatform",data_engineering,False,16,6,protected,active,,,,,,
int_attribution_provider_match,model.healthcare_analytics.int_attribution_provider_match,models/intermediate/int_attribution_provider_match.sql,intermediate,view,True,False,8,"attribution,empi,intermediate,mdm,provider",,False,5,8,protected,active,,,,,,
int_attribution_roster_spans,model.healthcare_analytics.int_attribution_roster_spans,models/intermediate/int_attribution_roster_spans.sql,healthcare,table,True,False,6,"attribution,bcr,cube,hourly,intermediate,vbc,BIPlatform",data_engineering,False,11,2,protected,active,,,,,,
int_bonus__awv_rate,model.healthcare_analytics.int_bonus__awv_rate,models/provider_bonus/intermediate/int_bonus__awv_rate.sql,provider_bonus,view,True,True,9,"intermediate,provider_bonus",,False,4,3,protected,active,,,,,,
int_bonus__float_provider_clinic_weight,model.healthcare_analytics.int_bonus__float_provider_clinic_weight,models/provider_bonus/intermediate/int_bonus__float_provider_clinic_weight.sql,provider_bonus,view,True,False,2,"float,intermediate,provider_bonus",,False,2,2,protected,active,,,,,,
int_bonus__hcc_assessment_rate,model.healthcare_analytics.int_bonus__hcc_assessment_rate,models/provider_bonus/intermediate/int_bonus__hcc_assessment_rate.sql,provider_bonus,view,True,True,12,"intermediate,provider_bonus",,False,4,3,protected,active,,,,,,
int_bonus__hcc_hierarchy_applied,model.healthcare_analytics.int_bonus__hcc_hierarchy_applied,models/provider_bonus/intermediate/int_bonus__hcc_hierarchy_applied.sql,provider_bonus,view,True,True,23,"intermediate,provider_bonus",,False,3,2,protected,active,,,,,,
int_bonus__next_visit_rate,model.healthcare_analytics.int_bonus__next_visit_rate,models/provider_bonus/intermediate/int_bonus__next_visit_rate.sql,provider_bonus,view,True,True,9,"intermediate,provider_bonus",,False,4,3,protected,active,,,,,,
int_bonus__nps_score,model.healthcare_analytics.int_bonus__nps_score,models/provider_bonus/intermediate/int_bonus__nps_score.sql,provider_bonus,view,True,True,11,"intermediate,provider_bonus",,False,8,3,protected,active,,,,,,
int_bonus__productivity_multiplier,model.healthcare_analytics.int_bonus__productivity_multiplier,models/provider_bonus/intermediate/int_bonus__productivity_multiplier.sql,provider_bonus,view,True,True,10,"intermediate,provider_bonus",,False,4,4,protected,active,,,,,,
int_bonus__quality_composite,model.healthcare_analytics.int_bonus__quality_composite,models/provider_bonus/intermediate/int_bonus__quality_composite.sql,provider_bonus,view,True,True,10,"intermediate,provider_bonus",,False,4,5,protected,active,,,,,,
int_bonus__quality_gap_counts,model.healthcare_analytics.int_bonus__quality_gap_counts,models/provider_bonus/intermediate/int_bonus__quality_gap_counts.sql,provider_bonus,view,True,False,10,"intermediate,provider_bonus",,False,2,3,protected,active,,,,,,
int_bonus__quality_period_rates,model.healthcare_analytics.int_bonus__quality_period_rates,models/provider_bonus/intermediate/int_bonus__quality_period_rates.sql,provider_bonus,view,True,False,12,"intermediate,provider_bonus,quality",,False,1,3,protected,active,,,,,,
int_bonus__vu_daily,model.healthcare_analytics.int_bonus__vu_daily,models/provider_bonus/intermediate/int_bonus__vu_daily.sql,provider_bonus,view,True,False,5,"intermediate,provider_bonus",,False,7,3,protected,active,,,,,,
int_cadence_qualifying_visits,model.healthcare_analytics.int_cadence_qualifying_visits,models/intermediate/int_cadence_qualifying_visits.sql,intermediate,table,True,False,0,"cadence,intermediate,scheduling",,False,2,2,protected,active,,,,,,
int_cdia__encounter_cpt_codes,model.healthcare_analytics.int_cdia__encounter_cpt_codes,models/healthcare/cdia/intermediate/int_cdia__encounter_cpt_codes.sql,cdia_intermediate,table,True,False,3,"cdia,intermediate",,False,4,2,protected,active,,,,,,
int_cdia__encounter_icd_codes,model.healthcare_analytics.int_cdia__encounter_icd_codes,models/healthcare/cdia/intermediate/int_cdia__encounter_icd_codes.sql,cdia_intermediate,table,True,False,5,"cdia,intermediate",,False,5,4,protected,active,,,,,,
int_cdia__encounters_categorized,model.healthcare_analytics.int_cdia__encounters_categorized,models/healthcare/cdia/intermediate/int_cdia__encounters_categorized.sql,cdia_intermediate,table,True,False,5,"cdia,intermediate",,False,6,6,protected,active,,,,,,
int_cdia__encounters_enriched,model.healthcare_analytics.int_cdia__encounters_enriched,models/healthcare/cdia/intermediate/int_cdia__encounters_enriched.sql,cdia_intermediate,table,True,False,7,"cdia,intermediate",,False,9,3,protected,active,,,,,,
int_claim_closed,model.healthcare_analytics.int_claim_closed,models/healthcare/raf/score/intermediate/int_claim_closed.sql,raf_intermediate,table,True,False,6,"claim,cms_hcc,hcc,intermediate,raf,risk_adjustment",,False,6,2,protected,active,,,,,,
int_claim_info,model.healthcare_analytics.int_claim_info,models/healthcare/raf/shared/intermediate/int_claim_info.sql,raf_intermediate,view,True,False,2,"cms_hcc,intermediate,legacy,raf,risk_adjustment",,False,3,3,protected,active,,,,,,
int_empi__payor_identity_spine,model.healthcare_analytics.int_empi__payor_identity_spine,models/healthcare/empi/int_empi__payor_identity_spine.sql,healthcare,table,True,False,9,"crosswalk,empi,identity,matching,mdm,payor",,False,23,5,protected,active,,,,,,
int_empi_golden_records_clean,model.healthcare_analytics.int_empi_golden_records_clean,models/intermediate/int_empi_golden_records_clean.sql,healthcare,incremental,True,False,5,"empi,intermediate,servingdb_candidate,v3_synced",,True,8,1,protected,active,,,,,,
int_finraf__payor_alpha_contract_terms,model.healthcare_analytics.int_finraf__payor_alpha_contract_terms,models/healthcare/raf/revenue/intermediate/int_finraf__payor_alpha_contract_terms.sql,raf_intermediate,view,True,False,20,"PAYOR_A,cms_hcc,contract_terms,finance,finraf,intermediate,raf,risk_adjustment",,False,5,2,protected,active,,,,,,
int_finraf__county_benchmark,model.healthcare_analytics.int_finraf__county_benchmark,models/healthcare/raf/revenue/intermediate/int_finraf__county_benchmark.sql,raf_intermediate,view,True,False,2,"cms_hcc,finance,finraf,intermediate,raf,risk_adjustment",,False,7,1,protected,active,,,,,,
int_finraf__payor_paid_actuals,model.healthcare_analytics.int_finraf__payor_paid_actuals,models/healthcare/raf/revenue/intermediate/int_finraf__payor_paid_actuals.sql,raf_intermediate,view,True,False,18,"cms_hcc,finance,finraf,intermediate,raf,risk_adjustment",,False,19,5,protected,active,,,,,,
int_finraf__uhc_contract_terms,model.healthcare_analytics.int_finraf__uhc_contract_terms,models/healthcare/raf/revenue/intermediate/int_finraf__uhc_contract_terms.sql,raf_intermediate,view,True,False,11,"cms_hcc,contract_terms,finance,finraf,intermediate,raf,risk_adjustment,PAYOR_B",,False,4,2,protected,active,,,,,,
int_hccassessment,model.healthcare_analytics.int_hccassessment,models/healthcare/raf/capture/intermediate/int_hccassessment.sql,raf_intermediate,view,True,False,5,"cms_hcc,intermediate,legacy,raf,risk_adjustment",,False,4,5,protected,active,,,,,,
int_hh__suspect_recapture,model.healthcare_analytics.int_hh__suspect_recapture,models/healthcare/raf/capture/intermediate/int_hh__suspect_recapture.sql,raf_intermediate,table,True,False,0,"cms_hcc,hcc,hh-native,intermediate,raf,recapture,risk_adjustment,suspect",,False,2,1,protected,active,,,,,,
int_membership_billing_latest,model.healthcare_analytics.int_membership_billing_latest,models/healthcare/membership/int_membership_billing_latest.sql,healthcare,view,True,False,15,"billing,cube,membership,membership,BIPlatform",data_engineering,False,3,1,protected,active,,,,,,
int_jira__issue_classification,model.healthcare_analytics.int_jira__issue_classification,models/jira/int_jira__issue_classification.sql,jira,view,True,False,1,"intermediate,jira",,False,2,6,protected,active,,,,,,
int_mdm__member_xref,model.healthcare_analytics.int_mdm__member_xref,models/healthcare/mdm/intermediate/int_mdm__member_xref.sql,healthcare,view,True,False,4,"empi,intermediate,mdm,member",,False,4,1,protected,active,,,,,,
int_mdm__mmr_member_month,model.healthcare_analytics.int_mdm__mmr_member_month,models/healthcare/mdm/intermediate/int_mdm__mmr_member_month.sql,healthcare,table,True,False,7,"coverage,intermediate,mdm,member,mmr",,False,9,4,protected,active,,,,,,
int_membership_authority,model.healthcare_analytics.int_membership_authority,models/healthcare/membership/int_membership_authority.sql,healthcare,view,True,False,8,"commercial,cube,membership,hourly,membership,salesforce,backendbaas,BIPlatform",,False,8,3,protected,active,,,,,,
int_navina__hcc_assessment_grouped,model.healthcare_analytics.int_navina__hcc_assessment_grouped,models/healthcare/raf/capture/intermediate/int_navina__hcc_assessment_grouped.sql,raf_intermediate,incremental,True,True,29,"cms_hcc,cube,hcc,intermediate,VendorNav,raf,risk_adjustment,BIPlatform",,False,3,1,protected,active,,,,,,
int_navina__hcc_assessment_icd_rolled,model.healthcare_analytics.int_navina__hcc_assessment_icd_rolled,models/healthcare/raf/capture/intermediate/int_navina__hcc_assessment_icd_rolled.sql,raf_intermediate,incremental,True,True,34,"cms_hcc,cube,hcc,intermediate,VendorNav,raf,risk_adjustment,BIPlatform",,False,4,1,protected,active,,,,,,
int_patient_attribution,model.healthcare_analytics.int_patient_attribution,models/intermediate/int_patient_attribution.sql,intermediate,view,True,False,17,"attribution,intermediate,patient",,False,3,4,protected,active,,,,,,
int_patient_chart_crosswalk,model.healthcare_analytics.int_patient_chart_crosswalk,models/healthcare/raf/shared/intermediate/int_patient_chart_crosswalk.sql,raf_intermediate,view,True,False,2,"cms_hcc,intermediate,legacy,raf,risk_adjustment",,False,8,2,protected,active,,,,,,
int_patient_code_by_encounter,model.healthcare_analytics.int_patient_code_by_encounter,models/healthcare/raf/shared/intermediate/int_patient_code_by_encounter.sql,raf_intermediate,view,True,False,1,"cms_hcc,intermediate,legacy,raf,risk_adjustment",,False,5,7,protected,active,,,,,,
int_patient_dx_universe,model.healthcare_analytics.int_patient_dx_universe,models/healthcare/scheduling/int_patient_dx_universe.sql,healthcare,table,True,False,2,"cadence,capacity,chronic,claims,clinical,ml_feature,retier,scheduling,superset",,False,3,2,protected,active,,,,,,
int_patient_insurance_monthly,model.healthcare_analytics.int_patient_insurance_monthly,models/intermediate/int_patient_insurance_monthly.sql,intermediate,view,True,False,17,"canonical,insurance,intermediate,mdm,raf",,False,5,5,protected,active,,,,,,
int_patient_status_computed,model.healthcare_analytics.int_patient_status_computed,models/intermediate/int_patient_status_computed.sql,intermediate,view,True,False,20,"intermediate,mdm,patient,status",,False,24,5,protected,active,,,,,,
int_patient_status_pit_monthly,model.healthcare_analytics.int_patient_status_pit_monthly,models/intermediate/int_patient_status_pit_monthly.sql,intermediate,incremental,True,False,2,"intermediate,mdm,patient,pit,raf,status",,False,5,4,protected,active,,,,,,
int_patient_supplement,model.healthcare_analytics.int_patient_supplement,models/healthcare/raf/shared/intermediate/int_patient_supplement.sql,raf_intermediate,view,True,False,2,"cms_hcc,intermediate,legacy,raf,risk_adjustment",,False,9,4,protected,active,,,,,,
int_patient_tier_features,model.healthcare_analytics.int_patient_tier_features,models/healthcare/scheduling/int_patient_tier_features.sql,healthcare,table,True,False,2,"cadence,capacity,clinical,ml_feature,retier,scheduling,superset,tiering",,False,7,13,protected,active,,,,,,
int_patient_tier_validation,model.healthcare_analytics.int_patient_tier_validation,models/healthcare/scheduling/int_patient_tier_validation.sql,healthcare,view,True,False,1,"capacity,retier,scheduling,superset,validation",,False,2,3,protected,active,,,,,,
int_patient_uncontrolled_labs,model.healthcare_analytics.int_patient_uncontrolled_labs,models/healthcare/scheduling/int_patient_uncontrolled_labs.sql,healthcare,table,True,False,1,"cadence,capacity,clinical,labs,retier,scheduling,superset,vitals",,False,4,10,protected,active,,,,,,
int_payor__payor_alpha_claims_normalized,model.healthcare_analytics.int_payor__payor_alpha_claims_normalized,models/healthcare/payor/intermediate/int_payor__payor_alpha_claims_normalized.sql,healthcare,view,True,False,12,"attribution,PAYOR_A,claims,intermediate,normalized,payor",,False,23,5,protected,active,,,,,,
int_payor__payor_alpha_id_crosswalk,model.healthcare_analytics.int_payor__payor_alpha_id_crosswalk,models/healthcare/payor/intermediate/int_payor__payor_alpha_id_crosswalk.sql,healthcare,table,True,False,6,"attribution,PAYOR_A,crosswalk,intermediate,payor,raf",,False,14,2,protected,active,,,,,,
int_payor__uhc_claim_control_reconciliation,model.healthcare_analytics.int_payor__uhc_claim_control_reconciliation,models/healthcare/payor/intermediate/int_payor__uhc_claim_control_reconciliation.sql,healthcare,table,True,False,4,"attribution,intermediate,payor,reconciliation,PAYOR_B",,False,3,2,protected,active,,,,,,
int_payor__uhc_id_crosswalk,model.healthcare_analytics.int_payor__uhc_id_crosswalk,models/healthcare/payor/intermediate/int_payor__uhc_id_crosswalk.sql,healthcare,table,True,False,6,"attribution,crosswalk,intermediate,payor,raf,PAYOR_B",,False,13,2,protected,active,,,,,,
int_primary_insurance,model.healthcare_analytics.int_primary_insurance,models/intermediate/int_primary_insurance.sql,intermediate,view,True,False,10,"canonical,insurance,intermediate,mdm",,False,10,3,protected,active,,,,,,
int_provider_by_contact,model.healthcare_analytics.int_provider_by_contact,models/intermediate/int_provider_by_contact.sql,intermediate,view,True,False,1,"intermediate,mdm,provider",,False,11,1,protected,active,,,,,,
int_provider_capacity,model.healthcare_analytics.int_provider_capacity,models/intermediate/int_provider_capacity.sql,intermediate,view,True,False,6,"intermediate,provider,scheduling",,False,1,3,protected,active,,,,,,
int_provider_entra_crosswalk,model.healthcare_analytics.int_provider_entra_crosswalk,models/intermediate/int_provider_entra_crosswalk.sql,intermediate,view,True,False,16,"entra,intermediate,mdm,provider",,False,2,2,protected,active,,,,,,
int_provider_trinet_crosswalk,model.healthcare_analytics.int_provider_trinet_crosswalk,models/intermediate/int_provider_trinet_crosswalk.sql,intermediate,view,True,False,17,"intermediate,mdm,provider,trinet",,False,2,3,protected,active,,,,,,
int_quality__payor_alpha_code_evidence,model.healthcare_analytics.int_quality__payor_alpha_code_evidence,models/healthcare/quality/intermediate/int_quality__payor_alpha_code_evidence.sql,healthcare,view,True,False,9,"PAYOR_A,dev-4296,hedis,intermediate,quality",Gyasi Sutton,False,8,3,protected,active,,,,,,
int_quality__payor_alpha_obgyn_recovery,model.healthcare_analytics.int_quality__payor_alpha_obgyn_recovery,models/healthcare/quality/intermediate/int_quality__payor_alpha_obgyn_recovery.sql,healthcare,table,True,False,14,"PAYOR_A,dev-4296,hedis,intermediate,quality",Gyasi Sutton,False,13,1,protected,active,,,,,,
int_quality__payor_alpha_submission,model.healthcare_analytics.int_quality__payor_alpha_submission,models/healthcare/quality/intermediate/int_quality__payor_alpha_submission.sql,healthcare,view,True,False,14,"PAYOR_A,dev-4296,hedis,intermediate,quality",Gyasi Sutton,False,6,4,protected,active,,,,,,
int_quality__charge_code_evidence,model.healthcare_analytics.int_quality__charge_code_evidence,models/healthcare/quality/intermediate/int_quality__charge_code_evidence.sql,healthcare,view,True,False,13,"dev-4296,evidence_funnel,intermediate,quality",Gyasi Sutton,False,5,0,protected,active,,,,,,
int_quality__claim_code_evidence,model.healthcare_analytics.int_quality__claim_code_evidence,models/healthcare/quality/intermediate/int_quality__claim_code_evidence.sql,healthcare,view,True,False,16,"dev-4296,evidence_funnel,intermediate,quality",Gyasi Sutton,False,5,0,protected,active,,,,,,
int_quality__code_pool,model.healthcare_analytics.int_quality__code_pool,models/healthcare/quality/intermediate/int_quality__code_pool.sql,healthcare,incremental,True,True,15,"dev-4296,evidence_funnel,intermediate,quality,spine",gyasi,False,13,10,protected,active,,,,,,
int_quality__code_titles,model.healthcare_analytics.int_quality__code_titles,models/healthcare/quality/intermediate/int_quality__code_titles.sql,healthcare,table,True,False,10,"dev-4296,hedis,intermediate,quality",Gyasi Sutton,False,3,3,protected,active,,,,,,
int_quality__diabetes_cohort,model.healthcare_analytics.int_quality__diabetes_cohort,models/healthcare/quality/intermediate/int_quality__diabetes_cohort.sql,healthcare,view,True,False,2,"dev-4296,hedis,intermediate,quality",Gyasi Sutton,False,7,0,protected,active,,,,,,
int_quality__document_evidence,model.healthcare_analytics.int_quality__document_evidence,models/healthcare/quality/intermediate/int_quality__document_evidence.sql,healthcare,view,True,False,13,"dev-4296,evidence_funnel,intermediate,quality",Gyasi Sutton,False,5,0,protected,active,,,,,,
int_quality__eed_review,model.healthcare_analytics.int_quality__eed_review,models/healthcare/quality/intermediate/int_quality__eed_review.sql,healthcare,view,True,False,6,"dev-4296,eed,hedis,intermediate,quality",Gyasi Sutton,False,4,2,protected,active,,,,,,
int_quality__encounter_code_evidence,model.healthcare_analytics.int_quality__encounter_code_evidence,models/healthcare/quality/intermediate/int_quality__encounter_code_evidence.sql,healthcare,view,True,False,4,"dev-4296,evidence_funnel,intermediate,quality",Gyasi Sutton,False,5,4,protected,active,,,,,,
int_quality__gap_mirror,model.healthcare_analytics.int_quality__gap_mirror,models/healthcare/quality/intermediate/int_quality__gap_mirror.sql,healthcare,view,True,False,11,"dev-4296,gap-mirror,intermediate,quality",gyasi,False,2,1,protected,active,,,,,,
int_quality__hedis_evidence,model.healthcare_analytics.int_quality__hedis_evidence,models/healthcare/quality/intermediate/int_quality__hedis_evidence.sql,healthcare,incremental,True,True,17,"dev-4296,hedis,intermediate,quality",gyasi,False,9,5,protected,active,,,,,,
int_quality__payor_gamma_aggregate,model.healthcare_analytics.int_quality__payor_gamma_aggregate,models/healthcare/quality/intermediate/int_quality__payor_gamma_aggregate.sql,healthcare,view,True,False,12,"dev-4296,hedis,PAYOR_C,intermediate,quality",Gyasi Sutton,False,7,6,protected,active,,,,,,
int_quality__payor_gamma_measure_evidence,model.healthcare_analytics.int_quality__payor_gamma_measure_evidence,models/healthcare/quality/intermediate/int_quality__payor_gamma_measure_evidence.sql,healthcare,view,True,False,12,"dev-4296,hedis,PAYOR_C,intermediate,quality",Gyasi Sutton,False,12,2,protected,active,,,,,,
int_quality__payor_gamma_measure_evidence_summary,model.healthcare_analytics.int_quality__payor_gamma_measure_evidence_summary,models/healthcare/quality/intermediate/int_quality__payor_gamma_measure_evidence_summary.sql,healthcare,view,True,False,10,"dev-4296,hedis,PAYOR_C,intermediate,quality",Gyasi Sutton,False,14,5,protected,active,,,,,,
int_quality__payor_gamma_submission,model.healthcare_analytics.int_quality__payor_gamma_submission,models/healthcare/quality/intermediate/int_quality__payor_gamma_submission.sql,healthcare,view,True,False,12,"dev-4296,hedis,PAYOR_C,intermediate,quality",Gyasi Sutton,False,9,6,protected,active,,,,,,
int_quality__lab_code_evidence,model.healthcare_analytics.int_quality__lab_code_evidence,models/healthcare/quality/intermediate/int_quality__lab_code_evidence.sql,healthcare,view,True,False,4,"dev-4296,evidence_funnel,intermediate,quality",Gyasi Sutton,False,6,3,protected,active,,,,,,
int_quality__measure_dated_evidence,model.healthcare_analytics.int_quality__measure_dated_evidence,models/healthcare/quality/intermediate/int_quality__measure_dated_evidence.sql,healthcare,view,True,False,13,"dev-4296,hedis,intermediate,quality",Gyasi Sutton,False,6,8,protected,active,,,,,,
int_quality__measure_evidence_signals,model.healthcare_analytics.int_quality__measure_evidence_signals,models/healthcare/quality/intermediate/int_quality__measure_evidence_signals.sql,healthcare,view,True,False,19,"dev-4296,hedis,intermediate,quality",Gyasi Sutton,False,5,2,protected,active,,,,,,
int_quality__measure_evidence_summary,model.healthcare_analytics.int_quality__measure_evidence_summary,models/healthcare/quality/intermediate/int_quality__measure_evidence_summary.sql,healthcare,view,True,False,21,"dev-4296,hedis,intermediate,quality",Gyasi Sutton,False,5,6,protected,active,,,,,,
int_quality__payer_submission,model.healthcare_analytics.int_quality__payer_submission,models/healthcare/quality/intermediate/int_quality__payer_submission.sql,healthcare,view,True,False,11,"dev-4296,intermediate,payer,quality,submission",gyasi,False,6,4,protected,active,,,,,,
int_quality__problem_code_evidence,model.healthcare_analytics.int_quality__problem_code_evidence,models/healthcare/quality/intermediate/int_quality__problem_code_evidence.sql,healthcare,view,True,False,6,"dev-4296,dev-4300,evidence_funnel,exclusion,intermediate,quality",Gyasi Sutton,False,7,4,protected,active,,,,,,
int_quality__provider_npi,model.healthcare_analytics.int_quality__provider_npi,models/healthcare/quality/intermediate/int_quality__provider_npi.sql,healthcare,view,True,False,2,"dev-4296,hedis,intermediate,quality",Gyasi Sutton,False,5,1,protected,active,,,,,,
int_quality__qm_col_fallback,model.healthcare_analytics.int_quality__qm_col_fallback,models/healthcare/quality/intermediate/int_quality__qm_col_fallback.sql,healthcare,table,True,False,14,"dev-4296,hedis,intermediate,quality",Gyasi Sutton,False,6,4,protected,active,,,,,,
int_quality__qm_joined,model.healthcare_analytics.int_quality__qm_joined,models/healthcare/quality/intermediate/int_quality__qm_joined.sql,healthcare,table,True,False,26,"dev-4296,hedis,intermediate,quality",Gyasi Sutton,False,8,1,protected,active,,,,,,
int_quality__questionnaire_evidence,model.healthcare_analytics.int_quality__questionnaire_evidence,models/healthcare/quality/intermediate/int_quality__questionnaire_evidence.sql,healthcare,view,True,False,14,"dev-4296,evidence_funnel,intermediate,quality",Gyasi Sutton,False,6,0,protected,active,,,,,,
int_quality__service_code_evidence,model.healthcare_analytics.int_quality__service_code_evidence,models/healthcare/quality/intermediate/int_quality__service_code_evidence.sql,healthcare,view,True,False,4,"dev-4296,evidence_funnel,intermediate,quality",Gyasi Sutton,False,5,3,protected,active,,,,,,
int_quality__surgery_code_evidence,model.healthcare_analytics.int_quality__surgery_code_evidence,models/healthcare/quality/intermediate/int_quality__surgery_code_evidence.sql,healthcare,view,True,False,14,"dev-4296,evidence_funnel,intermediate,quality",Gyasi Sutton,False,5,0,protected,active,,,,,,
int_quality__surgical_code_evidence,model.healthcare_analytics.int_quality__surgical_code_evidence,models/healthcare/quality/intermediate/int_quality__surgical_code_evidence.sql,healthcare,view,True,False,4,"dev-4296,evidence_funnel,intermediate,quality",Gyasi Sutton,False,5,1,protected,active,,,,,,
int_quality__valued_evidence,model.healthcare_analytics.int_quality__valued_evidence,models/healthcare/quality/intermediate/int_quality__valued_evidence.sql,healthcare,view,True,False,0,"dev-4296,hedis,intermediate,quality,shared",,False,2,5,protected,active,,,,,,
int_quality__vitals_evidence,model.healthcare_analytics.int_quality__vitals_evidence,models/healthcare/quality/intermediate/int_quality__vitals_evidence.sql,healthcare,view,True,False,13,"dev-4296,hedis,intermediate,quality",Gyasi Sutton,False,8,0,protected,active,,,,,,
int_raf__payor_alpha_mao_diagnoses,model.healthcare_analytics.int_raf__payor_alpha_mao_diagnoses,models/healthcare/raf/revenue/intermediate/int_raf__payor_alpha_mao_diagnoses.sql,raf_intermediate,view,True,False,16,"PAYOR_A,cms,cms_hcc,intermediate,mao004,raf,risk_adjustment",,False,8,1,protected,active,,,,,,
int_raf__combined_sources,model.healthcare_analytics.int_raf__combined_sources,models/healthcare/raf/score/intermediate/int_raf__combined_sources.sql,raf_intermediate,view,True,False,3,"cms_hcc,intermediate,raf,risk_adjustment",,False,11,10,protected,active,,,,,,
int_raf__count_factors,model.healthcare_analytics.int_raf__count_factors,models/healthcare/raf/score/intermediate/int_raf__count_factors.sql,raf_intermediate,view,True,False,1,"cms_hcc,factors,intermediate,raf,risk_adjustment",,False,3,3,protected,active,,,,,,
int_raf__deduplicated,model.healthcare_analytics.int_raf__deduplicated,models/healthcare/raf/score/intermediate/int_raf__deduplicated.sql,raf_intermediate,view,True,False,2,"cms_hcc,intermediate,raf,risk_adjustment",,False,11,1,protected,active,,,,,,
int_raf__demographic_factors,model.healthcare_analytics.int_raf__demographic_factors,models/healthcare/raf/score/intermediate/int_raf__demographic_factors.sql,raf_intermediate,view,True,False,2,"cms_hcc,factors,intermediate,raf,risk_adjustment",,False,12,5,protected,active,,,,,,
int_raf__demographic_spine,model.healthcare_analytics.int_raf__demographic_spine,models/healthcare/raf/shared/intermediate/int_raf__demographic_spine.sql,raf_intermediate,view,True,False,5,"cms_hcc,empi,intermediate,raf,risk_adjustment",,False,5,2,protected,active,,,,,,
int_raf__eligibility_segment,model.healthcare_analytics.int_raf__eligibility_segment,models/healthcare/raf/score/intermediate/int_raf__eligibility_segment.sql,raf_intermediate,view,True,False,2,"cms_hcc,intermediate,raf,risk_adjustment",,False,19,4,protected,active,,,,,,
int_raf__esrd_scored,model.healthcare_analytics.int_raf__esrd_scored,models/healthcare/raf/score/intermediate/int_raf__esrd_scored.sql,raf_intermediate,view,True,False,4,"cms_hcc,esrd,intermediate,raf,risk_adjustment",,False,6,6,protected,active,,,,,,
int_raf__esrd_status,model.healthcare_analytics.int_raf__esrd_status,models/healthcare/raf/score/intermediate/int_raf__esrd_status.sql,raf_intermediate,view,True,False,3,"cms_hcc,esrd,intermediate,raf,risk_adjustment",,False,5,2,protected,active,,,,,,
int_raf__frs_accepted_dx,model.healthcare_analytics.int_raf__frs_accepted_dx,models/healthcare/raf/score/intermediate/int_raf__frs_accepted_dx.sql,raf_intermediate,view,True,False,3,"cms_hcc,frs,intermediate,raf,risk_adjustment",,False,6,6,protected,active,,,,,,
int_raf__frs_member_base,model.healthcare_analytics.int_raf__frs_member_base,models/healthcare/raf/score/intermediate/int_raf__frs_member_base.sql,raf_intermediate,view,True,False,4,"cms_hcc,frs,intermediate,raf,risk_adjustment",,False,12,3,protected,active,,,,,,
int_raf__frs_segment_coefficients,model.healthcare_analytics.int_raf__frs_segment_coefficients,models/healthcare/raf/score/intermediate/int_raf__frs_segment_coefficients.sql,raf_intermediate,table,True,False,2,"cms_hcc,frs,intermediate,raf,risk_adjustment",,False,4,6,protected,active,,,,,,
int_raf__hierarchy_applied,model.healthcare_analytics.int_raf__hierarchy_applied,models/healthcare/raf/score/intermediate/int_raf__hierarchy_applied.sql,raf_intermediate,view,True,False,2,"cms_hcc,intermediate,raf,risk_adjustment",,False,15,2,protected,active,,,,,,
int_raf__interaction_factors,model.healthcare_analytics.int_raf__interaction_factors,models/healthcare/raf/score/intermediate/int_raf__interaction_factors.sql,raf_intermediate,view,True,False,1,"cms_hcc,factors,intermediate,raf,risk_adjustment",,False,8,5,protected,active,,,,,,
int_raf__mao004_eligibility,model.healthcare_analytics.int_raf__mao004_eligibility,models/healthcare/raf/revenue/intermediate/int_raf__mao004_eligibility.sql,raf_intermediate,view,True,False,12,"cms,cms_hcc,intermediate,mao004,raf,reconciliation,risk_adjustment",,False,15,5,protected,active,,,,,,
int_raf__member_cms_status,model.healthcare_analytics.int_raf__member_cms_status,models/healthcare/raf/score/intermediate/int_raf__member_cms_status.sql,raf_intermediate,view,True,False,5,"cms_hcc,cms_status,intermediate,raf,risk_adjustment",,False,5,5,protected,active,,,,,,
int_raf__mor_components,model.healthcare_analytics.int_raf__mor_components,models/healthcare/raf/revenue/intermediate/int_raf__mor_components.sql,raf_intermediate,view,True,False,4,"cms,cms_hcc,intermediate,mor,raf,reconciliation,risk_adjustment,validation",,False,4,4,protected,active,,,,,,
int_raf__risk_adjustable_encounters,model.healthcare_analytics.int_raf__risk_adjustable_encounters,models/healthcare/raf/score/intermediate/int_raf__risk_adjustable_encounters.sql,raf_intermediate,view,True,False,2,"cms_hcc,intermediate,raf,reference,risk_adjustment",,False,2,3,protected,active,,,,,,
int_raf__scored_hccs,model.healthcare_analytics.int_raf__scored_hccs,models/healthcare/raf/score/intermediate/int_raf__scored_hccs.sql,raf_intermediate,view,True,False,7,"cdc,cms_hcc,intermediate,raf,risk_adjustment",,False,17,6,protected,active,,,,,,
int_raf__uhc_mao_diagnoses,model.healthcare_analytics.int_raf__uhc_mao_diagnoses,models/healthcare/raf/revenue/intermediate/int_raf__uhc_mao_diagnoses.sql,raf_intermediate,view,True,False,16,"cms,cms_hcc,intermediate,mao004,raf,risk_adjustment,PAYOR_B",,False,14,1,protected,active,,,,,,
int_raf__v24_scored_hccs,model.healthcare_analytics.int_raf__v24_scored_hccs,models/healthcare/raf/score/intermediate/int_raf__v24_scored_hccs.sql,raf_intermediate,view,True,False,4,"blend,cms_hcc,intermediate,raf,risk_adjustment,v24",,False,5,5,protected,active,,,,,,
int_raf__year_locked_snapshots,model.healthcare_analytics.int_raf__year_locked_snapshots,models/healthcare/raf/score/intermediate/int_raf__year_locked_snapshots.sql,raf_intermediate,view,True,False,1,"cms_hcc,intermediate,raf,risk_adjustment",,False,2,1,protected,active,,,,,,
int_secondary_insurance,model.healthcare_analytics.int_secondary_insurance,models/intermediate/int_secondary_insurance.sql,intermediate,view,True,False,9,"canonical,insurance,intermediate,mdm",,False,4,3,protected,active,,,,,,
int_spend__payor_alpha_settlement,model.healthcare_analytics.int_spend__payor_alpha_settlement,models/healthcare/spend/intermediate/int_spend__payor_alpha_settlement.sql,healthcare,view,True,False,18,"PAYOR_A,finance,intermediate,settlement,spend",,False,6,1,protected,active,,,,,,
int_spend__vendorblue_members,model.healthcare_analytics.int_spend__vendorblue_members,models/healthcare/spend/intermediate/int_spend__vendorblue_members.sql,healthcare,view,True,False,1,"VendorBlue,intermediate,spend,PAYOR_B",,False,4,1,protected,active,,,,,,
int_spend__claims_detail,model.healthcare_analytics.int_spend__claims_detail,models/healthcare/spend/intermediate/int_spend__claims_detail.sql,healthcare,view,True,False,9,"cost,intermediate,spend",,False,19,5,protected,active,,,,,,
int_spend__claims_rollup,model.healthcare_analytics.int_spend__claims_rollup,models/healthcare/spend/intermediate/int_spend__claims_rollup.sql,healthcare,view,True,False,4,"cost,intermediate,spend",,False,9,1,protected,active,,,,,,
int_spend__member_month,model.healthcare_analytics.int_spend__member_month,models/healthcare/spend/intermediate/int_spend__member_month.sql,healthcare,view,True,False,6,"intermediate,revenue,spend",,False,9,4,protected,active,,,,,,
int_spend__uhc_claims,model.healthcare_analytics.int_spend__uhc_claims,models/healthcare/spend/intermediate/int_spend__uhc_claims.sql,healthcare,view,True,False,5,"cost,intermediate,spend,PAYOR_B",,False,4,2,protected,keep,,,,DEV-4538,A,LIVE_OBSERVED; no ref() deps; do not soft-deprecate
int_spend__uhc_diagnosis_by_company,model.healthcare_analytics.int_spend__uhc_diagnosis_by_company,models/healthcare/spend/intermediate/int_spend__uhc_diagnosis_by_company.sql,healthcare,view,True,False,6,"VendorBlue,cost,diagnosis,intermediate,spend,PAYOR_B",,False,6,3,protected,active,,,,,,
int_spend__uhc_identity_book,model.healthcare_analytics.int_spend__uhc_identity_book,models/healthcare/spend/intermediate/int_spend__uhc_identity_book.sql,healthcare,view,True,False,2,"VendorBlue,identity,intermediate,spend,PAYOR_B",,False,12,2,protected,active,,,,,,
int_spend__uhc_pcp_company,model.healthcare_analytics.int_spend__uhc_pcp_company,models/healthcare/spend/intermediate/int_spend__uhc_pcp_company.sql,healthcare,view,True,False,4,"VendorBlue,finance,intermediate,settlement,spend,PAYOR_B",,False,5,1,protected,active,,,,,,
int_spend__uhc_revenue,model.healthcare_analytics.int_spend__uhc_revenue,models/healthcare/spend/intermediate/int_spend__uhc_revenue.sql,healthcare,view,True,False,14,"VendorBlue,intermediate,revenue,spend,PAYOR_B",,False,6,3,protected,active,,,,,,
int_spend__uhc_settlement,model.healthcare_analytics.int_spend__uhc_settlement,models/healthcare/spend/intermediate/int_spend__uhc_settlement.sql,healthcare,view,True,False,12,"finance,intermediate,settlement,spend,PAYOR_B",,False,7,1,protected,active,,,,,,
int_spend__uhc_settlement_by_company,model.healthcare_analytics.int_spend__uhc_settlement_by_company,models/healthcare/spend/intermediate/int_spend__uhc_settlement_by_company.sql,healthcare,view,True,False,8,"VendorBlue,finance,intermediate,settlement,spend,PAYOR_B",,False,9,2,protected,active,,,,,,
int_staff_athena_crosswalk,model.healthcare_analytics.int_staff_athena_crosswalk,models/intermediate/int_staff_athena_crosswalk.sql,intermediate,view,True,False,3,"athena,intermediate,mdm,staff",,False,2,1,protected,active,,,,,,
int_tertiary_insurance,model.healthcare_analytics.int_tertiary_insurance,models/intermediate/int_tertiary_insurance.sql,intermediate,view,True,False,7,"canonical,insurance,intermediate,mdm",,False,4,2,protected,active,,,,,,
int_validated_adt_events,model.healthcare_analytics.int_validated_adt_events,models/healthcare/scheduling/int_validated_adt_events.sql,healthcare,table,True,False,1,"adt,cadence,capacity,ml_feature,retier,scheduling,superset,tcm",,False,4,4,protected,active,,,,,,
intake_roster,model.healthcare_analytics.intake_roster,models/healthcare/athena/intake_roster.sql,healthcare,table,True,False,7,"athena,ehr,intake,midi",,False,5,1,protected,active,,,,,,
log_raf__factor_audit,model.healthcare_analytics.log_raf__factor_audit,models/healthcare/raf/score/cdc/log_raf__factor_audit.sql,healthcare,incremental,True,False,1,"audit,business,cdc,cms_hcc,event_log,raf,risk_adjustment",,False,3,3,protected,active,,,,,,
log_raf__pipeline_events,model.healthcare_analytics.log_raf__pipeline_events,models/healthcare/raf/score/cdc/log_raf__pipeline_events.sql,healthcare,incremental,True,False,1,"audit,cdc,cms_hcc,event_log,pipeline,raf,risk_adjustment",,False,3,0,protected,active,,,,,,
log_raf__score_events,model.healthcare_analytics.log_raf__score_events,models/healthcare/raf/score/cdc/log_raf__score_events.sql,healthcare,incremental,True,False,1,"audit,cdc,cms_hcc,event_log,raf,risk_adjustment",,False,8,2,protected,active,,,,,,
mart_appointments,model.healthcare_analytics.mart_appointments,models/marts_bi_v3/mart_appointments.sql,marts_bi_v3,incremental,True,True,74,"cube,marts_bi_v3,v3_synced,BIPlatform",,True,8,3,protected,active,,,,,,
mart_attribution_detail,model.healthcare_analytics.mart_attribution_detail,models/marts_bi_v3/mart_attribution_detail.sql,marts_bi_v3,incremental,True,True,80,"cube,marts_bi_v3,v3_synced,BIPlatform",,True,5,3,protected,active,,,,,,
mart_attribution_operations,model.healthcare_analytics.mart_attribution_operations,models/marts_bi_v3/mart_attribution_operations.sql,marts_bi_v3,incremental,True,False,75,"cube,marts_bi_v3,v3_synced,BIPlatform",,True,5,1,protected,active,,,,,,
mart_attribution_timeline,model.healthcare_analytics.mart_attribution_timeline,models/marts_bi_v3/mart_attribution_timeline.sql,marts_bi_v3,incremental,True,False,44,"cube,marts_bi_v3,v3_synced,BIPlatform",,True,5,1,protected,active,,,,,,
mart_awv_mini_cog,model.healthcare_analytics.mart_awv_mini_cog,models/marts_bi_v3/mart_awv_mini_cog.sql,marts_bi_v3,incremental,True,True,28,"awv,cube,marts_bi_v3,v3_synced,BIPlatform",,True,4,3,protected,active,,,,,,
mart_payor_alpha_settlement,model.healthcare_analytics.mart_payor_alpha_settlement,models/marts_bi_v3/mart_payor_alpha_settlement.sql,marts_bi_v3,table,True,True,20,"PAYOR_A,cube,finance,marts_bi_v3,settlement,spend,v3_synced,BIPlatform",,False,4,1,protected,active,,,,,,
mart_bcr,model.healthcare_analytics.mart_bcr,models/marts_bi_v3/bcr/mart_bcr.sql,marts_bi_v3,table,True,True,79,"bcr,cube,marts_bi_v3,v3_synced,BIPlatform",,True,3,6,protected,active,,,,,,
mart_bcr_cpt,model.healthcare_analytics.mart_bcr_cpt,models/marts_bi_v3/bcr/mart_bcr_cpt.sql,marts_bi_v3,table,True,True,73,"bcr,cube,marts_bi_v3,v3_synced,BIPlatform",,True,3,6,protected,active,,,,,,
mart_bcr_detail,model.healthcare_analytics.mart_bcr_detail,models/marts_bi_v3/bcr/mart_bcr_detail.sql,marts_bi_v3,incremental,True,True,111,"bcr,cube,marts_bi_v3,v3_synced,BIPlatform",,True,8,8,protected,active,,,,,,
mart_behavioral_health,model.healthcare_analytics.mart_behavioral_health,models/marts_bi_v3/mart_behavioral_health.sql,marts_bi_v3,incremental,True,True,64,"cube,marts_bi_v3,v3_synced,BIPlatform",,True,7,2,protected,active,,,,,,
mart_bh_scheduling_capacity,model.healthcare_analytics.mart_bh_scheduling_capacity,models/marts_bi_v3/mart_bh_scheduling_capacity.sql,marts_bi_v3,incremental,True,True,34,"cube,marts_bi_v3,v3_synced,BIPlatform",,True,6,1,protected,active,,,,,,
mart_bh_summary_filter_values_bh_provider,model.healthcare_analytics.mart_bh_summary_filter_values_bh_provider,models/marts_bi_v3/mart_bh_summary_filter_values_bh_provider.sql,marts_bi_v3,table,True,False,2,"bh_summary,cube,filter_values,marts_bi_v3,v3_synced,BIPlatform",,True,3,3,protected,active,,,,,,
mart_bh_summary_filter_values_clinic,model.healthcare_analytics.mart_bh_summary_filter_values_clinic,models/marts_bi_v3/mart_bh_summary_filter_values_clinic.sql,marts_bi_v3,table,True,False,2,"bh_summary,cube,filter_values,marts_bi_v3,v3_synced,BIPlatform",,True,3,3,protected,active,,,,,,
mart_cadence_scheduling,model.healthcare_analytics.mart_cadence_scheduling,models/marts_bi_v3/mart_cadence_scheduling.sql,marts_bi_v3,incremental,True,True,103,"cadence,cube,marts_bi_v3,scheduling,v3_synced,BIPlatform",,True,3,3,protected,active,,,,,,
mart_empi_golden_person,model.healthcare_analytics.mart_empi_golden_person,models/marts_bi_v3/mart_empi_golden_person.sql,marts_bi_v3,incremental,True,True,37,"cube,empi,marts_bi_v3,v3_synced,BIPlatform",,True,4,6,protected,active,,,,,,
mart_empi_identity_map,model.healthcare_analytics.mart_empi_identity_map,models/marts_bi_v3/mart_empi_identity_map.sql,marts_bi_v3,incremental,True,True,12,"cube,empi,marts_bi_v3,v3_synced,BIPlatform",,True,4,4,protected,active,,,,,,
mart_eov_cadence,model.healthcare_analytics.mart_eov_cadence,models/marts_bi_v3/mart_eov_cadence.sql,marts_bi_v3,incremental,True,True,31,"cadence,cube,eov,marts_bi_v3,scheduling,v3_synced,BIPlatform",,True,4,4,protected,active,,,,,,
mart_hcc_assessment,model.healthcare_analytics.mart_hcc_assessment,models/marts_bi_v3/mart_hcc_assessment.sql,marts_bi_v3,incremental,True,True,33,"cube,marts_bi_v3,v3_synced,BIPlatform",,True,9,1,protected,active,,,,,,
mart_hcc_assessment_by_payer,model.healthcare_analytics.mart_hcc_assessment_by_payer,models/marts_bi_v3/mart_hcc_assessment_by_payer.sql,marts_bi_v3,table,True,False,9,"cube,hcc,marts_bi_v3,v3_synced,BIPlatform",,True,2,1,protected,active,,,,,,
mart_hcc_coder_contribution,model.healthcare_analytics.mart_hcc_coder_contribution,models/marts_bi_v3/mart_hcc_coder_contribution.sql,marts_bi_v3,incremental,True,False,23,"cube,marts_bi_v3,v3_synced,BIPlatform",,True,4,1,protected,active,,,,,,
mart_hcc_grouped,model.healthcare_analytics.mart_hcc_grouped,models/marts_bi_v3/mart_hcc_grouped.sql,marts_bi_v3,incremental,True,True,77,"cube,marts_bi_v3,v3_synced,BIPlatform",,True,5,6,protected,active,,,,,,
mart_hcc_grouped_surfaced,model.healthcare_analytics.mart_hcc_grouped_surfaced,models/marts_bi_v3/mart_hcc_grouped_surfaced.sql,marts_bi_v3,table,True,False,15,"cube,hcc,marts_bi_v3,v3_synced,BIPlatform",,True,4,1,protected,active,,,,,,
mart_hcc_missing_opportunity,model.healthcare_analytics.mart_hcc_missing_opportunity,models/marts_bi_v3/mart_hcc_missing_opportunity.sql,marts_bi_v3,table,True,True,11,"cube,marts_bi_v3,v3_synced,BIPlatform",,True,4,3,protected,active,,,,,,
mart_hcc_provider_category_breakdown,model.healthcare_analytics.mart_hcc_provider_category_breakdown,models/marts_bi_v3/mart_hcc_provider_category_breakdown.sql,marts_bi_v3,table,True,False,21,"cube,hcc,marts_bi_v3,v3_synced,BIPlatform",,True,4,1,protected,active,,,,,,
mart_hcc_provider_contribution,model.healthcare_analytics.mart_hcc_provider_contribution,models/marts_bi_v3/mart_hcc_provider_contribution.sql,marts_bi_v3,incremental,True,True,17,"cube,marts_bi_v3,v3_synced,BIPlatform",,True,4,1,protected,active,,,,,,
mart_hcc_rolled,model.healthcare_analytics.mart_hcc_rolled,models/marts_bi_v3/mart_hcc_rolled.sql,marts_bi_v3,incremental,True,True,44,"cube,marts_bi_v3,v3_synced,BIPlatform",,True,3,5,protected,active,,,,,,
mart_heartwise_zio_patch,model.healthcare_analytics.mart_heartwise_zio_patch,models/marts_bi_v3/mart_heartwise_zio_patch.sql,marts_bi_v3,table,True,True,80,"clinical_programs,cube,heartwise,marts_bi_v3,v3_synced,BIPlatform,zio_patch",,True,3,12,protected,active,,,,,,
mart_imaging,model.healthcare_analytics.mart_imaging,models/marts_bi_v3/mart_imaging.sql,marts_bi_v3,incremental,True,True,44,"cube,imaging,marts_bi_v3,v3_synced,BIPlatform",,True,4,0,protected,active,,,,,,
mart_mdm__member_populations,model.healthcare_analytics.mart_mdm__member_populations,models/healthcare/mdm/marts/mart_mdm__member_populations.sql,healthcare,view,True,False,6,"cube,mdm,member,populations,BIPlatform",,False,13,1,protected,active,,,,,,
mart_medical_revenue_detail_uhc,model.healthcare_analytics.mart_medical_revenue_detail_uhc,models/marts_bi_v3/mart_medical_revenue_detail_uhc.sql,marts_bi_v3,view,True,False,9,"cube,finance,marts_bi_v3,revenue,spend,PAYOR_B,v3_synced,BIPlatform",,False,5,1,protected,active,,,,,,
mart_medical_spending,model.healthcare_analytics.mart_medical_spending,models/marts_bi_v3/mart_medical_spending.sql,marts_bi_v3,table,True,True,46,"cube,finance,marts_bi_v3,spend,v3_synced,BIPlatform",,True,18,2,protected,active,,,,,,
mart_medical_spending_by_provider,model.healthcare_analytics.mart_medical_spending_by_provider,models/marts_bi_v3/mart_medical_spending_by_provider.sql,marts_bi_v3,table,True,True,29,"cube,finance,marts_bi_v3,spend,v3_synced,BIPlatform",,True,8,2,protected,active,,,,,,
mart_medical_spending_by_specialty,model.healthcare_analytics.mart_medical_spending_by_specialty,models/marts_bi_v3/mart_medical_spending_by_specialty.sql,marts_bi_v3,table,True,True,15,"cube,finance,marts_bi_v3,spend,v3_synced,BIPlatform",,True,12,3,protected,active,,,,,,
mart_medical_spending_detail,model.healthcare_analytics.mart_medical_spending_detail,models/marts_bi_v3/mart_medical_spending_detail.sql,marts_bi_v3,table,True,False,10,"cube,finance,marts_bi_v3,spend,v3_synced,BIPlatform",,True,13,1,protected,active,,,,,,
mart_medical_spending_detail_uhc,model.healthcare_analytics.mart_medical_spending_detail_uhc,models/marts_bi_v3/mart_medical_spending_detail_uhc.sql,marts_bi_v3,table,True,False,11,"cube,finance,marts_bi_v3,spend,PAYOR_B,v3_synced,BIPlatform",,False,9,2,protected,active,,,,,,
mart_medical_spending_filter_values_payor,model.healthcare_analytics.mart_medical_spending_filter_values_payor,models/marts_bi_v3/mart_medical_spending_filter_values_payor.sql,marts_bi_v3,table,True,False,2,"cube,filter_values,finance,marts_bi_v3,spend,v3_synced,BIPlatform",,True,3,2,protected,active,,,,,,
mart_medical_spending_filter_values_provider_specialty,model.healthcare_analytics.mart_medical_spending_filter_values_provider_specialty,models/marts_bi_v3/mart_medical_spending_filter_values_provider_specialty.sql,marts_bi_v3,table,True,False,2,"cube,filter_values,finance,marts_bi_v3,spend,v3_synced,BIPlatform",,True,3,1,protected,active,,,,,,
mart_medical_spending_filter_values_service_category,model.healthcare_analytics.mart_medical_spending_filter_values_service_category,models/marts_bi_v3/mart_medical_spending_filter_values_service_category.sql,marts_bi_v3,table,True,False,2,"cube,filter_values,finance,marts_bi_v3,spend,v3_synced,BIPlatform",,True,3,1,protected,active,,,,,,
mart_medical_spending_filter_values_spend_bucket,model.healthcare_analytics.mart_medical_spending_filter_values_spend_bucket,models/marts_bi_v3/mart_medical_spending_filter_values_spend_bucket.sql,marts_bi_v3,table,True,False,2,"cube,filter_values,finance,marts_bi_v3,spend,v3_synced,BIPlatform",,True,3,1,protected,active,,,,,,
mart_membership,model.healthcare_analytics.mart_membership,models/marts_bi_v3/mart_membership.sql,marts_bi_v3,incremental,True,True,104,"cube,marts_bi_v3,v3_synced,BIPlatform",,True,10,2,protected,active,,,,,,
mart_membership_kpis_monthly,model.healthcare_analytics.mart_membership_kpis_monthly,models/marts_bi_v3/mart_membership_kpis_monthly.sql,marts_bi_v3,incremental,True,True,48,"cube,marts_bi_v3,v3_synced,BIPlatform",,True,8,3,protected,active,,,,,,
mart_membership_lead_attribution,model.healthcare_analytics.mart_membership_lead_attribution,models/marts_bi_v3/mart_membership_lead_attribution.sql,marts_bi_v3,incremental,True,False,9,"cube,marts_bi_v3,v3_synced,BIPlatform",,True,4,1,protected,active,,,,,,
mart_monthly_leakage_cohort,model.healthcare_analytics.mart_monthly_leakage_cohort,models/marts_bi_v3/mart_monthly_leakage_cohort.sql,marts_bi_v3,incremental,True,False,13,"cube,marts_bi_v3,v3_synced,BIPlatform",,True,5,1,protected,active,,,,,,
mart_navina_roster,model.healthcare_analytics.mart_navina_roster,models/marts_bi_v3/mart_navina_roster.sql,marts_bi_v3,table,True,True,6,"cube,hcc,marts_bi_v3,v3_synced,BIPlatform",,True,10,3,protected,active,,,,,,
mart_no_next_validation,model.healthcare_analytics.mart_no_next_validation,models/marts_bi_v3/mart_no_next_validation.sql,marts_bi_v3,incremental,True,False,43,"cube,marts_bi_v3,v3_synced,BIPlatform",,True,4,1,protected,active,,,,,,
mart_npv_weekly,model.healthcare_analytics.mart_npv_weekly,models/facts/mart_npv_weekly.sql,marts_bi_v3,incremental,True,False,31,"cube,fact,servingdb_sync,mart,marts_bi_v3,npv,v3,v3_synced,BIPlatform",,True,3,1,protected,active,,,,,,
mart_operating_review,model.healthcare_analytics.mart_operating_review,models/marts_bi_v3/mart_operating_review.sql,marts_bi_v3,incremental,True,True,51,"cube,marts_bi_v3,v3_synced,BIPlatform",,True,6,2,protected,active,,,,,,
mart_operating_review_worklist,model.healthcare_analytics.mart_operating_review_worklist,models/marts_bi_v3/mart_operating_review_worklist.sql,marts_bi_v3,table,True,False,28,"cube,dashboard,marts_bi_v3,operating_review,v3_synced,BIPlatform",,False,3,10,protected,active,,,,,,
mart_patient_attribution,model.healthcare_analytics.mart_patient_attribution,models/marts_bi_v3/mart_patient_attribution.sql,marts_bi_v3,incremental,True,False,39,"cube,marts_bi_v3,v3_synced,BIPlatform",,True,6,2,protected,active,,,,,,
mart_patient_engagement_score,model.healthcare_analytics.mart_patient_engagement_score,models/marts_bi_v3/mart_patient_engagement_score.sql,marts_bi_v3,table,True,False,11,"cube,engagement,marts_bi_v3,v3_synced,BIPlatform",,False,16,2,protected,active,,,,,,
mart_patient_experience,model.healthcare_analytics.mart_patient_experience,models/marts_bi_v3/mart_patient_experience.sql,marts_bi_v3,incremental,True,True,24,"cube,marts_bi_v3,v3_synced,BIPlatform",,True,4,1,protected,active,,,,,,
mart_patient_outreach,model.healthcare_analytics.mart_patient_outreach,models/marts_bi_v3/mart_patient_outreach.sql,marts_bi_v3,incremental,True,True,67,"cube,marts_bi_v3,v3_synced,BIPlatform",,True,4,2,protected,active,,,,,,
mart_patients,model.healthcare_analytics.mart_patients,models/marts_bi_v3/mart_patients.sql,marts_bi_v3,incremental,True,True,87,"cube,marts_bi_v3,v3_synced,BIPlatform",,True,4,2,protected,active,,,,,,
mart_payor_unmatched_members,model.healthcare_analytics.mart_payor_unmatched_members,models/marts_bi_v3/mart_payor_unmatched_members.sql,marts_bi_v3,table,True,True,21,"cube,finance,marts_bi_v3,raf,spend,v3_synced,BIPlatform",,True,13,4,protected,active,,,,,,
mart_payor_unmatched_summary,model.healthcare_analytics.mart_payor_unmatched_summary,models/marts_bi_v3/mart_payor_unmatched_summary.sql,marts_bi_v3,table,True,True,14,"cube,finance,marts_bi_v3,raf,spend,v3_synced,BIPlatform",,False,7,1,protected,active,,,,,,
mart_pharmacy_spend,model.healthcare_analytics.mart_pharmacy_spend,models/marts_bi_v3/mart_pharmacy_spend.sql,marts_bi_v3,table,True,True,18,"cube,finance,marts_bi_v3,pharmacy,spend,v3_synced,BIPlatform",,True,10,2,protected,active,,,,,,
mart_population_history,model.healthcare_analytics.mart_population_history,models/marts_bi_v3/mart_population_history.sql,marts_bi_v3,incremental,True,True,12,"cube,historical,marts_bi_v3,pit,v3_synced,BIPlatform",data_engineering,True,3,4,protected,active,,,,,,
mart_provider_bonus,model.healthcare_analytics.mart_provider_bonus,models/marts_bi_v3/mart_provider_bonus.sql,marts_bi_v3,incremental,True,False,27,"cube,marts_bi_v3,v3_synced,BIPlatform",,True,4,1,protected,active,,,,,,
mart_provider_bonus_detail,model.healthcare_analytics.mart_provider_bonus_detail,models/marts_bi_v3/mart_provider_bonus_detail.sql,marts_bi_v3,incremental,True,False,25,"cube,marts_bi_v3,v3_synced,BIPlatform",,True,4,1,protected,active,,,,,,
mart_provider_departure_tracker,model.healthcare_analytics.mart_provider_departure_tracker,models/marts_bi_v3/mart_provider_departure_tracker.sql,marts_bi_v3,incremental,True,False,10,"cube,marts_bi_v3,v3_synced,BIPlatform",,True,4,1,protected,active,,,,,,
mart_raf_member_revenue,model.healthcare_analytics.mart_raf_member_revenue,models/marts_bi_v3/mart_raf_member_revenue.sql,marts_bi_v3,table,True,False,9,"cube,finraf,marts_bi_v3,raf,v3_synced,BIPlatform",,True,9,1,protected,active,,,,,,
mart_raf_patient_score,model.healthcare_analytics.mart_raf_patient_score,models/marts_bi_v3/mart_raf_patient_score.sql,marts_bi_v3,table,True,False,6,"cube,marts_bi_v3,raf,v3_synced,BIPlatform",,True,3,1,protected,active,,,,,,
mart_raf_revenue_at_risk,model.healthcare_analytics.mart_raf_revenue_at_risk,models/marts_bi_v3/mart_raf_revenue_at_risk.sql,marts_bi_v3,table,True,False,5,"cube,finraf,marts_bi_v3,raf,v3_synced,BIPlatform",,True,3,1,protected,active,,,,,,
mart_scheduling_analytics,model.healthcare_analytics.mart_scheduling_analytics,models/marts_bi_v3/mart_scheduling_analytics.sql,marts_bi_v3,incremental,True,True,38,"cube,marts_bi_v3,v3_synced,BIPlatform",,True,6,4,protected,active,,,,,,
mart_scheduling_daily_capacity,model.healthcare_analytics.mart_scheduling_daily_capacity,models/marts_bi_v3/mart_scheduling_daily_capacity.sql,marts_bi_v3,incremental,True,False,20,"cube,marts_bi_v3,v3_synced,BIPlatform",,True,2,1,protected,active,,,,,,
mart_scheduling_ma_staffing,model.healthcare_analytics.mart_scheduling_ma_staffing,models/marts_bi_v3/mart_scheduling_ma_staffing.sql,marts_bi_v3,incremental,True,False,14,"cube,marts_bi_v3,v3_synced,BIPlatform",,True,4,1,protected,active,,,,,,
mart_scheduling_provider_archetypes,model.healthcare_analytics.mart_scheduling_provider_archetypes,models/marts_bi_v3/mart_scheduling_provider_archetypes.sql,marts_bi_v3,incremental,True,False,20,"cube,marts_bi_v3,v3_synced,BIPlatform",,True,4,1,protected,active,,,,,,
mart_suspect_recapture,model.healthcare_analytics.mart_suspect_recapture,models/marts_bi_v3/mart_suspect_recapture.sql,marts_bi_v3,table,True,True,16,"cube,hcc,hh-native,marts_bi_v3,raf,recapture,v3_synced,BIPlatform",,True,6,2,protected,active,,,,,,
mart_tcm_visit,model.healthcare_analytics.mart_tcm_visit,models/marts_bi_v3/mart_tcm_visit.sql,marts_bi_v3,incremental,True,False,51,"cube,marts_bi_v3,v3_synced,BIPlatform",,True,6,1,protected,active,,,,,,
mart_uhc_diagnosis_by_company,model.healthcare_analytics.mart_uhc_diagnosis_by_company,models/marts_bi_v3/mart_uhc_diagnosis_by_company.sql,marts_bi_v3,table,True,True,8,"VendorBlue,cube,diagnosis,finance,marts_bi_v3,spend,PAYOR_B,v3_synced,BIPlatform",,True,7,1,protected,active,,,,,,
mart_uhc_settlement,model.healthcare_analytics.mart_uhc_settlement,models/marts_bi_v3/mart_uhc_settlement.sql,marts_bi_v3,table,True,True,21,"cube,finance,marts_bi_v3,settlement,spend,PAYOR_B,v3_synced,BIPlatform",,True,6,1,protected,keep,,,,DEV-4540,B,Keep dual with by_company; P&L v1 vs v2 consumers
mart_uhc_settlement_by_company,model.healthcare_analytics.mart_uhc_settlement_by_company,models/marts_bi_v3/mart_uhc_settlement_by_company.sql,marts_bi_v3,table,True,True,23,"VendorBlue,cube,finance,marts_bi_v3,settlement,spend,PAYOR_B,v3_synced,BIPlatform",,True,7,1,protected,active,,,,,,
mart_visit_type_cancellation_outcome,model.healthcare_analytics.mart_visit_type_cancellation_outcome,models/marts_bi_v3/mart_visit_type_cancellation_outcome.sql,marts_bi_v3,incremental,True,False,11,"cube,marts_bi_v3,v3_synced,BIPlatform",,True,4,1,protected,active,,,,,,
mart_volume_attribution_details_by_payor,model.healthcare_analytics.mart_volume_attribution_details_by_payor,models/marts_bi_v3/mart_volume_attribution_details_by_payor.sql,marts_bi_v3,incremental,True,False,6,"cube,marts_bi_v3,v3_synced,BIPlatform",,True,4,1,protected,active,,,,,,
mart_volume_attribution_history_detail,model.healthcare_analytics.mart_volume_attribution_history_detail,models/marts_bi_v3/mart_volume_attribution_history_detail.sql,marts_bi_v3,incremental,True,False,5,"cube,marts_bi_v3,v3_synced,BIPlatform",,True,4,1,protected,active,,,,,,
mart_voluntary_attribution_operational_review,model.healthcare_analytics.mart_voluntary_attribution_operational_review,models/marts_bi_v3/mart_voluntary_attribution_operational_review.sql,marts_bi_v3,table,True,False,59,"attribution,cube,marts_bi_v3,v3_synced,voluntary,BIPlatform",data_engineering,True,2,6,protected,active,,,,,,
membership_monthly_snapshot,model.healthcare_analytics.membership_monthly_snapshot,models/healthcare/membership/membership_monthly_snapshot.sql,healthcare,incremental,True,True,57,"commercial,cube,healthcare,hourly,membership,snapshot,BIPlatform",,False,6,1,protected,active,,,,,,
metricflow_time_spine,model.healthcare_analytics.metricflow_time_spine,models/utilities/metricflow_time_spine.sql,dbt_prod,table,True,False,16,"time_spine,utilities",,False,2,0,protected,active,,,,,,
mv_attribution_self_service,model.healthcare_analytics.mv_attribution_self_service,models/healthcare/mv_attribution_self_service.sql,healthcare,incremental,True,True,100,"attribution,cube,hourly,self_service,vbc",data_engineering,False,5,9,protected,active,,,,,,
mv_portal_activity,model.healthcare_analytics.mv_portal_activity,models/healthcare/scheduling/mv_portal_activity.sql,healthcare,incremental,True,True,18,"capacity,cube,portal,scheduling,superset,BIPlatform",data_engineering,False,4,6,protected,active,,,,,,
new_patient_visits,model.healthcare_analytics.new_patient_visits,models/facts/new_patient_visits.sql,healthcare,incremental,True,True,53,"cube,fact,growth,npv,BIPlatform",,False,4,4,protected,active,,,,,,
operating_review,model.healthcare_analytics.operating_review,models/facts/operating_review.sql,healthcare,incremental,True,True,33,"cube,fact,operating_review,BIPlatform",,False,5,4,protected,active,,,,,,
patient_census,model.healthcare_analytics.patient_census,models/facts/patient_census.sql,healthcare,incremental,True,True,49,"census,cube,fact,operations,BIPlatform",,True,11,13,protected,active,,,,,,
patient_experience,model.healthcare_analytics.patient_experience,models/facts/patient_experience.sql,healthcare,incremental,True,True,21,"cube,fact,nps,survey,BIPlatform",,False,3,3,protected,active,,,,,,
patient_identity,model.healthcare_analytics.patient_identity,models/dimensions/patient_identity.sql,healthcare,incremental,True,True,15,"cube,dimension,empi,mdm,BIPlatform",,False,27,6,protected,active,,,,,,
patients,model.healthcare_analytics.patients,models/dimensions/patients.sql,healthcare,incremental,True,True,129,"cube,dimension,hourly,mdm,BIPlatform",,True,92,17,protected,active,,,,,,
patients_pcp_changed_inactive_to_active_not_seen,model.healthcare_analytics.patients_pcp_changed_inactive_to_active_not_seen,models/healthcare/pcp/patients_pcp_changed_inactive_to_active_not_seen.sql,healthcare,table,True,False,12,"patient_care,pcp,superset",,False,1,7,protected,active,,,,,,
patients_with_inactive_current_pcp,model.healthcare_analytics.patients_with_inactive_current_pcp,models/healthcare/pcp/patients_with_inactive_current_pcp.sql,healthcare,incremental,True,False,11,"patient_care,pcp,superset",,False,2,6,protected,active,,,,,,
providers,model.healthcare_analytics.providers,models/dimensions/providers.sql,healthcare,incremental,True,True,51,"cube,dimension,mdm,BIPlatform",,True,32,3,protected,active,,,,,,
public_reputation_current,model.healthcare_analytics.public_reputation_current,models/healthcare/reputation/public_reputation_current.sql,healthcare,view,True,False,2,"operating_review,reputation,reviews",,False,3,1,protected,active,,,,,,
public_reputation_trend,model.healthcare_analytics.public_reputation_trend,models/healthcare/reputation/public_reputation_trend.sql,healthcare,view,True,False,3,"operating_review,reputation,reviews",,False,4,1,protected,active,,,,,,
public_reviews,model.healthcare_analytics.public_reviews,models/healthcare/reputation/public_reviews.sql,healthcare,view,True,False,1,"operating_review,reputation,reviews",,False,2,1,protected,active,,,,,,
questionnaires,model.healthcare_analytics.questionnaires,models/healthcare/questionnaires.sql,healthcare,view,True,True,14,"awv,cube,questionnaires,BIPlatform",,False,4,2,protected,active,,,,,,
ref_claims__procedure_code,model.healthcare_analytics.ref_claims__procedure_code,models/healthcare/payor/intermediate/ref_claims__procedure_code.sql,healthcare,table,True,False,3,"attribution,claims,intermediate,payor,reference",,False,4,1,protected,active,,,,,,
ref_raf__monthly_run_windows,model.healthcare_analytics.ref_raf__monthly_run_windows,models/healthcare/raf/score/staging/ref_raf__monthly_run_windows.sql,healthcare,table,True,False,9,"cms_hcc,monthly_snapshots,raf,reference,risk_adjustment,staging",,False,13,1,protected,active,,,,,,
ref_raf__year_locks,model.healthcare_analytics.ref_raf__year_locks,models/healthcare/raf/score/facts/ref_raf__year_locks.sql,healthcare,table,True,False,1,"cms_hcc,cube,fact,gold,raf,reference,risk_adjustment,year_lock,BIPlatform",,False,4,1,protected,active,,,,,,
referral_management,model.healthcare_analytics.referral_management,models/facts/referral_management.sql,healthcare,incremental,True,True,46,"care_coordination,cube,fact,referrals,BIPlatform",,False,4,2,protected,active,,,,,,
rpt_finraf__legacy_period,model.healthcare_analytics.rpt_finraf__legacy_period,models/healthcare/raf/revenue/reports/rpt_finraf__legacy_period.sql,healthcare,table,True,False,4,"cms_hcc,cube,finance,finraf,legacy,raf,reporting,risk_adjustment,BIPlatform",,False,4,2,protected,active,,,,,,
rpt_finraf__mmr_adjustments,model.healthcare_analytics.rpt_finraf__mmr_adjustments,models/healthcare/raf/revenue/reports/rpt_finraf__mmr_adjustments.sql,healthcare,table,True,False,4,"cms_hcc,finance,finraf,raf,reporting,risk_adjustment",,False,0,3,protected,active,,,,,,
rpt_finraf__revenue_at_risk,model.healthcare_analytics.rpt_finraf__revenue_at_risk,models/healthcare/raf/revenue/reports/rpt_finraf__revenue_at_risk.sql,healthcare,table,True,False,6,"cms_hcc,cube,finance,finraf,raf,reporting,risk_adjustment,BIPlatform",,False,4,2,protected,active,,,,,,
rpt_finraf__revenue_summary,model.healthcare_analytics.rpt_finraf__revenue_summary,models/healthcare/raf/revenue/reports/rpt_finraf__revenue_summary.sql,healthcare,table,True,False,0,"cms_hcc,cube,finance,finraf,raf,reporting,risk_adjustment,BIPlatform",,False,1,1,protected,active,,,,,,
rpt_m2m_patient_population,model.healthcare_analytics.rpt_m2m_patient_population,models/healthcare/raf/score/reports/rpt_m2m_patient_population.sql,healthcare,incremental,True,False,2,"capability_3,cms_hcc,cube,raf,report,reporting,risk_adjustment,BIPlatform",,False,3,2,protected,active,,,,,,
rpt_monthly_raf_enhanced,model.healthcare_analytics.rpt_monthly_raf_enhanced,models/healthcare/raf/score/reports/rpt_monthly_raf_enhanced.sql,healthcare,table,True,False,3,"capability_4,cms_hcc,cube,raf,report,reporting,risk_adjustment,BIPlatform",,False,4,1,protected,active,,,,,,
rpt_monthly_raf_snapshot,model.healthcare_analytics.rpt_monthly_raf_snapshot,models/healthcare/raf/score/reports/rpt_monthly_raf_snapshot.sql,healthcare,table,True,False,3,"capability_4,cms_hcc,cube,raf,report,reporting,risk_adjustment,BIPlatform",,False,4,1,protected,active,,,,,,
rpt_raf__disease_prevalence,model.healthcare_analytics.rpt_raf__disease_prevalence,models/healthcare/raf/capture/reports/rpt_raf__disease_prevalence.sql,healthcare,incremental,True,False,0,"capability_7,cms_hcc,cube,raf,report,reporting,risk_adjustment,BIPlatform",,False,1,2,protected,active,,,,,,
rpt_raf__frs_trend,model.healthcare_analytics.rpt_raf__frs_trend,models/healthcare/raf/score/reports/rpt_raf__frs_trend.sql,healthcare,table,True,False,3,"cms_hcc,cube,frs,raf,report,reporting,risk_adjustment,BIPlatform",,False,4,1,protected,active,,,,,,
rpt_raf__frs_validation,model.healthcare_analytics.rpt_raf__frs_validation,models/healthcare/raf/score/reports/rpt_raf__frs_validation.sql,healthcare,table,True,False,7,"cms_hcc,frs,raf,report,reporting,risk_adjustment,validation",,False,7,4,protected,active,,,,,,
rpt_raf__monthly_score_trend,model.healthcare_analytics.rpt_raf__monthly_score_trend,models/healthcare/raf/score/reports/rpt_raf__monthly_score_trend.sql,healthcare,table,True,False,9,"cms_hcc,cube,monthly_snapshots,raf,report,reporting,risk_adjustment,BIPlatform",,False,13,1,protected,active,,,,,,
rpt_raf__mor_decomposition,model.healthcare_analytics.rpt_raf__mor_decomposition,models/healthcare/raf/revenue/reports/rpt_raf__mor_decomposition.sql,healthcare,table,True,False,3,"cms_hcc,mor,raf,report,reporting,risk_adjustment,validation",,False,5,3,protected,active,,,,,,
rpt_raf__payor_reconciliation,model.healthcare_analytics.rpt_raf__payor_reconciliation,models/healthcare/raf/revenue/reports/rpt_raf__payor_reconciliation.sql,healthcare,table,True,False,5,"cms_hcc,payor,raf,reporting,risk_adjustment,validation",,False,5,5,protected,active,,,,,,
rpt_raf__population_census,model.healthcare_analytics.rpt_raf__population_census,models/healthcare/raf/score/reports/rpt_raf__population_census.sql,healthcare,table,True,False,0,"capability_1,cms_hcc,cube,raf,report,reporting,risk_adjustment,BIPlatform",,False,1,2,protected,active,,,,,,
rpt_raf__recapture_analysis,model.healthcare_analytics.rpt_raf__recapture_analysis,models/healthcare/raf/capture/reports/rpt_raf__recapture_analysis.sql,healthcare,incremental,True,False,0,"capability_9,cms_hcc,cube,raf,report,reporting,risk_adjustment,BIPlatform",,False,2,3,protected,active,,,,,,
rpt_raf__validation_comparison,model.healthcare_analytics.rpt_raf__validation_comparison,models/healthcare/raf/revenue/reports/rpt_raf__validation_comparison.sql,healthcare,table,True,False,0,"cms_hcc,raf,reporting,risk_adjustment,validation",,False,1,2,protected,active,,,,,,
rpt_raf__visit_budget_analysis,model.healthcare_analytics.rpt_raf__visit_budget_analysis,models/healthcare/raf/capture/reports/rpt_raf__visit_budget_analysis.sql,healthcare,incremental,True,False,0,"capability_8,cms_hcc,cube,raf,report,reporting,risk_adjustment,BIPlatform",,False,1,2,protected,active,,,,,,
rpt_rn_inbox_excel,model.healthcare_analytics.rpt_rn_inbox_excel,models/healthcare/rn_inbox/rpt_rn_inbox_excel.sql,healthcare,view,True,False,1,"nursing,report,rn_inbox",,False,1,8,protected,active,,,,,,
rpt_spend__mlr_by_payor,model.healthcare_analytics.rpt_spend__mlr_by_payor,models/healthcare/spend/reports/rpt_spend__mlr_by_payor.sql,healthcare,view,True,False,7,"cube,report,spend,BIPlatform",,False,4,1,protected,active,,,,,,
rpt_spend__orphan_review,model.healthcare_analytics.rpt_spend__orphan_review,models/healthcare/spend/reports/rpt_spend__orphan_review.sql,healthcare,view,True,False,5,"reconciliation,report,spend",,False,5,3,protected,active,,,,,,
rpt_spend__pmpm_trend,model.healthcare_analytics.rpt_spend__pmpm_trend,models/healthcare/spend/reports/rpt_spend__pmpm_trend.sql,healthcare,view,True,False,4,"cube,report,spend,BIPlatform",,False,3,1,protected,active,,,,,,
rpt_spend__revenue_gap,model.healthcare_analytics.rpt_spend__revenue_gap,models/healthcare/spend/reports/rpt_spend__revenue_gap.sql,healthcare,view,True,False,3,"cube,report,spend,BIPlatform",,False,3,1,protected,active,,,,,,
scheduling_capacity,model.healthcare_analytics.scheduling_capacity,models/facts/scheduling_capacity.sql,healthcare,incremental,True,True,32,"capacity,cube,fact,scheduling,BIPlatform",,False,7,2,protected,active,,,,,,
scheduling_ma_staffing_v3,model.healthcare_analytics.scheduling_ma_staffing_v3,models/healthcare/scheduling/scheduling_ma_staffing_v3.sql,healthcare,incremental,True,True,12,"capacity,cube,scheduling,superset,v3_synced,BIPlatform",,True,7,0,protected,active,,,,,,
scheduling_provider_archetypes_v3,model.healthcare_analytics.scheduling_provider_archetypes_v3,models/healthcare/scheduling/scheduling_provider_archetypes_v3.sql,healthcare,incremental,True,True,16,"capacity,cube,scheduling,superset,v3_synced,BIPlatform",,True,8,0,protected,active,,,,,,
scheduling_provider_daily_capacity_v3,model.healthcare_analytics.scheduling_provider_daily_capacity_v3,models/healthcare/scheduling/scheduling_provider_daily_capacity_v3.sql,healthcare,incremental,True,True,19,"capacity,cube,scheduling,superset,v3_synced,BIPlatform",,True,7,0,protected,active,,,,,,
stg_cms_roster__membership,model.healthcare_analytics.stg_cms_roster__membership,models/healthcare/raf/shared/staging/stg_cms_roster__membership.sql,raf_staging,view,True,False,2,"cms_roster,cms_hcc,placeholder,raf,risk_adjustment,staging",,False,4,1,protected,active,,,,,,
stg_athena__appointment,model.healthcare_analytics.stg_athena__appointment,models/healthcare/raf/shared/staging/stg_athena__appointment.sql,raf_staging,view,True,False,3,"athena,cms_hcc,raf,risk_adjustment,staging",,False,4,1,protected,active,,,,,,
stg_athena__appointmenttype,model.healthcare_analytics.stg_athena__appointmenttype,models/healthcare/raf/shared/staging/stg_athena__appointmenttype.sql,raf_staging,view,False,False,1,"athena,cms_hcc,deprecated,raf,risk_adjustment,staging",,False,0,0,protected,active,,,2026-08-18,DEV-4539,,
stg_athena__chart,model.healthcare_analytics.stg_athena__chart,models/healthcare/raf/shared/staging/stg_athena__chart.sql,raf_staging,view,True,False,2,"athena,cms_hcc,raf,risk_adjustment,staging",,False,4,1,protected,active,,,,,,
stg_athena__claim,model.healthcare_analytics.stg_athena__claim,models/healthcare/raf/shared/staging/stg_athena__claim.sql,raf_staging,view,True,False,3,"athena,cms_hcc,raf,risk_adjustment,staging",,False,3,1,protected,active,,,,,,
stg_athena__claim_diagnosis,model.healthcare_analytics.stg_athena__claim_diagnosis,models/healthcare/raf/shared/staging/stg_athena__claim_diagnosis.sql,raf_staging,view,True,False,4,"athena,cms_hcc,raf,risk_adjustment,staging",,False,5,1,protected,active,,,,,,
stg_athena__claimaudit,model.healthcare_analytics.stg_athena__claimaudit,models/healthcare/raf/shared/staging/stg_athena__claimaudit.sql,raf_staging,view,False,False,2,"athena,cms_hcc,deprecated,raf,risk_adjustment,staging",,False,0,0,protected,active,,,2026-08-18,DEV-4539,,
stg_athena__claimnote,model.healthcare_analytics.stg_athena__claimnote,models/healthcare/raf/shared/staging/stg_athena__claimnote.sql,raf_staging,view,False,False,2,"athena,cms_hcc,deprecated,raf,risk_adjustment,staging",,False,0,0,protected,active,,,2026-08-18,DEV-4539,,
stg_athena__clinicalencounter,model.healthcare_analytics.stg_athena__clinicalencounter,models/healthcare/raf/shared/staging/stg_athena__clinicalencounter.sql,raf_staging,view,True,False,2,"athena,cms_hcc,raf,risk_adjustment,staging",,False,9,1,protected,active,,,,,,
stg_athena__clinicalencounterdiagnosis,model.healthcare_analytics.stg_athena__clinicalencounterdiagnosis,models/healthcare/raf/shared/staging/stg_athena__clinicalencounterdiagnosis.sql,raf_staging,view,True,False,1,"athena,cms_hcc,raf,risk_adjustment,staging",,False,2,1,protected,active,,,,,,
stg_athena__clinicalencounterdxicd10,model.healthcare_analytics.stg_athena__clinicalencounterdxicd10,models/healthcare/raf/shared/staging/stg_athena__clinicalencounterdxicd10.sql,raf_staging,view,True,False,3,"athena,cms_hcc,raf,risk_adjustment,staging",,False,5,1,protected,active,,,,,,
stg_athena__clinicalresult,model.healthcare_analytics.stg_athena__clinicalresult,models/healthcare/quality/staging/stg_athena__clinicalresult.sql,healthcare,view,True,False,2,"dev-4296,evidence_funnel,quality,staging,support",Gyasi Sutton,False,5,1,protected,active,,,,,,
stg_athena__clinicalresultobservation,model.healthcare_analytics.stg_athena__clinicalresultobservation,models/healthcare/quality/staging/stg_athena__clinicalresultobservation.sql,healthcare,view,True,False,3,"dev-4296,evidence_funnel,quality,staging",Gyasi Sutton,False,4,1,protected,active,,,,,,
stg_athena__clinicalservice,model.healthcare_analytics.stg_athena__clinicalservice,models/healthcare/quality/staging/stg_athena__clinicalservice.sql,healthcare,view,True,False,2,"dev-4296,evidence_funnel,quality,staging,support",Gyasi Sutton,False,5,0,protected,active,,,,,,
stg_athena__clinicalserviceprocedurecode,model.healthcare_analytics.stg_athena__clinicalserviceprocedurecode,models/healthcare/quality/staging/stg_athena__clinicalserviceprocedurecode.sql,healthcare,view,True,False,4,"dev-4296,evidence_funnel,quality,staging",Gyasi Sutton,False,4,0,protected,active,,,,,,
stg_athena__customdemographics,model.healthcare_analytics.stg_athena__customdemographics,models/healthcare/raf/shared/staging/stg_athena__customdemographics.sql,raf_staging,view,False,False,2,"athena,cms_hcc,deprecated,raf,risk_adjustment,staging",,False,0,0,protected,active,,,2026-08-18,DEV-4539,,
stg_athena__department,model.healthcare_analytics.stg_athena__department,models/healthcare/raf/shared/staging/stg_athena__department.sql,raf_staging,view,True,False,1,"athena,cms_hcc,raf,risk_adjustment,staging",,False,1,1,protected,active,,,,,,
stg_athena__document,model.healthcare_analytics.stg_athena__document,models/healthcare/quality/staging/stg_athena__document.sql,healthcare,view,True,False,2,"dev-4296,evidence_funnel,quality,staging,support",Gyasi Sutton,False,5,1,protected,active,,,,,,
stg_athena__hccdismissalreasoncode,model.healthcare_analytics.stg_athena__hccdismissalreasoncode,models/healthcare/raf/score/staging/stg_athena__hccdismissalreasoncode.sql,raf_staging,view,True,False,2,"athena,cms_hcc,raf,risk_adjustment,staging",,False,3,1,protected,active,,,,,,
stg_athena__hcchccinteraction,model.healthcare_analytics.stg_athena__hcchccinteraction,models/healthcare/raf/score/staging/stg_athena__hcchccinteraction.sql,raf_staging,view,False,False,1,"athena,cms_hcc,deprecated,raf,risk_adjustment,staging",,False,0,0,protected,active,,,2026-08-18,DEV-4539,,
stg_athena__hcchierarchyexclusion,model.healthcare_analytics.stg_athena__hcchierarchyexclusion,models/healthcare/raf/score/staging/stg_athena__hcchierarchyexclusion.sql,raf_staging,view,False,False,3,"athena,cms_hcc,deprecated,raf,risk_adjustment,staging",,False,0,0,protected,active,,,2026-08-18,DEV-4539,,
stg_athena__hccicdcodeall,model.healthcare_analytics.stg_athena__hccicdcodeall,models/healthcare/raf/score/staging/stg_athena__hccicdcodeall.sql,raf_staging,view,True,False,3,"athena,cms_hcc,raf,risk_adjustment,staging",,False,5,1,protected,active,,,,,,
stg_athena__icdcodeall,model.healthcare_analytics.stg_athena__icdcodeall,models/healthcare/raf/shared/staging/stg_athena__icdcodeall.sql,raf_staging,view,True,False,2,"athena,cms_hcc,raf,risk_adjustment,staging",,False,4,1,protected,active,,,,,,
stg_athena__p4phccdxsuggestion,model.healthcare_analytics.stg_athena__p4phccdxsuggestion,models/healthcare/raf/capture/staging/stg_athena__p4phccdxsuggestion.sql,raf_staging,view,True,False,1,"athena,cms_hcc,raf,risk_adjustment,staging",,False,2,1,protected,active,,,,,,
stg_athena__p4phccdxsuggestiondismissal,model.healthcare_analytics.stg_athena__p4phccdxsuggestiondismissal,models/healthcare/raf/capture/staging/stg_athena__p4phccdxsuggestiondismissal.sql,raf_staging,view,True,False,2,"athena,cms_hcc,raf,risk_adjustment,staging",,False,3,1,protected,active,,,,,,
stg_athena__p4pmeasure,model.healthcare_analytics.stg_athena__p4pmeasure,models/healthcare/quality/staging/stg_athena__p4pmeasure.sql,healthcare,view,True,False,2,"dev-4296,evidence_funnel,quality,staging,support",Gyasi Sutton,False,4,1,protected,active,,,,,,
stg_athena__p4presult,model.healthcare_analytics.stg_athena__p4presult,models/healthcare/quality/staging/stg_athena__p4presult.sql,healthcare,view,True,False,2,"dev-4296,evidence_funnel,quality,staging,support",Gyasi Sutton,False,4,1,protected,active,,,,,,
stg_athena__p4presultdata,model.healthcare_analytics.stg_athena__p4presultdata,models/healthcare/quality/staging/stg_athena__p4presultdata.sql,healthcare,view,True,False,3,"dev-4296,evidence_funnel,quality,staging",Gyasi Sutton,False,1,1,protected,active,,,,,,
stg_athena__patient,model.healthcare_analytics.stg_athena__patient,models/healthcare/raf/shared/staging/stg_athena__patient.sql,raf_staging,view,True,False,3,"athena,cms_hcc,raf,risk_adjustment,staging",,False,3,1,protected,active,,,,,,
stg_athena__patient_social_history,model.healthcare_analytics.stg_athena__patient_social_history,models/healthcare/scheduling/staging/stg_athena__patient_social_history.sql,healthcare,view,True,False,1,"athena,capacity,clinical,retier,scheduling,sdoh,staging,superset",,False,2,0,protected,active,,,,,,
stg_athena__patientinsurance,model.healthcare_analytics.stg_athena__patientinsurance,models/healthcare/raf/shared/staging/stg_athena__patientinsurance.sql,raf_staging,view,True,False,2,"athena,cms_hcc,raf,risk_adjustment,staging",,False,3,2,protected,active,,,,,,
stg_athena__patientmedication,model.healthcare_analytics.stg_athena__patientmedication,models/healthcare/scheduling/staging/stg_athena__patientmedication.sql,healthcare,view,True,False,7,"athena,capacity,clinical,medication,retier,scheduling,staging,superset",,False,3,3,protected,active,,,,,,
stg_athena__patientproblem,model.healthcare_analytics.stg_athena__patientproblem,models/healthcare/raf/shared/staging/stg_athena__patientproblem.sql,raf_staging,view,True,False,6,"athena,cms_hcc,raf,risk_adjustment,staging",,False,3,1,protected,active,,,,,,
stg_athena__patientsurgicalhistory,model.healthcare_analytics.stg_athena__patientsurgicalhistory,models/healthcare/quality/staging/stg_athena__patientsurgicalhistory.sql,healthcare,view,True,False,4,"dev-4296,evidence_funnel,quality,staging",Gyasi Sutton,False,4,1,protected,active,,,,,,
stg_athena__provider,model.healthcare_analytics.stg_athena__provider,models/healthcare/raf/shared/staging/stg_athena__provider.sql,raf_staging,view,True,False,2,"athena,cms_hcc,raf,risk_adjustment,staging",,False,2,1,protected,active,,,,,,
stg_athena__qm_chart,model.healthcare_analytics.stg_athena__qm_chart,models/healthcare/quality/staging/stg_athena__qm_chart.sql,healthcare,view,True,False,2,"dev-4296,evidence_funnel,quality,staging,support",Gyasi Sutton,False,3,1,protected,active,,,,,,
stg_athena__qmresult,model.healthcare_analytics.stg_athena__qmresult,models/healthcare/quality/staging/stg_athena__qmresult.sql,healthcare,view,True,False,4,"dev-4296,evidence_funnel,quality,staging",Gyasi Sutton,False,1,1,protected,active,,,,,,
stg_athena__smoking_status,model.healthcare_analytics.stg_athena__smoking_status,models/healthcare/scheduling/staging/stg_athena__smoking_status.sql,healthcare,view,True,False,1,"athena,capacity,clinical,retier,scheduling,smoking,staging,superset",,False,2,1,protected,active,,,,,,
stg_athena__visit,model.healthcare_analytics.stg_athena__visit,models/healthcare/raf/shared/staging/stg_athena__visit.sql,raf_staging,view,True,False,3,"athena,cms_hcc,raf,risk_adjustment,staging",,False,1,1,protected,active,,,,,,
stg_athena__visitcharge,model.healthcare_analytics.stg_athena__visitcharge,models/healthcare/raf/shared/staging/stg_athena__visitcharge.sql,raf_staging,view,True,False,2,"athena,cms_hcc,raf,risk_adjustment,staging",,False,1,1,protected,active,,,,,,
stg_bonus__appointments,model.healthcare_analytics.stg_bonus__appointments,models/provider_bonus/staging/stg_bonus__appointments.sql,provider_bonus_staging,table,True,True,22,"provider_bonus,staging",,False,12,5,protected,active,,,,,,
stg_bonus__hcc_assessments,model.healthcare_analytics.stg_bonus__hcc_assessments,models/provider_bonus/staging/stg_bonus__hcc_assessments.sql,provider_bonus_staging,table,True,True,22,"provider_bonus,staging",,False,9,3,protected,active,,,,,,
stg_bonus__insurance_classification,model.healthcare_analytics.stg_bonus__insurance_classification,models/provider_bonus/staging/stg_bonus__insurance_classification.sql,provider_bonus_staging,table,True,True,15,"provider_bonus,staging",,False,6,2,protected,active,,,,,,
stg_bonus__nps_surveys,model.healthcare_analytics.stg_bonus__nps_surveys,models/provider_bonus/staging/stg_bonus__nps_surveys.sql,provider_bonus_staging,table,True,True,17,"provider_bonus,staging",,False,13,4,protected,active,,,,,,
stg_bonus__provider_roster,model.healthcare_analytics.stg_bonus__provider_roster,models/provider_bonus/staging/stg_bonus__provider_roster.sql,provider_bonus_staging,table,True,True,42,"provider_bonus,staging",,False,44,1,protected,active,,,,,,
stg_bonus__quality_measures,model.healthcare_analytics.stg_bonus__quality_measures,models/provider_bonus/staging/stg_bonus__quality_measures.sql,provider_bonus_staging,table,True,True,16,"provider_bonus,staging",,False,16,10,protected,active,,,,,,
stg_cms__cclf,model.healthcare_analytics.stg_cms__cclf,models/healthcare/raf/revenue/staging/stg_cms__cclf.sql,raf_staging,view,False,False,1,"cms,cms_hcc,deferred,placeholder,raf,risk_adjustment,staging",,False,0,0,protected,active,,,2026-08-18,DEV-4539,,
stg_cms__mao4,model.healthcare_analytics.stg_cms__mao4,models/healthcare/raf/revenue/staging/stg_cms__mao4.sql,raf_staging,view,False,False,1,"cms,cms_hcc,deferred,placeholder,raf,risk_adjustment,staging",,False,0,0,protected,active,,,2026-08-18,DEV-4539,,
stg_cms__mmr,model.healthcare_analytics.stg_cms__mmr,models/healthcare/raf/revenue/staging/stg_cms__mmr.sql,raf_staging,view,False,False,1,"cms,cms_hcc,deferred,placeholder,raf,risk_adjustment,staging",,False,0,0,protected,active,,,2026-08-18,DEV-4539,,
stg_elation__bill,model.healthcare_analytics.stg_elation__bill,models/healthcare/raf/capture/staging/stg_elation__bill.sql,raf_staging,view,False,False,2,"cms_hcc,deprecated,elation,raf,risk_adjustment,staging,static",,False,0,0,protected,active,,,2026-08-18,DEV-4539,,
stg_elation__visit_note,model.healthcare_analytics.stg_elation__visit_note,models/healthcare/raf/capture/staging/stg_elation__visit_note.sql,raf_staging,view,True,False,2,"cms_hcc,elation,raf,risk_adjustment,staging,static",,False,3,1,protected,active,,,,,,
stg_membership__members,model.healthcare_analytics.stg_membership__members,models/healthcare/membership/stg_membership__members.sql,healthcare,table,True,True,49,"cube,daily,membership,membership,BIPlatform",data_engineering,False,3,1,protected,active,,,,,,
stg_jira__changelogs,model.healthcare_analytics.stg_jira__changelogs,models/jira/stg_jira__changelogs.sql,jira,view,True,False,1,"jira,staging",,False,2,1,protected,active,,,,,,
stg_jira__comments,model.healthcare_analytics.stg_jira__comments,models/jira/stg_jira__comments.sql,jira,view,True,False,3,"jira,staging",,False,1,1,protected,active,,,,,,
stg_jira__issue_links,model.healthcare_analytics.stg_jira__issue_links,models/jira/stg_jira__issue_links.sql,jira,view,True,False,0,"jira,staging",,False,2,1,protected,active,,,,,,
stg_jira__issues,model.healthcare_analytics.stg_jira__issues,models/jira/stg_jira__issues.sql,jira,view,True,False,1,"jira,staging",,False,2,1,protected,active,,,,,,
stg_jira__sprints,model.healthcare_analytics.stg_jira__sprints,models/jira/stg_jira__sprints.sql,jira,view,True,False,1,"jira,staging",,False,2,1,protected,active,,,,,,
stg_jira__users,model.healthcare_analytics.stg_jira__users,models/jira/stg_jira__users.sql,jira,view,True,False,1,"jira,staging",,False,2,1,protected,active,,,,,,
stg_jira__worklogs,model.healthcare_analytics.stg_jira__worklogs,models/jira/stg_jira__worklogs.sql,jira,view,True,False,1,"jira,staging",,False,2,1,protected,active,,,,,,
stg_mdm__appointment_type,model.healthcare_analytics.stg_mdm__appointment_type,models/sources/mdm/stg_mdm__appointment_type.sql,staging,view,True,False,16,"appointment,mdm,reference",,False,8,1,protected,active,,,,,,
stg_mdm__insurance,model.healthcare_analytics.stg_mdm__insurance,models/sources/mdm/stg_mdm__insurance.sql,staging,view,True,False,14,"insurance,mdm,reference",,False,3,1,protected,active,,,,,,
stg_mdm__nurse_staff,model.healthcare_analytics.stg_mdm__nurse_staff,models/sources/mdm/stg_mdm__nurse_staff.sql,staging,table,True,False,1,"mdm,nurse,reference,staff",,False,3,1,protected,active,,,,,,
stg_mdm__patient,model.healthcare_analytics.stg_mdm__patient,models/sources/mdm/stg_mdm__patient.sql,staging,view,True,False,9,"mdm,patient,reference",,False,13,1,protected,active,,,,,,
stg_mdm__provider,model.healthcare_analytics.stg_mdm__provider,models/sources/mdm/stg_mdm__provider.sql,staging,view,True,False,19,"mdm,provider,reference",,False,12,1,protected,active,,,,,,
stg_mdm__staff,model.healthcare_analytics.stg_mdm__staff,models/sources/mdm/stg_mdm__staff.sql,staging,view,True,False,1,"mdm,reference,staff",,False,4,1,protected,active,,,,,,
stg_navina__provider_code_level_live,model.healthcare_analytics.stg_navina__provider_code_level_live,models/healthcare/raf/capture/staging/stg_navina__provider_code_level_live.sql,raf_staging,view,True,False,2,"cms_hcc,VendorNav,raf,risk_adjustment,staging",,False,6,1,protected,active,,,,,,
stg_navina__suggestions,model.healthcare_analytics.stg_navina__suggestions,models/healthcare/raf/capture/staging/stg_navina__suggestions.sql,raf_staging,view,True,False,4,"cms_hcc,VendorNav,raf,risk_adjustment,staging",,False,5,1,protected,active,,,,,,
stg_nice__agents,model.healthcare_analytics.stg_nice__agents,models/sources/nice/stg_nice__agents.sql,staging,view,True,False,13,"call_center,nice,reference",,False,3,1,protected,active,,,,,,
stg_nice__contacts,model.healthcare_analytics.stg_nice__contacts,models/sources/nice/stg_nice__contacts.sql,staging,view,True,False,42,"call_center,nice,reference",,False,3,2,protected,active,,,,,,
stg_nice__sentiment,model.healthcare_analytics.stg_nice__sentiment,models/sources/nice/stg_nice__sentiment.sql,staging,view,True,False,32,"call_center,nice,reference,sentiment",,False,2,2,protected,active,,,,,,
stg_nice__skills,model.healthcare_analytics.stg_nice__skills,models/sources/nice/stg_nice__skills.sql,staging,view,True,False,10,"call_center,nice,reference",,False,3,1,protected,active,,,,,,
stg_payor__payor_alpha_claims,model.healthcare_analytics.stg_payor__payor_alpha_claims,models/healthcare/payor/staging/stg_payor__payor_alpha_claims.sql,healthcare,view,True,False,18,"attribution,PAYOR_A,payor,staging",,False,10,1,protected,active,,,,,,
stg_payor__payor_alpha_clinical_data,model.healthcare_analytics.stg_payor__payor_alpha_clinical_data,models/healthcare/payor/staging/stg_payor__payor_alpha_clinical_data.sql,healthcare,view,False,False,2,"attribution,PAYOR_A,clinical,payor,staging",,False,0,0,protected,active,,,2026-08-18,DEV-4539,,
stg_payor__payor_alpha_index,model.healthcare_analytics.stg_payor__payor_alpha_index,models/healthcare/payor/staging/stg_payor__payor_alpha_index.sql,healthcare,view,False,False,2,"attribution,PAYOR_A,cost,payor,staging",,False,0,0,protected,active,,,2026-08-18,DEV-4539,,
stg_payor__payor_alpha_index_etg,model.healthcare_analytics.stg_payor__payor_alpha_index_etg,models/healthcare/payor/staging/stg_payor__payor_alpha_index_etg.sql,healthcare,view,False,False,2,"attribution,PAYOR_A,cost,payor,staging",,False,0,0,protected,active,,,2026-08-18,DEV-4539,,
stg_payor__payor_alpha_mao,model.healthcare_analytics.stg_payor__payor_alpha_mao,models/healthcare/payor/staging/stg_payor__payor_alpha_mao.sql,healthcare,view,True,False,12,"attribution,PAYOR_A,cms,payor,raf,staging",,False,4,1,protected,active,,,,,,
stg_payor__payor_alpha_members,model.healthcare_analytics.stg_payor__payor_alpha_members,models/healthcare/payor/staging/stg_payor__payor_alpha_members.sql,healthcare,view,True,False,44,"attribution,PAYOR_A,empi,payor,staging",,False,8,1,protected,active,,,,,,
stg_payor__payor_alpha_mmr,model.healthcare_analytics.stg_payor__payor_alpha_mmr,models/healthcare/payor/staging/stg_payor__payor_alpha_mmr.sql,healthcare,view,True,False,4,"attribution,PAYOR_A,cms,payor,raf,staging",,False,14,1,protected,active,,,,,,
stg_payor__payor_alpha_morj,model.healthcare_analytics.stg_payor__payor_alpha_morj,models/healthcare/payor/staging/stg_payor__payor_alpha_morj.sql,healthcare,view,True,False,6,"attribution,PAYOR_A,cms,payor,raf,staging",,False,4,1,protected,active,,,,,,
stg_payor__payor_alpha_morm,model.healthcare_analytics.stg_payor__payor_alpha_morm,models/healthcare/payor/staging/stg_payor__payor_alpha_morm.sql,healthcare,view,True,False,5,"attribution,PAYOR_A,cms,payor,raf,staging",,False,4,1,protected,active,,,,,,
stg_payor__payor_alpha_outflow,model.healthcare_analytics.stg_payor__payor_alpha_outflow,models/healthcare/payor/staging/stg_payor__payor_alpha_outflow.sql,healthcare,view,False,False,2,"attribution,PAYOR_A,cost,payor,staging",,False,0,0,protected,active,,,2026-08-18,DEV-4539,,
stg_payor__payor_alpha_outflow_detail,model.healthcare_analytics.stg_payor__payor_alpha_outflow_detail,models/healthcare/payor/staging/stg_payor__payor_alpha_outflow_detail.sql,healthcare,view,False,False,2,"attribution,PAYOR_A,cost,payor,staging",,False,0,0,protected,active,,,2026-08-18,DEV-4539,,
stg_payor__payor_alpha_quality_members,model.healthcare_analytics.stg_payor__payor_alpha_quality_members,models/healthcare/payor/staging/stg_payor__payor_alpha_quality_members.sql,healthcare,view,False,False,2,"attribution,PAYOR_A,payor,quality,staging",,False,0,0,protected,active,,,2026-08-18,DEV-4539,,
stg_payor__payor_alpha_risk_adj,model.healthcare_analytics.stg_payor__payor_alpha_risk_adj,models/healthcare/payor/staging/stg_payor__payor_alpha_risk_adj.sql,healthcare,view,False,False,2,"attribution,PAYOR_A,payor,risk,staging",,False,0,0,protected,active,,,2026-08-18,DEV-4539,,
stg_payor__payor_alpha_specialty_etg,model.healthcare_analytics.stg_payor__payor_alpha_specialty_etg,models/healthcare/payor/staging/stg_payor__payor_alpha_specialty_etg.sql,healthcare,view,False,False,2,"attribution,PAYOR_A,cost,payor,staging",,False,0,0,protected,active,,,2026-08-18,DEV-4539,,
stg_payor__payor_alpha_stars,model.healthcare_analytics.stg_payor__payor_alpha_stars,models/healthcare/payor/staging/stg_payor__payor_alpha_stars.sql,healthcare,view,False,False,2,"attribution,PAYOR_A,payor,quality,staging",,False,0,0,protected,active,,,2026-08-18,DEV-4539,,
stg_payor__payor_alpha_summary,model.healthcare_analytics.stg_payor__payor_alpha_summary,models/healthcare/payor/staging/stg_payor__payor_alpha_summary.sql,healthcare,view,False,False,2,"attribution,PAYOR_A,cost,payor,staging",,False,0,0,protected,active,,,2026-08-18,DEV-4539,,
stg_payor__vendorblue_aco,model.healthcare_analytics.stg_payor__vendorblue_aco,models/healthcare/payor/staging/stg_payor__vendorblue_aco.sql,healthcare,view,False,False,2,"aco,attribution,VendorBlue,payor,staging",,False,0,0,protected,active,,,2026-08-18,DEV-4539,,
stg_payor__vendorblue_attribution,model.healthcare_analytics.stg_payor__vendorblue_attribution,models/healthcare/payor/staging/stg_payor__vendorblue_attribution.sql,healthcare,view,False,False,2,"aco,attribution,VendorBlue,payor,staging",,False,0,0,protected,active,,,2026-08-18,DEV-4539,,
stg_payor__payor_delta_care_gaps,model.healthcare_analytics.stg_payor__payor_delta_care_gaps,models/healthcare/payor/staging/stg_payor__payor_delta_care_gaps.sql,healthcare,view,False,False,2,"attribution,payor_delta,payor,quality,staging",,False,0,0,protected,active,,,2026-08-18,DEV-4539,,
stg_payor__payor_gamma_roster,model.healthcare_analytics.stg_payor__payor_gamma_roster,models/healthcare/payor/staging/stg_payor__payor_gamma_roster.sql,healthcare,view,False,False,2,"attribution,PAYOR_C,payor,staging",,False,0,0,protected,active,,,2026-08-18,DEV-4539,,
stg_payor__mssp_roster,model.healthcare_analytics.stg_payor__mssp_roster,models/healthcare/payor/staging/stg_payor__mssp_roster.sql,healthcare,view,False,False,2,"aco,attribution,mssp,payor,staging",,False,0,0,protected,active,,,2026-08-18,DEV-4539,,
stg_payor__uhc_claims,model.healthcare_analytics.stg_payor__uhc_claims,models/healthcare/payor/staging/stg_payor__uhc_claims.sql,healthcare,view,True,False,17,"attribution,claims,payor,staging,PAYOR_B",,False,15,1,protected,active,,,,,,
stg_payor__uhc_control_totals,model.healthcare_analytics.stg_payor__uhc_control_totals,models/healthcare/payor/staging/stg_payor__uhc_control_totals.sql,healthcare,view,True,False,4,"attribution,payor,reconciliation,staging,PAYOR_B",,False,6,1,protected,active,,,,,,
stg_payor__uhc_financial_pcp_details,model.healthcare_analytics.stg_payor__uhc_financial_pcp_details,models/healthcare/payor/staging/stg_payor__uhc_financial_pcp_details.sql,healthcare,view,True,False,8,"attribution,finance,finraf,payor,staging,PAYOR_B",,False,2,1,protected,active,,,,,,
stg_payor__uhc_mao,model.healthcare_analytics.stg_payor__uhc_mao,models/healthcare/payor/staging/stg_payor__uhc_mao.sql,healthcare,view,True,False,18,"attribution,cms,payor,raf,staging,PAYOR_B",,False,10,1,protected,active,,,,,,
stg_payor__uhc_members,model.healthcare_analytics.stg_payor__uhc_members,models/healthcare/payor/staging/stg_payor__uhc_members.sql,healthcare,view,True,False,2,"attribution,empi,payor,staging,PAYOR_B",,False,8,1,protected,active,,,,,,
stg_payor__uhc_mor,model.healthcare_analytics.stg_payor__uhc_mor,models/healthcare/payor/staging/stg_payor__uhc_mor.sql,healthcare,view,True,False,6,"attribution,cms,payor,raf,staging,PAYOR_B",,False,5,1,protected,active,,,,,,
stg_payor__uhc_pcor,model.healthcare_analytics.stg_payor__uhc_pcor,models/healthcare/payor/staging/stg_payor__uhc_pcor.sql,healthcare,view,False,False,2,"attribution,payor,quality,staging,PAYOR_B",,False,0,0,protected,active,,,2026-08-18,DEV-4539,,
stg_payor__uhc_quality_gaps,model.healthcare_analytics.stg_payor__uhc_quality_gaps,models/healthcare/payor/staging/stg_payor__uhc_quality_gaps.sql,healthcare,view,False,False,2,"attribution,payor,quality,staging,PAYOR_B",,False,0,0,protected,active,,,2026-08-18,DEV-4539,,
stg_payor__uhc_revenue,model.healthcare_analytics.stg_payor__uhc_revenue,models/healthcare/payor/staging/stg_payor__uhc_revenue.sql,healthcare,view,True,False,11,"attribution,cms,payor,raf,staging,PAYOR_B",,False,11,1,protected,active,,,,,,
stg_payor__uhc_rx,model.healthcare_analytics.stg_payor__uhc_rx,models/healthcare/payor/staging/stg_payor__uhc_rx.sql,healthcare,view,True,False,6,"attribution,payor,rx,spend,staging,PAYOR_B",,False,10,1,protected,active,,,,,,
stg_quality__patient_demographics,model.healthcare_analytics.stg_quality__patient_demographics,models/healthcare/quality/staging/stg_quality__patient_demographics.sql,healthcare,view,True,False,18,"dev-4296,hedis,quality,staging",Gyasi Sutton,False,3,1,protected,active,,,,,,
stg_quality__patient_insurance,model.healthcare_analytics.stg_quality__patient_insurance,models/healthcare/quality/staging/stg_quality__patient_insurance.sql,healthcare,view,True,False,13,"dev-4296,hedis,quality,staging",Gyasi Sutton,False,4,2,protected,active,,,,,,
stg_raf__all_hcc_billed,model.healthcare_analytics.stg_raf__all_hcc_billed,models/healthcare/raf/capture/staging/stg_raf__all_hcc_billed.sql,raf_staging,view,True,False,2,"cms_hcc,raf,risk_adjustment,staging",,False,5,1,protected,active,,,,,,
stg_raf__ghost_status_monthly,model.healthcare_analytics.stg_raf__ghost_status_monthly,models/healthcare/raf/shared/staging/stg_raf__ghost_status_monthly.sql,raf_staging,view,True,False,4,"cms_hcc,empi,raf,risk_adjustment,staging",,False,7,1,protected,active,,,,,,
stg_raf__patient_enrollment,model.healthcare_analytics.stg_raf__patient_enrollment,models/healthcare/raf/shared/staging/stg_raf__patient_enrollment.sql,raf_staging,view,True,False,6,"cms_hcc,raf,risk_adjustment,staging",,False,5,2,protected,active,,,,,,
stg_raf__patient_status_monthly,model.healthcare_analytics.stg_raf__patient_status_monthly,models/healthcare/raf/shared/staging/stg_raf__patient_status_monthly.sql,raf_staging,view,True,False,4,"cms_hcc,raf,risk_adjustment,staging",,False,7,1,protected,active,,,,,,
stg_raf__test_exclusions,model.healthcare_analytics.stg_raf__test_exclusions,models/healthcare/raf/shared/staging/stg_raf__test_exclusions.sql,raf_staging,view,True,False,2,"cms_hcc,raf,risk_adjustment,staging",,False,5,1,protected,active,,,,,,
stg_raf__year_processing_config,model.healthcare_analytics.stg_raf__year_processing_config,models/healthcare/raf/shared/staging/stg_raf__year_processing_config.sql,raf_staging,view,True,False,3,"cms_hcc,raf,risk_adjustment,staging",,False,6,1,protected,active,,,,,,
stg_salesforce__account,model.healthcare_analytics.stg_salesforce__account,models/sources/salesforce/stg_salesforce__account.sql,staging,view,True,False,1,"crm,patient,provider,salesforce",,False,9,1,protected,active,,,,,,
stg_salesforce__appointment,model.healthcare_analytics.stg_salesforce__appointment,models/sources/salesforce/stg_salesforce__appointment.sql,staging,view,True,False,1,"appointment,crm,salesforce",,False,5,1,protected,active,,,,,,
stg_salesforce__attribution,model.healthcare_analytics.stg_salesforce__attribution,models/sources/salesforce/stg_salesforce__attribution.sql,staging,view,True,False,1,"attribution,crm,salesforce,vbc",,False,6,1,protected,active,,,,,,
stg_scheduling__slots,model.healthcare_analytics.stg_scheduling__slots,models/healthcare/scheduling/stg_scheduling__slots.sql,healthcare,view,True,False,1,"capacity,mdm,scheduling,staging,superset",,False,9,5,protected,active,,,,,,
stg_backendbaas__legacy_members,model.healthcare_analytics.stg_backendbaas__legacy_members,models/healthcare/membership/stg_backendbaas__legacy_members.sql,healthcare,view,True,False,4,"commercial,cube,hourly,membership,backendbaas,BIPlatform",,False,8,1,protected,active,,,,,,
sync_mdm_appointment_type,model.healthcare_analytics.sync_mdm_appointment_type,models/mdm/sync_mdm_appointment_type.sql,reference_data,incremental,True,False,4,"appointment_type,mdm,sync",,False,3,2,protected,active,,,,,,
sync_mdm_insurance,model.healthcare_analytics.sync_mdm_insurance,models/mdm/sync_mdm_insurance.sql,reference_data,incremental,True,False,4,"insurance,mdm,sync",,False,2,1,protected,active,,,,,,
sync_mdm_patient,model.healthcare_analytics.sync_mdm_patient,models/mdm/sync_mdm_patient.sql,reference_data,incremental,True,False,6,"mdm,patient,sync",,False,3,1,protected,active,,,,,,
sync_mdm_patient_status,model.healthcare_analytics.sync_mdm_patient_status,models/mdm/sync_mdm_patient_status.sql,staging,view,True,False,3,"mdm,patient,status,sync",,False,1,1,protected,active,,,,,,
sync_mdm_provider,model.healthcare_analytics.sync_mdm_provider,models/mdm/sync_mdm_provider.sql,reference_data,incremental,True,False,6,"mdm,provider,sync",,False,3,4,protected,active,,,,,,
sync_mdm_staff,model.healthcare_analytics.sync_mdm_staff,models/mdm/sync_mdm_staff.sql,reference_data,incremental,True,False,6,"mdm,staff,sync",,False,2,1,protected,active,,,,,,
tcm_visit,model.healthcare_analytics.tcm_visit,models/healthcare/tcm/tcm_visit.sql,healthcare,incremental,True,True,66,"care_management,cube,superset,tcm,BIPlatform",,False,13,10,protected,active,,,,,,
toc_reporting,model.healthcare_analytics.toc_reporting,models/facts/toc_reporting.sql,healthcare,incremental,True,True,40,"care_management,cube,fact,toc,BIPlatform",,False,3,4,protected,active,,,,,,
transitional_care,model.healthcare_analytics.transitional_care,models/facts/transitional_care.sql,healthcare,incremental,True,True,24,"care_management,cube,fact,tcm,BIPlatform",,False,4,2,protected,active,,,,,,
v_athena_ccda_referrals,model.healthcare_analytics.v_athena_ccda_referrals,models/healthcare/athena/v_athena_ccda_referrals.sql,healthcare,incremental,True,False,7,"athena,documents,ehr,referrals",,False,2,3,protected,active,,,,,,
v_athena_documents_for_ai_processing,model.healthcare_analytics.v_athena_documents_for_ai_processing,models/healthcare/athena/v_athena_documents_for_ai_processing.sql,healthcare,incremental,True,False,9,"ai,athena,documents,ehr",,False,1,1,protected,active,,,,,,
v_athena_midi_health_documents,model.healthcare_analytics.v_athena_midi_health_documents,models/healthcare/athena/v_athena_midi_health_documents.sql,healthcare,incremental,True,False,7,"athena,documents,ehr,midi",,False,1,2,protected,active,,,,,,
v_bh_patient_panel_reporting,model.healthcare_analytics.v_bh_patient_panel_reporting,models/behavioral_health/v_bh_patient_panel_reporting.sql,materialized_views,table,True,True,54,"behavioral_health,cube,reporting,superset",,False,4,1,protected,active,,,,,,
v_bh_patients_no_next,model.healthcare_analytics.v_bh_patients_no_next,models/healthcare/behavioral_health/v_bh_patients_no_next.sql,healthcare,view,True,False,6,"behavioral_health,bh,no_next,scheduling,superset,workflow",,False,1,1,protected,active,,,,,,
v_bh_slot_summary,model.healthcare_analytics.v_bh_slot_summary,models/healthcare/behavioral_health/v_bh_slot_summary.sql,healthcare,table,True,False,8,"behavioral_health,bh,scheduling,slots,summary,superset",,False,1,1,protected,active,,,,,,
v_bh_slot_utilization,model.healthcare_analytics.v_bh_slot_utilization,models/healthcare/behavioral_health/v_bh_slot_utilization.sql,healthcare,incremental,True,True,35,"behavioral_health,bh,cube,scheduling,slots,superset,utilization,BIPlatform",,False,6,4,protected,active,,,,,,
v_bhpatientpanel,model.healthcare_analytics.v_bhpatientpanel,models/healthcare/behavioral_health/v_bhpatientpanel.sql,healthcare,incremental,True,False,24,"behavioral_health,bh,clinical,panel,patient_panel,superset",,False,6,18,protected,active,,,,,,
v_cbp_selfservice,model.healthcare_analytics.v_cbp_selfservice,models/healthcare/cbp/v_cbp_selfservice.sql,healthcare,table,False,False,1,"cbp,quality,selfservice,superset",,False,0,0,protected,active,,,2026-08-18,DEV-4539,,
v_patient_sync,model.healthcare_analytics.v_patient_sync,models/sources/mdm/v_patient_sync.sql,staging,view,True,False,11,"mdm,patient,reference,sync",,False,3,3,protected,active,,,,,,
v_preop_tcm_patients,model.healthcare_analytics.v_preop_tcm_patients,models/healthcare/tcm/v_preop_tcm_patients.sql,healthcare,incremental,True,False,8,"care_management,superset,tcm",,False,2,3,protected,active,,,,,,
v_provider_sync,model.healthcare_analytics.v_provider_sync,models/sources/mdm/v_provider_sync.sql,staging,view,True,False,7,"mdm,provider,reference,sync",,False,2,7,protected,active,,,,,,
v_scheduling_capacity_selfservice,model.healthcare_analytics.v_scheduling_capacity_selfservice,models/healthcare/scheduling/v_scheduling_capacity_selfservice.sql,healthcare,table,True,False,19,"capacity,scheduling,selfservice,superset",,False,3,1,protected,active,,,,,,
v_staff_sync,model.healthcare_analytics.v_staff_sync,models/sources/mdm/v_staff_sync.sql,staging,view,True,False,2,"mdm,reference,staff,sync",,False,2,3,protected,active,,,,,,
v_tcm_selfservice,model.healthcare_analytics.v_tcm_selfservice,models/healthcare/tcm/v_tcm_selfservice.sql,healthcare,table,True,False,15,"care_management,selfservice,superset,tcm",,False,3,1,protected,active,,,,,,
vw_appointmentview_patient_visits,model.healthcare_analytics.vw_appointmentview_patient_visits,models/healthcare/scheduling/vw_appointmentview_patient_visits.sql,healthcare,table,True,False,1,"base,capacity,mdm,scheduling,superset",,False,6,2,protected,active,,,,,,
vw_athena_account_insurance_sync,model.healthcare_analytics.vw_athena_account_insurance_sync,models/healthcare/athena/vw_athena_account_insurance_sync.sql,healthcare,incremental,True,False,21,"account-sync,athena,ehr,insurance,salesforce-integration",,False,1,9,protected,active,,,,,,
vw_attribution_operations,model.healthcare_analytics.vw_attribution_operations,models/healthcare/empi/vw_attribution_operations.sql,healthcare,incremental,True,True,30,"attribution,empi,fabric,matching,mdm,self_service",,False,4,1,protected,active,,,,,,
vw_attribution_unified,model.healthcare_analytics.vw_attribution_unified,models/healthcare/vw_attribution_unified.sql,healthcare,incremental,True,True,56,"attribution,cube,superset,unified",data_engineering,True,5,10,protected,active,,,,,,
vw_attribution_with_filters,model.healthcare_analytics.vw_attribution_with_filters,models/healthcare/empi/vw_attribution_with_filters.sql,healthcare,incremental,True,False,6,"crm,empi,matching,mdm,salesforce,superset",,False,2,4,protected,active,,,,,,
vw_awv_appointment_type_qa,model.healthcare_analytics.vw_awv_appointment_type_qa,models/healthcare/awv/vw_awv_appointment_type_qa.sql,healthcare,incremental,True,False,3,"awv,qa,superset,wellness",,False,1,6,protected,active,,,,,,
vw_awv_appointments_with_cases,model.healthcare_analytics.vw_awv_appointments_with_cases,models/healthcare/awv/vw_awv_appointments_with_cases.sql,healthcare,incremental,True,False,17,"awv,cases,superset,wellness",,False,3,3,protected,active,,,,,,
vw_awv_billing_by_payor,model.healthcare_analytics.vw_awv_billing_by_payor,models/healthcare/awv/vw_awv_billing_by_payor.sql,healthcare,incremental,True,False,14,"awv,billing,superset,wellness",,False,1,9,protected,active,,,,,,
vw_awv_by_department,model.healthcare_analytics.vw_awv_by_department,models/healthcare/awv/vw_awv_by_department.sql,healthcare,incremental,True,False,7,"awv,superset,wellness",,False,1,8,protected,active,,,,,,
vw_awv_metrics,model.healthcare_analytics.vw_awv_metrics,models/healthcare/awv/vw_awv_metrics.sql,healthcare,table,True,False,14,"awv,metrics,superset,wellness",,False,4,7,protected,active,,,,,,
vw_awv_metrics_payor_alpha,model.healthcare_analytics.vw_awv_metrics_payor_alpha,models/healthcare/awv/vw_awv_metrics_payor_alpha.sql,healthcare,table,True,False,10,"awv,PAYOR_A,superset,wellness",,False,2,6,protected,candidate_consolidate,vw_awv_metrics,,,DEV-4540,B,
vw_awv_metrics_uhc,model.healthcare_analytics.vw_awv_metrics_uhc,models/healthcare/awv/vw_awv_metrics_uhc.sql,healthcare,table,True,False,10,"awv,superset,PAYOR_B,wellness",,False,2,6,protected,candidate_consolidate,vw_awv_metrics,,,DEV-4540,B,
vw_awv_monthly_trend,model.healthcare_analytics.vw_awv_monthly_trend,models/healthcare/awv/vw_awv_monthly_trend.sql,healthcare,table,True,False,5,"awv,superset,trend,wellness",,False,1,8,protected,active,,,,,,
vw_awv_patient_details,model.healthcare_analytics.vw_awv_patient_details,models/healthcare/awv/vw_awv_patient_details.sql,healthcare,incremental,True,False,12,"awv,patient_detail,superset,wellness",,False,2,11,protected,active,,,,,,
vw_awv_population_breakdown,model.healthcare_analytics.vw_awv_population_breakdown,models/healthcare/awv/vw_awv_population_breakdown.sql,healthcare,incremental,True,False,5,"awv,salesforce,superset,wellness",,False,2,6,protected,active,,,,,,
vw_cases_with_filters,model.healthcare_analytics.vw_cases_with_filters,models/healthcare/scheduling/vw_cases_with_filters.sql,healthcare,incremental,True,False,4,"capacity,cases,salesforce,scheduling,superset",,False,3,4,protected,active,,,,,,
vw_ai_outreach_awv_candidates,model.healthcare_analytics.vw_ai_outreach_awv_candidates,models/healthcare/ai_outreach/vw_ai_outreach_awv_candidates.sql,healthcare,table,True,False,22,"awv,ai_outreach,cube,outreach,prefect,BIPlatform",,False,1,5,protected,active,,,,,,
vw_ai_outreach_call_analysis,model.healthcare_analytics.vw_ai_outreach_call_analysis,models/healthcare/ai_outreach/vw_ai_outreach_call_analysis.sql,healthcare,incremental,True,True,25,"awv,ai_outreach,cube,hourly,outreach,BIPlatform",,False,2,1,protected,active,,,,,,
vw_ai_outreach_no_next_candidates,model.healthcare_analytics.vw_ai_outreach_no_next_candidates,models/healthcare/ai_outreach/vw_ai_outreach_no_next_candidates.sql,healthcare,incremental,True,True,18,"awv,ai_outreach,cube,no-next,outreach,prefect,BIPlatform",,False,2,5,protected,active,,,,,,
vw_ai_outreach_outreach,model.healthcare_analytics.vw_ai_outreach_outreach,models/healthcare/ai_outreach/vw_ai_outreach_outreach.sql,healthcare,incremental,True,True,55,"awv,ai_outreach,cube,hourly,outreach,BIPlatform",,False,2,6,protected,active,,,,,,
vw_dm_appointments_fact,model.healthcare_analytics.vw_dm_appointments_fact,models/healthcare/scheduling/vw_dm_appointments_fact.sql,healthcare,table,True,False,55,"capacity,scheduling,superset",,True,1,6,protected,active,,,,,,
vw_dm_scheduling_patient_visits,model.healthcare_analytics.vw_dm_scheduling_patient_visits,models/healthcare/scheduling/vw_dm_scheduling_patient_visits.sql,healthcare,incremental,True,False,34,"capacity,mdm,scheduling,superset",,False,4,2,protected,active,,,,,,
vw_empi_source_unified,model.healthcare_analytics.vw_empi_source_unified,models/healthcare/empi/vw_empi_source_unified.sql,healthcare,table,True,False,15,"empi,matching,mdm",,False,7,9,protected,active,,,,,,
vw_experian_cd_ineligible,model.healthcare_analytics.vw_experian_cd_ineligible,models/experian/vw_experian_cd_ineligible.sql,athenaone,table,True,False,18,"coverage_discovery,eligibility,experian",,False,1,3,protected,active,,,,,,
vw_experian_eligibility_response,model.healthcare_analytics.vw_experian_eligibility_response,models/experian/vw_experian_eligibility_response.sql,healthcare,incremental,True,False,5,"coverage_discovery,eligibility,experian",,False,2,1,protected,active,,,,,,
vw_hcc_assessment,model.healthcare_analytics.vw_hcc_assessment,models/healthcare/raf/capture/gold/vw_hcc_assessment.sql,healthcare,incremental,True,True,34,"cms_hcc,cube,gold,hcc,raf,risk_adjustment,BIPlatform",,False,4,10,protected,active,,,,,,
vw_hcc_coder_contribution,model.healthcare_analytics.vw_hcc_coder_contribution,models/healthcare/raf/capture/gold/vw_hcc_coder_contribution.sql,healthcare,incremental,True,True,28,"cms_hcc,cube,gold,hcc,raf,risk_adjustment,BIPlatform",,False,2,3,protected,active,,,,,,
vw_hcc_provider_contribution,model.healthcare_analytics.vw_hcc_provider_contribution,models/healthcare/raf/capture/gold/vw_hcc_provider_contribution.sql,healthcare,incremental,True,True,27,"cms_hcc,cube,gold,hcc,raf,risk_adjustment,BIPlatform",,False,2,3,protected,active,,,,,,
vw_heartwise_candidates,model.healthcare_analytics.vw_heartwise_candidates,models/healthcare/athena/vw_heartwise_candidates.sql,healthcare,incremental,True,False,7,"athena,ehr,heartwise,prefect-migration,salesforce-integration",,False,1,7,protected,active,,,,,,
vw_historical_attribution,model.healthcare_analytics.vw_historical_attribution,models/healthcare/empi/vw_historical_attribution.sql,healthcare,incremental,True,True,35,"attribution,cube,empi,matching,mdm,payor",,False,7,9,protected,active,,,,,,
vw_insurance_update_action_list,model.healthcare_analytics.vw_insurance_update_action_list,models/experian/vw_insurance_update_action_list.sql,healthcare,table,True,False,15,"coverage_detection,coverage_discovery,eligibility,experian,insurance",,False,1,5,protected,active,,,,,,
vw_mc_membership_enrollment,model.healthcare_analytics.vw_mc_membership_enrollment,models/healthcare/membership/vw_mc_membership_enrollment.sql,healthcare,incremental,True,False,8,"commercial,cube,export,marketing_cloud,membership,BIPlatform",,False,2,1,protected,active,,,,,,
vw_mddo_physician_appointments_with_cases,model.healthcare_analytics.vw_mddo_physician_appointments_with_cases,models/healthcare/mddo/vw_mddo_physician_appointments_with_cases.sql,healthcare,incremental,True,False,18,"cases,mddo,physician,superset",,False,2,5,protected,active,,,,,,
vw_medicare_attribution_rate,model.healthcare_analytics.vw_medicare_attribution_rate,models/healthcare/empi/vw_medicare_attribution_rate.sql,healthcare,table,False,False,3,"attribution,deprecated,empi,kpi,matching,mdm,medicare",,False,0,0,protected,soft_deprecated,,,2026-08-18,DEV-4538,A,
vw_membership_appointments,model.healthcare_analytics.vw_membership_appointments,models/healthcare/membership/vw_membership_appointments.sql,healthcare,incremental,True,True,42,"appointment,commercial,cube,membership,salesforce,BIPlatform",data_engineering,False,2,3,protected,active,,,,,,
vw_membership_patients,model.healthcare_analytics.vw_membership_patients,models/healthcare/membership/vw_membership_patients.sql,healthcare,incremental,True,True,91,"commercial,cube,hourly,membership,salesforce,superset,BIPlatform",data_engineering,False,11,13,protected,active,,,,,,
vw_midi_appointments,model.healthcare_analytics.vw_midi_appointments,models/healthcare/athena/vw_midi_appointments.sql,healthcare,incremental,True,False,7,"appointments,athena,ehr,intake,midi",,True,3,6,protected,active,,,,,,
vw_monthly_leakage_cohort,model.healthcare_analytics.vw_monthly_leakage_cohort,models/healthcare/retention/vw_monthly_leakage_cohort.sql,healthcare,incremental,True,True,12,"cohort,cube,leakage,retention",bi,False,4,1,protected,active,,,,,,
vw_no_next_validation,model.healthcare_analytics.vw_no_next_validation,models/healthcare/vw_no_next_validation.sql,healthcare,incremental,True,True,49,"cube,no_next,salesforce,BIPlatform",,True,3,5,protected,active,,,,,,
vw_npv_patient_recovery,model.healthcare_analytics.vw_npv_patient_recovery,models/healthcare/scheduling/vw_npv_patient_recovery.sql,healthcare,incremental,True,False,9,"capacity,npv,recovery,scheduling,superset",,False,2,1,protected,active,,,,,,
vw_off_cadence_eligibility,model.healthcare_analytics.vw_off_cadence_eligibility,models/healthcare/scheduling/vw_off_cadence_eligibility.sql,healthcare,view,True,False,15,"capacity,off_cadence,salesforce,scheduling,superset",,False,3,3,protected,active,,,,,,
vw_operating_review_appointments,model.healthcare_analytics.vw_operating_review_appointments,models/healthcare/scheduling/vw_operating_review_appointments.sql,healthcare,incremental,True,True,61,"capacity,cube,npv,operating_review,scheduling,superset",,False,18,12,protected,active,,,,,,
vw_operating_review_patients,model.healthcare_analytics.vw_operating_review_patients,models/healthcare/scheduling/vw_operating_review_patients.sql,healthcare,incremental,True,True,24,"capacity,cube,operating_review,scheduling,superset",,False,4,13,protected,active,,,,,,
vw_original_medicare_actionable,model.healthcare_analytics.vw_original_medicare_actionable,models/healthcare/empi/vw_original_medicare_actionable.sql,healthcare,incremental,True,False,5,"attribution,crm,empi,matching,mdm,salesforce,superset,wbr",,False,2,4,protected,active,,,,,,
vw_patient_adi,model.healthcare_analytics.vw_patient_adi,models/healthcare/sdoh/vw_patient_adi.sql,healthcare,table,True,False,1,"cube,ml_feature,sdoh,BIPlatform",,False,2,2,protected,active,,,,,,
vw_patient_chronic_acuity,model.healthcare_analytics.vw_patient_chronic_acuity,models/healthcare/scheduling/vw_patient_chronic_acuity.sql,healthcare,table,True,False,1,"capacity,cube,ml_feature,retier,scheduling,superset,BIPlatform",,False,2,2,protected,active,,,,,,
vw_patient_clinic_distances,model.healthcare_analytics.vw_patient_clinic_distances,models/healthcare/scheduling/vw_patient_clinic_distances.sql,healthcare,view,True,False,2,"capacity,cube,ml_feature,retier,scheduling,superset,BIPlatform",,False,3,0,protected,active,,,,,,
vw_patient_communication_features,model.healthcare_analytics.vw_patient_communication_features,models/healthcare/scheduling/vw_patient_communication_features.sql,healthcare,view,True,False,2,"capacity,cube,ml_feature,retier,scheduling,superset,BIPlatform",,False,3,0,protected,active,,,,,,
vw_patient_engagement_history,model.healthcare_analytics.vw_patient_engagement_history,models/healthcare/scheduling/vw_patient_engagement_history.sql,healthcare,table,True,False,3,"capacity,cube,ml_feature,retier,scheduling,superset,BIPlatform",,False,4,3,protected,active,,,,,,
vw_patient_prior_hospitalization,model.healthcare_analytics.vw_patient_prior_hospitalization,models/healthcare/scheduling/vw_patient_prior_hospitalization.sql,healthcare,table,True,False,1,"capacity,cube,ml_feature,retier,scheduling,superset,BIPlatform",,False,2,1,protected,active,,,,,,
vw_patient_timeline,model.healthcare_analytics.vw_patient_timeline,models/healthcare/empi/vw_patient_timeline.sql,healthcare,table,True,False,12,"attribution,empi,matching,mdm",,True,4,1,protected,active,,,,,,
vw_physician_appointments,model.healthcare_analytics.vw_physician_appointments,models/healthcare/athena/vw_physician_appointments.sql,healthcare,incremental,True,False,13,"appointments,athena,ehr,superset",,False,2,9,protected,active,,,,,,
vw_physician_capacity,model.healthcare_analytics.vw_physician_capacity,models/healthcare/scheduling/vw_physician_capacity.sql,healthcare,incremental,True,False,19,"capacity,physician,scheduling,superset",,False,7,3,protected,active,,,,,,
vw_provider_capacity,model.healthcare_analytics.vw_provider_capacity,models/healthcare/scheduling/vw_provider_capacity.sql,healthcare,incremental,True,False,0,"capacity,scheduling,superset",,False,6,3,protected,active,,,,,,
vw_provider_departure_tracker,model.healthcare_analytics.vw_provider_departure_tracker,models/healthcare/vw_provider_departure_tracker.sql,healthcare,incremental,True,True,9,"athena,cube,salesforce,BIPlatform",,False,4,3,protected,active,,,,,,
vw_provider_nps_salesforce,model.healthcare_analytics.vw_provider_nps_salesforce,models/healthcare/nps/vw_provider_nps_salesforce.sql,healthcare,incremental,True,False,15,"ai,nps,superset,survey",,False,5,3,protected,active,,,,,,
vw_referral_management,model.healthcare_analytics.vw_referral_management,models/healthcare/athena/vw_referral_management.sql,healthcare,incremental,True,False,14,"athena,ehr,prefect-migration,referral,salesforce-integration",,False,1,7,protected,active,,,,,,
vw_rn_assignee_normalize,model.healthcare_analytics.vw_rn_assignee_normalize,models/healthcare/rn_inbox/vw_rn_assignee_normalize.sql,healthcare,view,True,False,1,"nursing,rn_inbox",,False,5,4,protected,active,,,,,,
vw_rn_productivity_daily,model.healthcare_analytics.vw_rn_productivity_daily,models/healthcare/rn_inbox/vw_rn_productivity_daily.sql,healthcare,view,True,False,2,"nursing,report,rn_inbox",,False,1,4,protected,active,,,,,,
vw_scheduling_cases_qa,model.healthcare_analytics.vw_scheduling_cases_qa,models/healthcare/scheduling/vw_scheduling_cases_qa.sql,healthcare,incremental,True,False,3,"capacity,qa,salesforce,scheduling,superset",,False,2,2,protected,active,,,,,,
vw_tcm_dashboard,model.healthcare_analytics.vw_tcm_dashboard,models/healthcare/tcm/vw_tcm_dashboard.sql,healthcare,incremental,True,False,17,"care_management,dashboard,superset,tcm",,False,8,1,protected,active,,,,,,
vw_tcm_dashboard_daily,model.healthcare_analytics.vw_tcm_dashboard_daily,models/healthcare/tcm/vw_tcm_dashboard_daily.sql,healthcare,incremental,True,False,9,"care_management,daily,superset,tcm",,False,6,1,protected,active,,,,,,
vw_visit_type_cancellation_outcome,model.healthcare_analytics.vw_visit_type_cancellation_outcome,models/healthcare/retention/vw_visit_type_cancellation_outcome.sql,healthcare,incremental,True,True,10,"cohort,cube,leakage,retention",bi,False,3,2,protected,active,,,,,,
vw_wbr_physician_visits_completed,model.healthcare_analytics.vw_wbr_physician_visits_completed,models/healthcare/wbr/vw_wbr_physician_visits_completed.sql,healthcare,incremental,True,False,8,"superset,wbr,weekly_business_review",,False,2,3,protected,candidate_fix,,,,DEV-4538,A,
vw_wbr_physician_visits_scheduled,model.healthcare_analytics.vw_wbr_physician_visits_scheduled,models/healthcare/wbr/vw_wbr_physician_visits_scheduled.sql,healthcare,incremental,True,False,8,"superset,wbr,weekly_business_review",,False,2,3,protected,candidate_fix,,,,DEV-4538,A,
wellness_visits,model.healthcare_analytics.wellness_visits,models/facts/wellness_visits.sql,healthcare,incremental,True,True,14,"awv,cube,fact,wellness,BIPlatform",,False,3,1,protected,active,,,,,,
