metric_name,dimension,label
acceptance_rate,department,Department
acceptance_rate,documentation_strength,Documentation Strength
acceptance_rate,hcc_code,HCC Code
acceptance_rate,insurance_group,Insurance Group
acceptance_rate,market,Market
acceptance_rate,provider_name,Provider
acceptance_rate,suggestion_status,Status
accepted_count,department,Department
accepted_count,documentation_strength,Documentation Strength
accepted_count,hcc_code,HCC Code
accepted_count,insurance_group,Insurance Group
accepted_count,market,Market
accepted_count,provider_name,Provider
accepted_count,suggestion_status,Status
accepted_hcc_value,department,Department
accepted_hcc_value,documentation_strength,Documentation Strength
accepted_hcc_value,hcc_code,HCC Code
accepted_hcc_value,insurance_group,Insurance Group
accepted_hcc_value,market,Market
accepted_hcc_value,provider_name,Provider
accepted_hcc_value,suggestion_status,Status
actionable_suggestions,department,Department
actionable_suggestions,documentation_strength,Documentation Strength
actionable_suggestions,hcc_code,HCC Code
actionable_suggestions,insurance_group,Insurance Group
actionable_suggestions,market,Market
actionable_suggestions,provider_name,Provider
actionable_suggestions,suggestion_status,Status
activation_rate,account_status,Account Status
activation_rate,clinic,Clinic
activation_rate,enrollment_status,Enrollment Status
activation_rate,membership_membership_status,Membership Status
activation_rate,lead_source,Lead Source
activation_rate,member_category,Member Category
activation_rate,member_journey_stage,Member Journey Stage
activation_rate,member_type,Member Type
activation_rate,membership_attribution,Membership Attribution
activation_rate,patient_status,Patient Status
activation_rate,payment_status,Payment Status
activation_rate,primary_payor,Primary Payor
activation_rate,risk_tier,Risk Tier
activation_rate,utm_campaign,UTM Campaign
activation_rate,utm_medium,UTM Medium
activation_rate,utm_source,UTM Source
active_member_count,account_status,Account Status
active_member_count,clinic,Clinic
active_member_count,enrollment_status,Enrollment Status
active_member_count,membership_membership_status,Membership Status
active_member_count,lead_source,Lead Source
active_member_count,member_category,Member Category
active_member_count,member_journey_stage,Member Journey Stage
active_member_count,member_type,Member Type
active_member_count,membership_attribution,Membership Attribution
active_member_count,patient_status,Patient Status
active_member_count,payment_status,Payment Status
active_member_count,primary_payor,Primary Payor
active_member_count,risk_tier,Risk Tier
active_member_count,utm_campaign,UTM Campaign
active_member_count,utm_medium,UTM Medium
active_member_count,utm_source,UTM Source
active_members,account_status,Account Status
active_members,clinic,Clinic
active_members,enrollment_status,Enrollment Status
active_members,membership_membership_status,Membership Status
active_members,lead_source,Lead Source
active_members,member_category,Member Category
active_members,member_journey_stage,Member Journey Stage
active_members,member_type,Member Type
active_members,membership_attribution,Membership Attribution
active_members,patient_status,Patient Status
active_members,payment_status,Payment Status
active_members,primary_payor,Primary Payor
active_members,risk_tier,Risk Tier
active_members,utm_campaign,UTM Campaign
active_members,utm_medium,UTM Medium
active_members,utm_source,UTM Source
active_members_raw,account_status,Account Status
active_members_raw,clinic,Clinic
active_members_raw,enrollment_status,Enrollment Status
active_members_raw,membership_membership_status,Membership Status
active_members_raw,lead_source,Lead Source
active_members_raw,member_category,Member Category
active_members_raw,member_journey_stage,Member Journey Stage
active_members_raw,member_type,Member Type
active_members_raw,membership_attribution,Membership Attribution
active_members_raw,patient_status,Patient Status
active_members_raw,payment_status,Payment Status
active_members_raw,primary_payor,Primary Payor
active_members_raw,risk_tier,Risk Tier
active_members_raw,utm_campaign,UTM Campaign
active_members_raw,utm_medium,UTM Medium
active_members_raw,utm_source,UTM Source
active_patient_count,clinic,Clinic
active_patient_count,is_active_member,Is Active Member
active_patient_count,is_attributed,Attributed?
active_patient_count,is_grandmothered_member,Is Grandmothered Member
active_patient_count,is_membership_patient,Membership Patient
active_patient_count,is_paying_member,Is Paying Member
active_patient_count,member_category,Member Category
active_patient_count,membership_enrollment,Membership Enrollment
active_patient_count,membership_plan_type,Plan Type
active_patient_count,patient_status,Patient Status
active_patient_count,payment_status,Payment Status
active_patient_count,primary_insurance,Primary Insurance
active_patient_count,primary_payor,Primary Payor
active_patient_count,risk_tier,Risk Tier
active_patients,attribution_status,Attribution Status
active_patients,clinic,Clinic
active_patients,is_active_patient,Active Patient?
active_patients,membership_enrollment,Membership Enrollment
active_patients,patient_status,Patient Status
active_patients,payor_category,Payor Category
active_patients,primary_payor,Primary Payor
active_patients,provider_id,Primary Provider ID
active_patients,provider_name,Primary Provider
active_patients,risk_tier,Risk Tier
admitted_not_discharged,adt_closed_reason,ADT Closed Reason
admitted_not_discharged,adt_disposition,ADT Disposition
admitted_not_discharged,case_status,Case Status
admitted_not_discharged,clinic,Clinic
admitted_not_discharged,exclusion_reason,Exclusion Reason
admitted_not_discharged,hospital,Hospital
admitted_not_discharged,is_excluded,Excluded?
analytics_awv_completed_ytd,analytics_awv_ytd_status,AWV YTD Status
analytics_awv_completed_ytd,attributed_payor,Attributed Payor
analytics_awv_completed_ytd,attribution_status,Attribution Status
analytics_awv_completed_ytd,awv_eligibility_source,AWV Eligibility Source
analytics_awv_completed_ytd,clinic,Clinic
analytics_awv_completed_ytd,is_active_patient,Active Patient?
analytics_awv_completed_ytd,is_analytics_awv_eligible,AWV Eligible?
analytics_awv_completed_ytd,medicare_category,Medicare Category
analytics_awv_completed_ytd,primary_payor,Primary Payor
analytics_awv_completed_ytd,primary_product_type,Primary Product Type
analytics_awv_completed_ytd,provider_id,Primary Provider ID
analytics_awv_completed_ytd,provider_name,Primary Provider
analytics_awv_completed_ytd,sf_mddo_status,SF MDDO Status
analytics_awv_eligible,analytics_awv_ytd_status,AWV YTD Status
analytics_awv_eligible,attributed_payor,Attributed Payor
analytics_awv_eligible,attribution_status,Attribution Status
analytics_awv_eligible,awv_eligibility_source,AWV Eligibility Source
analytics_awv_eligible,clinic,Clinic
analytics_awv_eligible,is_active_patient,Active Patient?
analytics_awv_eligible,is_analytics_awv_eligible,AWV Eligible?
analytics_awv_eligible,medicare_category,Medicare Category
analytics_awv_eligible,primary_payor,Primary Payor
analytics_awv_eligible,primary_product_type,Primary Product Type
analytics_awv_eligible,provider_id,Primary Provider ID
analytics_awv_eligible,provider_name,Primary Provider
analytics_awv_eligible,sf_mddo_status,SF MDDO Status
analytics_awv_gap,analytics_awv_ytd_status,AWV YTD Status
analytics_awv_gap,attributed_payor,Attributed Payor
analytics_awv_gap,attribution_status,Attribution Status
analytics_awv_gap,awv_eligibility_source,AWV Eligibility Source
analytics_awv_gap,clinic,Clinic
analytics_awv_gap,is_active_patient,Active Patient?
analytics_awv_gap,is_analytics_awv_eligible,AWV Eligible?
analytics_awv_gap,medicare_category,Medicare Category
analytics_awv_gap,primary_payor,Primary Payor
analytics_awv_gap,primary_product_type,Primary Product Type
analytics_awv_gap,provider_id,Primary Provider ID
analytics_awv_gap,provider_name,Primary Provider
analytics_awv_gap,sf_mddo_status,SF MDDO Status
analytics_awv_scheduled,analytics_awv_ytd_status,AWV YTD Status
analytics_awv_scheduled,attributed_payor,Attributed Payor
analytics_awv_scheduled,attribution_status,Attribution Status
analytics_awv_scheduled,awv_eligibility_source,AWV Eligibility Source
analytics_awv_scheduled,clinic,Clinic
analytics_awv_scheduled,is_active_patient,Active Patient?
analytics_awv_scheduled,is_analytics_awv_eligible,AWV Eligible?
analytics_awv_scheduled,medicare_category,Medicare Category
analytics_awv_scheduled,primary_payor,Primary Payor
analytics_awv_scheduled,primary_product_type,Primary Product Type
analytics_awv_scheduled,provider_id,Primary Provider ID
analytics_awv_scheduled,provider_name,Primary Provider
analytics_awv_scheduled,sf_mddo_status,SF MDDO Status
assessed_count,department,Department
assessed_count,documentation_strength,Documentation Strength
assessed_count,hcc_code,HCC Code
assessed_count,insurance_group,Insurance Group
assessed_count,market,Market
assessed_count,provider_name,Provider
assessed_count,suggestion_status,Status
assessment_rate,department,Department
assessment_rate,documentation_strength,Documentation Strength
assessment_rate,hcc_code,HCC Code
assessment_rate,insurance_group,Insurance Group
assessment_rate,market,Market
assessment_rate,provider_name,Provider
assessment_rate,suggestion_status,Status
attributed_at_risk,is_currently_on_roster,On Roster?
attributed_at_risk,is_truly_lost,Truly Lost?
attributed_at_risk,is_voluntary,Voluntary Attributed?
attributed_at_risk,mdm_payor_brand,MDM Payor Brand
attributed_at_risk,mdm_payor_category,MDM Payor Category
attributed_at_risk,off_cadence_active,Off Cadence?
attributed_at_risk,operational_segment,Operational Segment
attributed_at_risk,population_segment,Population Segment
attributed_at_risk,preferred_clinic,Clinic
attributed_at_risk,primary_attributed_payor,Primary Attributed Payor
attributed_engaged,is_currently_on_roster,On Roster?
attributed_engaged,is_truly_lost,Truly Lost?
attributed_engaged,is_voluntary,Voluntary Attributed?
attributed_engaged,mdm_payor_brand,MDM Payor Brand
attributed_engaged,mdm_payor_category,MDM Payor Category
attributed_engaged,off_cadence_active,Off Cadence?
attributed_engaged,operational_segment,Operational Segment
attributed_engaged,population_segment,Population Segment
attributed_engaged,preferred_clinic,Clinic
attributed_engaged,primary_attributed_payor,Primary Attributed Payor
attributed_needs_work,is_currently_on_roster,On Roster?
attributed_needs_work,is_truly_lost,Truly Lost?
attributed_needs_work,is_voluntary,Voluntary Attributed?
attributed_needs_work,mdm_payor_brand,MDM Payor Brand
attributed_needs_work,mdm_payor_category,MDM Payor Category
attributed_needs_work,off_cadence_active,Off Cadence?
attributed_needs_work,operational_segment,Operational Segment
attributed_needs_work,population_segment,Population Segment
attributed_needs_work,preferred_clinic,Clinic
attributed_needs_work,primary_attributed_payor,Primary Attributed Payor
attributed_patient_count,clinic,Clinic
attributed_patient_count,is_active_member,Is Active Member
attributed_patient_count,is_attributed,Attributed?
attributed_patient_count,is_grandmothered_member,Is Grandmothered Member
attributed_patient_count,is_membership_patient,Membership Patient
attributed_patient_count,is_paying_member,Is Paying Member
attributed_patient_count,member_category,Member Category
attributed_patient_count,membership_enrollment,Membership Enrollment
attributed_patient_count,membership_plan_type,Plan Type
attributed_patient_count,patient_status,Patient Status
attributed_patient_count,payment_status,Payment Status
attributed_patient_count,primary_insurance,Primary Insurance
attributed_patient_count,primary_payor,Primary Payor
attributed_patient_count,risk_tier,Risk Tier
attributed_patients,attribution_status,Attribution Status
attributed_patients,clinic,Clinic
attributed_patients,is_active_patient,Active Patient?
attributed_patients,membership_enrollment,Membership Enrollment
attributed_patients,patient_status,Patient Status
attributed_patients,payor_category,Payor Category
attributed_patients,primary_payor,Primary Payor
attributed_patients,risk_tier,Risk Tier
attribution_unique_patients,attributed_payor,Attributed Payor
attribution_unique_patients,insurance_change_reason,Insurance Change Reason
attribution_unique_patients,is_current_attribution,Current?
attribution_unique_patients,movement_event,Movement Event
attribution_unique_patients,preferred_clinic,Clinic
attribution_unique_patients,year_month,Year-Month
attribution_active_patients,attributed_payor,Attributed Payor
attribution_active_patients,insurance_change_reason,Insurance Change Reason
attribution_active_patients,is_current_attribution,Current?
attribution_active_patients,movement_event,Movement Event
attribution_active_patients,preferred_clinic,Clinic
attribution_active_patients,year_month,Year-Month
attribution_rate,attributed_payor,Attributed Payor
attribution_rate,clinic_name,Clinic
attribution_rate,clinic_type,Clinic Type
attribution_rate,is_bh_no_next,Is BH No-Next
attribution_rate,is_no_next,Is No-Next
attribution_rate,is_pending_awv,Is Pending AWV
attribution_rate,is_pending_mddo,Is Pending MDDO
attribution_rate,patient_status,Patient Status
attribution_rate,payor_category,Payor Category
attribution_rate,primary_insurance,Primary Insurance
attribution_rate,scheduling_status,Scheduling Status
attribution_rate,tier,Tier
attrition_count,account_status,Account Status
attrition_count,clinic,Clinic
attrition_count,enrollment_status,Enrollment Status
attrition_count,membership_membership_status,Membership Status
attrition_count,lead_source,Lead Source
attrition_count,member_category,Member Category
attrition_count,member_journey_stage,Member Journey Stage
attrition_count,member_type,Member Type
attrition_count,membership_attribution,Membership Attribution
attrition_count,patient_status,Patient Status
attrition_count,payment_status,Payment Status
attrition_count,primary_payor,Primary Payor
attrition_count,risk_tier,Risk Tier
attrition_count,utm_campaign,UTM Campaign
attrition_count,utm_medium,UTM Medium
attrition_count,utm_source,UTM Source
attrition_rate,account_status,Account Status
attrition_rate,clinic,Clinic
attrition_rate,enrollment_status,Enrollment Status
attrition_rate,membership_membership_status,Membership Status
attrition_rate,lead_source,Lead Source
attrition_rate,member_category,Member Category
attrition_rate,member_journey_stage,Member Journey Stage
attrition_rate,member_type,Member Type
attrition_rate,membership_attribution,Membership Attribution
attrition_rate,patient_status,Patient Status
attrition_rate,payment_status,Payment Status
attrition_rate,primary_payor,Primary Payor
attrition_rate,risk_tier,Risk Tier
attrition_rate,utm_campaign,UTM Campaign
attrition_rate,utm_medium,UTM Medium
attrition_rate,utm_source,UTM Source
avg_acceptance_rate,department,Department
avg_acceptance_rate,insurance_group,Insurance Group
avg_acceptance_rate,is_reviewed_by_provider,Reviewed?
avg_acceptance_rate,is_scrubbed,Scrubbed?
avg_acceptance_rate,provider_name,Provider
avg_age,clinic,Clinic
avg_age,enrollment_status,Enrollment Status
avg_age,membership_membership_status,Membership Status
avg_age,is_active_member,Is Active Member
avg_age,is_attributed,Attributed?
avg_age,is_grandmothered_member,Is Grandmothered Member
avg_age,is_membership_patient,Membership Patient
avg_age,is_paying_member,Is Paying Member
avg_age,member_category,Member Category
avg_age,membership_enrollment,Membership Enrollment
avg_age,membership_plan_type,Plan Type
avg_age,patient_status,Patient Status
avg_age,payment_status,Payment Status
avg_age,primary_insurance,Primary Insurance
avg_age,primary_payor,Primary Payor
avg_age,risk_tier,Risk Tier
avg_awv_rate,assigned_clinic,Assigned Clinic
avg_awv_rate,awv_tier,AWV Tier
avg_awv_rate,clinic_standardized,Clinic
avg_awv_rate,hcc_tier,HCC Tier
avg_awv_rate,is_bonus_eligible,Bonus Eligible
avg_awv_rate,next_visit_tier,Next Visit Tier
avg_awv_rate,nps_tier,NPS Tier
avg_awv_rate,provider_name,Provider
avg_awv_rate,provider_type,Provider Type
avg_awv_rate,quality_tier,Quality Tier
avg_bonus_amount,assigned_clinic,Assigned Clinic
avg_bonus_amount,awv_tier,AWV Tier
avg_bonus_amount,clinic_standardized,Clinic
avg_bonus_amount,hcc_tier,HCC Tier
avg_bonus_amount,is_bonus_eligible,Bonus Eligible
avg_bonus_amount,next_visit_tier,Next Visit Tier
avg_bonus_amount,nps_tier,NPS Tier
avg_bonus_amount,provider_name,Provider
avg_bonus_amount,provider_type,Provider Type
avg_bonus_amount,quality_tier,Quality Tier
avg_call_duration,attempt_number,Attempt Number
avg_call_duration,call_outcome,Call Outcome
avg_call_duration,campaign_name,Campaign
avg_call_duration,clinic,Clinic
avg_call_duration,failure_category,Failure Category
avg_call_duration,is_escalated_or_negative,Escalated or Negative?
avg_call_duration,outreach_outcome,Outreach Outcome
avg_call_duration,primary_care_provider,Primary Care Provider
avg_call_duration,primary_payor,Primary Payor
avg_call_duration,sentiment,Sentiment
avg_cocm_minutes,bh_program_status,BH Program Status
avg_cocm_minutes,bh_provider,BH Provider
avg_cocm_minutes,bh_tier,BH Tier
avg_cocm_minutes,clinic,Clinic
avg_cocm_minutes,has_bh_care_plan,Has BH Care Plan
avg_cocm_minutes,has_next_bh_appointment,Has Next BH Appointment
avg_cocm_minutes,patient_tier,Patient Tier
avg_cocm_minutes,pcp_name,PCP
avg_cocm_minutes,program_name,Program
avg_coder_acceptance_rate,coder_name,Coder
avg_coder_acceptance_rate,department,Department
avg_coder_acceptance_rate,is_reviewed_by_coder,Reviewed by Coder?
avg_coder_acceptance_rate,provider_name,Provider
avg_composite_payout,assigned_clinic,Assigned Clinic
avg_composite_payout,awv_tier,AWV Tier
avg_composite_payout,clinic_standardized,Clinic
avg_composite_payout,hcc_tier,HCC Tier
avg_composite_payout,is_bonus_eligible,Bonus Eligible
avg_composite_payout,next_visit_tier,Next Visit Tier
avg_composite_payout,nps_tier,NPS Tier
avg_composite_payout,provider_name,Provider
avg_composite_payout,provider_type,Provider Type
avg_composite_payout,quality_tier,Quality Tier
avg_data_quality_score,attribution_status,Attribution Status
avg_data_quality_score,clinic,Clinic
avg_data_quality_score,is_active_patient,Active Patient?
avg_data_quality_score,membership_enrollment,Membership Enrollment
avg_data_quality_score,primary_payor,Primary Payor
avg_data_quality_score,risk_tier,Risk Tier
avg_days_since_outreach,attempt_number,Attempt Number
avg_days_since_outreach,call_outcome,Call Outcome
avg_days_since_outreach,campaign_name,Campaign
avg_days_since_outreach,clinic,Clinic
avg_days_since_outreach,failure_category,Failure Category
avg_days_since_outreach,is_escalated_or_negative,Escalated or Negative?
avg_days_since_outreach,outreach_outcome,Outreach Outcome
avg_days_since_outreach,primary_care_provider,Primary Care Provider
avg_days_since_outreach,primary_payor,Primary Payor
avg_days_since_outreach,sentiment,Sentiment
avg_days_since_visit,account_status,Account Status
avg_days_since_visit,aging_bucket,Aging Bucket
avg_days_since_visit,clinic,Clinic
avg_days_since_visit,off_cadence_flag,Off Cadence
avg_days_since_visit,primary_care_provider,PCP
avg_days_since_visit,primary_payor,Primary Payor
avg_days_since_visit,risk_tier,Risk Tier
avg_days_since_visit,workflow_stage,Workflow Stage
avg_days_to_toc,adt_closed_reason,ADT Closed Reason
avg_days_to_toc,adt_disposition,ADT Disposition
avg_days_to_toc,case_status,Case Status
avg_days_to_toc,clinic,Clinic
avg_days_to_toc,exclusion_reason,Exclusion Reason
avg_days_to_toc,hospital,Hospital
avg_days_to_toc,is_excluded,Excluded?
avg_effort_gap,is_currently_on_roster,On Roster?
avg_effort_gap,is_truly_lost,Truly Lost?
avg_effort_gap,is_voluntary,Voluntary Attributed?
avg_effort_gap,mdm_payor_brand,MDM Payor Brand
avg_effort_gap,mdm_payor_category,MDM Payor Category
avg_effort_gap,off_cadence_active,Off Cadence?
avg_effort_gap,operational_segment,Operational Segment
avg_effort_gap,population_segment,Population Segment
avg_effort_gap,preferred_clinic,Clinic
avg_effort_gap,primary_attributed_payor,Primary Attributed Payor
avg_effort_score,is_currently_on_roster,On Roster?
avg_effort_score,is_truly_lost,Truly Lost?
avg_effort_score,is_voluntary,Voluntary Attributed?
avg_effort_score,mdm_payor_brand,MDM Payor Brand
avg_effort_score,mdm_payor_category,MDM Payor Category
avg_effort_score,off_cadence_active,Off Cadence?
avg_effort_score,operational_segment,Operational Segment
avg_effort_score,population_segment,Population Segment
avg_effort_score,preferred_clinic,Clinic
avg_effort_score,primary_attributed_payor,Primary Attributed Payor
avg_gad_latest,bh_program_status,BH Program Status
avg_gad_latest,bh_provider,BH Provider
avg_gad_latest,bh_tier,BH Tier
avg_gad_latest,clinic,Clinic
avg_gad_latest,has_bh_care_plan,Has BH Care Plan
avg_gad_latest,has_next_bh_appointment,Has Next BH Appointment
avg_gad_latest,patient_tier,Patient Tier
avg_gad_latest,pcp_name,PCP
avg_gad_latest,program_name,Program
avg_hcc_rate,assigned_clinic,Assigned Clinic
avg_hcc_rate,awv_tier,AWV Tier
avg_hcc_rate,clinic_standardized,Clinic
avg_hcc_rate,hcc_tier,HCC Tier
avg_hcc_rate,is_bonus_eligible,Bonus Eligible
avg_hcc_rate,next_visit_tier,Next Visit Tier
avg_hcc_rate,nps_tier,NPS Tier
avg_hcc_rate,provider_name,Provider
avg_hcc_rate,provider_type,Provider Type
avg_hcc_rate,quality_tier,Quality Tier
avg_length_of_stay,adt_closed_reason,ADT Closed Reason
avg_length_of_stay,adt_disposition,ADT Disposition
avg_length_of_stay,case_status,Case Status
avg_length_of_stay,clinic,Clinic
avg_length_of_stay,exclusion_reason,Exclusion Reason
avg_length_of_stay,hospital,Hospital
avg_length_of_stay,is_excluded,Excluded?
avg_next_visit_rate,assigned_clinic,Assigned Clinic
avg_next_visit_rate,awv_tier,AWV Tier
avg_next_visit_rate,clinic_standardized,Clinic
avg_next_visit_rate,hcc_tier,HCC Tier
avg_next_visit_rate,is_bonus_eligible,Bonus Eligible
avg_next_visit_rate,next_visit_tier,Next Visit Tier
avg_next_visit_rate,nps_tier,NPS Tier
avg_next_visit_rate,provider_name,Provider
avg_next_visit_rate,provider_type,Provider Type
avg_next_visit_rate,quality_tier,Quality Tier
avg_nps_rating,clinic_name,Clinic Name
avg_nps_rating,insurance_category,Insurance Category
avg_nps_rating,last_appointment_type,Last Appointment Type
avg_nps_rating,measure_code,Measure Code
avg_nps_rating,metric_type,Metric Type
avg_nps_rating,next_appointment_type,Next Appointment Type
avg_nps_rating,nps_category,NPS Category
avg_nps_rating,provider_name,Provider Name
avg_nps_score,assigned_clinic,Assigned Clinic
avg_nps_score,awv_tier,AWV Tier
avg_nps_score,clinic_standardized,Clinic
avg_nps_score,hcc_tier,HCC Tier
avg_nps_score,is_bonus_eligible,Bonus Eligible
avg_nps_score,next_visit_tier,Next Visit Tier
avg_nps_score,nps_tier,NPS Tier
avg_nps_score,provider_name,Provider
avg_nps_score,provider_type,Provider Type
avg_nps_score,quality_tier,Quality Tier
avg_phq_latest,bh_program_status,BH Program Status
avg_phq_latest,bh_provider,BH Provider
avg_phq_latest,bh_tier,BH Tier
avg_phq_latest,clinic,Clinic
avg_phq_latest,has_bh_care_plan,Has BH Care Plan
avg_phq_latest,has_next_bh_appointment,Has Next BH Appointment
avg_phq_latest,patient_tier,Patient Tier
avg_phq_latest,pcp_name,PCP
avg_phq_latest,program_name,Program
avg_productivity_multiplier,assigned_clinic,Assigned Clinic
avg_productivity_multiplier,awv_tier,AWV Tier
avg_productivity_multiplier,clinic_standardized,Clinic
avg_productivity_multiplier,hcc_tier,HCC Tier
avg_productivity_multiplier,is_bonus_eligible,Bonus Eligible
avg_productivity_multiplier,next_visit_tier,Next Visit Tier
avg_productivity_multiplier,nps_tier,NPS Tier
avg_productivity_multiplier,provider_name,Provider
avg_productivity_multiplier,provider_type,Provider Type
avg_productivity_multiplier,quality_tier,Quality Tier
avg_provider_satisfaction,appointment_type,Appointment Type
avg_provider_satisfaction,clinic_name,Clinic Name
avg_provider_satisfaction,enterprise_id,Enterprise ID
avg_provider_satisfaction,golden_id,Golden ID
avg_provider_satisfaction,nps_category,NPS Category
avg_provider_satisfaction,provider_name,Provider Name
avg_provider_satisfaction,salesforce_id,Salesforce ID
avg_provider_satisfaction,sentiment,Sentiment
avg_quality_score,assigned_clinic,Assigned Clinic
avg_quality_score,awv_tier,AWV Tier
avg_quality_score,clinic_standardized,Clinic
avg_quality_score,hcc_tier,HCC Tier
avg_quality_score,is_bonus_eligible,Bonus Eligible
avg_quality_score,next_visit_tier,Next Visit Tier
avg_quality_score,nps_tier,NPS Tier
avg_quality_score,provider_name,Provider
avg_quality_score,provider_type,Provider Type
avg_quality_score,quality_tier,Quality Tier
avg_recommend_score,appointment_type,Appointment Type
avg_recommend_score,clinic_name,Clinic Name
avg_recommend_score,enterprise_id,Enterprise ID
avg_recommend_score,golden_id,Golden ID
avg_recommend_score,nps_category,NPS Category
avg_recommend_score,provider_name,Provider Name
avg_recommend_score,salesforce_id,Salesforce ID
avg_recommend_score,sentiment,Sentiment
avg_satisfaction,appointment_type,Appointment Type
avg_satisfaction,clinic_name,Clinic Name
avg_satisfaction,enterprise_id,Enterprise ID
avg_satisfaction,golden_id,Golden ID
avg_satisfaction,nps_category,NPS Category
avg_satisfaction,provider_name,Provider Name
avg_satisfaction,salesforce_id,Salesforce ID
avg_satisfaction,sentiment,Sentiment
avg_success_score,is_currently_on_roster,On Roster?
avg_success_score,is_truly_lost,Truly Lost?
avg_success_score,is_voluntary,Voluntary Attributed?
avg_success_score,mdm_payor_brand,MDM Payor Brand
avg_success_score,mdm_payor_category,MDM Payor Category
avg_success_score,off_cadence_active,Off Cadence?
avg_success_score,operational_segment,Operational Segment
avg_success_score,population_segment,Population Segment
avg_success_score,preferred_clinic,Clinic
avg_success_score,primary_attributed_payor,Primary Attributed Payor
avg_suggestions_per_visit,department,Department
avg_suggestions_per_visit,insurance_group,Insurance Group
avg_suggestions_per_visit,is_reviewed_by_provider,Reviewed?
avg_suggestions_per_visit,is_scrubbed,Scrubbed?
avg_suggestions_per_visit,provider_name,Provider
avg_tenure_months,attributed_payor,Attributed Payor
avg_tenure_months,insurance_change_reason,Insurance Change Reason
avg_tenure_months,is_current_attribution,Current?
avg_tenure_months,movement_event,Movement Event
avg_tenure_months,preferred_clinic,Clinic
avg_tenure_months,year_month,Year-Month
awv_actionable_count,attribution_status,Attribution Status
awv_actionable_count,clinic,Clinic
awv_actionable_count,is_active_patient,Active Patient?
awv_actionable_count,membership_enrollment,Membership Enrollment
awv_actionable_count,primary_payor,Primary Payor
awv_actionable_count,risk_tier,Risk Tier
awv_completed,is_currently_on_roster,On Roster?
awv_completed,is_truly_lost,Truly Lost?
awv_completed,is_voluntary,Voluntary Attributed?
awv_completed,mdm_payor_brand,MDM Payor Brand
awv_completed,mdm_payor_category,MDM Payor Category
awv_completed,off_cadence_active,Off Cadence?
awv_completed,operational_segment,Operational Segment
awv_completed,population_segment,Population Segment
awv_completed,preferred_clinic,Clinic
awv_completed,primary_attributed_payor,Primary Attributed Payor
awv_completed_count,attribution_status,Attribution Status
awv_completed_count,clinic,Clinic
awv_completed_count,is_active_patient,Active Patient?
awv_completed_count,membership_enrollment,Membership Enrollment
awv_completed_count,primary_payor,Primary Payor
awv_completed_count,risk_tier,Risk Tier
awv_completion_rate_analytics,analytics_awv_ytd_status,AWV YTD Status
awv_completion_rate_analytics,attributed_payor,Attributed Payor
awv_completion_rate_analytics,attribution_status,Attribution Status
awv_completion_rate_analytics,awv_eligibility_source,AWV Eligibility Source
awv_completion_rate_analytics,clinic,Clinic
awv_completion_rate_analytics,is_active_patient,Active Patient?
awv_completion_rate_analytics,is_analytics_awv_eligible,AWV Eligible?
awv_completion_rate_analytics,medicare_category,Medicare Category
awv_completion_rate_analytics,primary_payor,Primary Payor
awv_completion_rate_analytics,primary_product_type,Primary Product Type
awv_completion_rate_analytics,provider_id,Primary Provider ID
awv_completion_rate_analytics,provider_name,Primary Provider
awv_completion_rate_analytics,sf_mddo_status,SF MDDO Status
awv_eligible,is_currently_on_roster,On Roster?
awv_eligible,is_truly_lost,Truly Lost?
awv_eligible,is_voluntary,Voluntary Attributed?
awv_eligible,mdm_payor_brand,MDM Payor Brand
awv_eligible,mdm_payor_category,MDM Payor Category
awv_eligible,off_cadence_active,Off Cadence?
awv_eligible,operational_segment,Operational Segment
awv_eligible,population_segment,Population Segment
awv_eligible,preferred_clinic,Clinic
awv_eligible,primary_attributed_payor,Primary Attributed Payor
awv_eligible_count,attribution_status,Attribution Status
awv_eligible_count,clinic,Clinic
awv_eligible_count,is_active_patient,Active Patient?
awv_eligible_count,membership_enrollment,Membership Enrollment
awv_eligible_count,primary_payor,Primary Payor
awv_eligible_count,risk_tier,Risk Tier
awv_gap_count,analytics_awv_ytd_status,AWV YTD Status
awv_gap_count,attributed_payor,Attributed Payor
awv_gap_count,attribution_status,Attribution Status
awv_gap_count,awv_eligibility_source,AWV Eligibility Source
awv_gap_count,clinic,Clinic
awv_gap_count,is_active_patient,Active Patient?
awv_gap_count,is_analytics_awv_eligible,AWV Eligible?
awv_gap_count,medicare_category,Medicare Category
awv_gap_count,primary_payor,Primary Payor
awv_gap_count,primary_product_type,Primary Product Type
awv_gap_count,provider_id,Primary Provider ID
awv_gap_count,provider_name,Primary Provider
awv_gap_count,sf_mddo_status,SF MDDO Status
awv_scheduled,is_currently_on_roster,On Roster?
awv_scheduled,is_truly_lost,Truly Lost?
awv_scheduled,is_voluntary,Voluntary Attributed?
awv_scheduled,mdm_payor_brand,MDM Payor Brand
awv_scheduled,mdm_payor_category,MDM Payor Category
awv_scheduled,off_cadence_active,Off Cadence?
awv_scheduled,operational_segment,Operational Segment
awv_scheduled,population_segment,Population Segment
awv_scheduled,preferred_clinic,Clinic
awv_scheduled,primary_attributed_payor,Primary Attributed Payor
awv_scheduled_count,attribution_status,Attribution Status
awv_scheduled_count,clinic,Clinic
awv_scheduled_count,is_active_patient,Active Patient?
awv_scheduled_count,membership_enrollment,Membership Enrollment
awv_scheduled_count,primary_payor,Primary Payor
awv_scheduled_count,risk_tier,Risk Tier
awv_scheduled_or_completed_rate,analytics_awv_ytd_status,AWV YTD Status
awv_scheduled_or_completed_rate,attributed_payor,Attributed Payor
awv_scheduled_or_completed_rate,attribution_status,Attribution Status
awv_scheduled_or_completed_rate,awv_eligibility_source,AWV Eligibility Source
awv_scheduled_or_completed_rate,clinic,Clinic
awv_scheduled_or_completed_rate,is_active_patient,Active Patient?
awv_scheduled_or_completed_rate,is_analytics_awv_eligible,AWV Eligible?
awv_scheduled_or_completed_rate,medicare_category,Medicare Category
awv_scheduled_or_completed_rate,primary_payor,Primary Payor
awv_scheduled_or_completed_rate,primary_product_type,Primary Product Type
awv_scheduled_or_completed_rate,provider_id,Primary Provider ID
awv_scheduled_or_completed_rate,provider_name,Primary Provider
awv_scheduled_or_completed_rate,sf_mddo_status,SF MDDO Status
bh_no_next_patients,attributed_payor,Attributed Payor
bh_no_next_patients,clinic_name,Clinic
bh_no_next_patients,clinic_type,Clinic Type
bh_no_next_patients,is_bh_no_next,Is BH No-Next
bh_no_next_patients,is_no_next,Is No-Next
bh_no_next_patients,is_pending_awv,Is Pending AWV
bh_no_next_patients,is_pending_mddo,Is Pending MDDO
bh_no_next_patients,patient_status,Patient Status
bh_no_next_patients,payor_category,Payor Category
bh_no_next_patients,primary_insurance,Primary Insurance
bh_no_next_patients,scheduling_status,Scheduling Status
bh_no_next_patients,tier,Tier
cadence_denominator,analytics_awv_ytd_status,AWV YTD Status
cadence_denominator,attributed_payor,Attributed Payor
cadence_denominator,attribution_status,Attribution Status
cadence_denominator,awv_eligibility_source,AWV Eligibility Source
cadence_denominator,clinic,Clinic
cadence_denominator,is_active_patient,Active Patient?
cadence_denominator,is_analytics_awv_eligible,AWV Eligible?
cadence_denominator,medicare_category,Medicare Category
cadence_denominator,primary_payor,Primary Payor
cadence_denominator,primary_product_type,Primary Product Type
cadence_denominator,provider_id,Primary Provider ID
cadence_denominator,provider_name,Primary Provider
cadence_denominator,sf_mddo_status,SF MDDO Status
call_within_2d_count,adt_closed_reason,ADT Closed Reason
call_within_2d_count,adt_disposition,ADT Disposition
call_within_2d_count,case_status,Case Status
call_within_2d_count,clinic,Clinic
call_within_2d_count,exclusion_reason,Exclusion Reason
call_within_2d_count,hospital,Hospital
call_within_2d_count,is_excluded,Excluded?
call_within_2d_pct,adt_closed_reason,ADT Closed Reason
call_within_2d_pct,adt_disposition,ADT Disposition
call_within_2d_pct,case_status,Case Status
call_within_2d_pct,clinic,Clinic
call_within_2d_pct,exclusion_reason,Exclusion Reason
call_within_2d_pct,hospital,Hospital
call_within_2d_pct,is_excluded,Excluded?
cancelled_npv,clinic_city,Clinic City
cancelled_npv,is_membership_patient,Is Membership Patient
cancelled_npv,npv_category,NPV Category
cancelled_npv,provider_group_id,Provider Group
cancelled_npv,service_location,Service Location
bh_no_show_rate,clinic,Clinic
bh_no_show_rate,is_telehealth,Telehealth?
bh_no_show_rate,bh_provider,BH Provider
cancelled_slots,clinic,Clinic
cancelled_slots,bh_provider,BH Provider
cancelled_slots,slot_category,Slot Category
case_awv_actionable,analytics_awv_ytd_status,AWV YTD Status
case_awv_actionable,attributed_payor,Attributed Payor
case_awv_actionable,attribution_status,Attribution Status
case_awv_actionable,awv_eligibility_source,AWV Eligibility Source
case_awv_actionable,clinic,Clinic
case_awv_actionable,is_active_patient,Active Patient?
case_awv_actionable,is_analytics_awv_eligible,AWV Eligible?
case_awv_actionable,medicare_category,Medicare Category
case_awv_actionable,primary_payor,Primary Payor
case_awv_actionable,primary_product_type,Primary Product Type
case_awv_actionable,provider_id,Primary Provider ID
case_awv_actionable,provider_name,Primary Provider
case_awv_actionable,sf_mddo_status,SF MDDO Status
case_mddo_actionable,analytics_awv_ytd_status,AWV YTD Status
case_mddo_actionable,attributed_payor,Attributed Payor
case_mddo_actionable,attribution_status,Attribution Status
case_mddo_actionable,awv_eligibility_source,AWV Eligibility Source
case_mddo_actionable,clinic,Clinic
case_mddo_actionable,is_active_patient,Active Patient?
case_mddo_actionable,is_analytics_awv_eligible,AWV Eligible?
case_mddo_actionable,medicare_category,Medicare Category
case_mddo_actionable,primary_payor,Primary Payor
case_mddo_actionable,primary_product_type,Primary Product Type
case_mddo_actionable,provider_id,Primary Provider ID
case_mddo_actionable,provider_name,Primary Provider
case_mddo_actionable,sf_mddo_status,SF MDDO Status
ai_outreach_awv_count,attempt_number,Attempt Number
ai_outreach_awv_count,call_outcome,Call Outcome
ai_outreach_awv_count,campaign_name,Campaign
ai_outreach_awv_count,clinic,Clinic
ai_outreach_awv_count,failure_category,Failure Category
ai_outreach_awv_count,is_escalated_or_negative,Escalated or Negative?
ai_outreach_awv_count,outreach_outcome,Outreach Outcome
ai_outreach_awv_count,primary_care_provider,Primary Care Provider
ai_outreach_awv_count,primary_payor,Primary Payor
ai_outreach_awv_count,sentiment,Sentiment
ai_outreach_cancelled_count,attempt_number,Attempt Number
ai_outreach_cancelled_count,call_outcome,Call Outcome
ai_outreach_cancelled_count,campaign_name,Campaign
ai_outreach_cancelled_count,clinic,Clinic
ai_outreach_cancelled_count,failure_category,Failure Category
ai_outreach_cancelled_count,is_escalated_or_negative,Escalated or Negative?
ai_outreach_cancelled_count,outreach_outcome,Outreach Outcome
ai_outreach_cancelled_count,primary_care_provider,Primary Care Provider
ai_outreach_cancelled_count,primary_payor,Primary Payor
ai_outreach_cancelled_count,sentiment,Sentiment
ai_outreach_no_next_count,attempt_number,Attempt Number
ai_outreach_no_next_count,call_outcome,Call Outcome
ai_outreach_no_next_count,campaign_name,Campaign
ai_outreach_no_next_count,clinic,Clinic
ai_outreach_no_next_count,failure_category,Failure Category
ai_outreach_no_next_count,is_escalated_or_negative,Escalated or Negative?
ai_outreach_no_next_count,outreach_outcome,Outreach Outcome
ai_outreach_no_next_count,primary_care_provider,Primary Care Provider
ai_outreach_no_next_count,primary_payor,Primary Payor
ai_outreach_no_next_count,sentiment,Sentiment
ai_outreach_scheduled_count,attempt_number,Attempt Number
ai_outreach_scheduled_count,call_outcome,Call Outcome
ai_outreach_scheduled_count,campaign_name,Campaign
ai_outreach_scheduled_count,clinic,Clinic
ai_outreach_scheduled_count,failure_category,Failure Category
ai_outreach_scheduled_count,is_escalated_or_negative,Escalated or Negative?
ai_outreach_scheduled_count,outreach_outcome,Outreach Outcome
ai_outreach_scheduled_count,primary_care_provider,Primary Care Provider
ai_outreach_scheduled_count,primary_payor,Primary Payor
ai_outreach_scheduled_count,sentiment,Sentiment
completed_npv,clinic_city,Clinic City
completed_npv,is_membership_patient,Is Membership Patient
completed_npv,npv_category,NPV Category
completed_npv,provider_group_id,Provider Group
completed_npv,service_location,Service Location
completed_slots,appointment_type_name,Appointment Type
completed_slots,clinic,Clinic
completed_slots,is_telehealth,Telehealth?
completed_slots,bh_provider,BH Provider
completed_slots,slot_category,Slot Category
completion_rate,clinic_city,Clinic City
completion_rate,is_membership_patient,Is Membership Patient
completion_rate,npv_category,NPV Category
completion_rate,provider_group_id,Provider Group
completion_rate,service_location,Service Location
contact_rate,attempt_number,Attempt Number
contact_rate,call_outcome,Call Outcome
contact_rate,campaign_name,Campaign
contact_rate,clinic,Clinic
contact_rate,failure_category,Failure Category
contact_rate,is_escalated_or_negative,Escalated or Negative?
contact_rate,outreach_outcome,Outreach Outcome
contact_rate,primary_care_provider,Primary Care Provider
contact_rate,primary_payor,Primary Payor
contact_rate,sentiment,Sentiment
contact_reached_count,attempt_number,Attempt Number
contact_reached_count,call_outcome,Call Outcome
contact_reached_count,campaign_name,Campaign
contact_reached_count,clinic,Clinic
contact_reached_count,failure_category,Failure Category
contact_reached_count,is_escalated_or_negative,Escalated or Negative?
contact_reached_count,outreach_outcome,Outreach Outcome
contact_reached_count,primary_care_provider,Primary Care Provider
contact_reached_count,primary_payor,Primary Payor
contact_reached_count,sentiment,Sentiment
contract_signed_count,account_status,Account Status
contract_signed_count,clinic,Clinic
contract_signed_count,enrollment_status,Enrollment Status
contract_signed_count,membership_membership_status,Membership Status
contract_signed_count,lead_source,Lead Source
contract_signed_count,member_category,Member Category
contract_signed_count,member_journey_stage,Member Journey Stage
contract_signed_count,member_type,Member Type
contract_signed_count,membership_attribution,Membership Attribution
contract_signed_count,patient_status,Patient Status
contract_signed_count,payment_status,Payment Status
contract_signed_count,primary_payor,Primary Payor
contract_signed_count,risk_tier,Risk Tier
contract_signed_count,utm_campaign,UTM Campaign
contract_signed_count,utm_medium,UTM Medium
contract_signed_count,utm_source,UTM Source
converted_leads,account_status,Account Status
converted_leads,clinic,Clinic
converted_leads,enrollment_status,Enrollment Status
converted_leads,membership_membership_status,Membership Status
converted_leads,lead_source,Lead Source
converted_leads,member_category,Member Category
converted_leads,member_journey_stage,Member Journey Stage
converted_leads,member_type,Member Type
converted_leads,membership_attribution,Membership Attribution
converted_leads,patient_status,Patient Status
converted_leads,payment_status,Payment Status
converted_leads,primary_payor,Primary Payor
converted_leads,risk_tier,Risk Tier
converted_leads,utm_campaign,UTM Campaign
converted_leads,utm_medium,UTM Medium
converted_leads,utm_source,UTM Source
count,assigned_clinic,Assigned Clinic
count,awv_tier,AWV Tier
count,clinic_standardized,Clinic
count,hcc_tier,HCC Tier
count,is_bonus_eligible,Bonus Eligible
count,next_visit_tier,Next Visit Tier
count,nps_tier,NPS Tier
count,provider_name,Provider
count,provider_type,Provider Type
count,quality_tier,Quality Tier
days_since_last_visit,clinic,Clinic
days_since_last_visit,is_active_member,Is Active Member
days_since_last_visit,is_attributed,Attributed?
days_since_last_visit,is_grandmothered_member,Is Grandmothered Member
days_since_last_visit,is_membership_patient,Membership Patient
days_since_last_visit,is_paying_member,Is Paying Member
days_since_last_visit,member_category,Member Category
days_since_last_visit,membership_enrollment,Membership Enrollment
days_since_last_visit,membership_plan_type,Plan Type
days_since_last_visit,patient_status,Patient Status
days_since_last_visit,payment_status,Payment Status
days_since_last_visit,primary_insurance,Primary Insurance
days_since_last_visit,primary_payor,Primary Payor
days_since_last_visit,risk_tier,Risk Tier
declined_count,account_status,Account Status
declined_count,clinic,Clinic
declined_count,enrollment_status,Enrollment Status
declined_count,membership_membership_status,Membership Status
declined_count,lead_source,Lead Source
declined_count,member_category,Member Category
declined_count,member_journey_stage,Member Journey Stage
declined_count,member_type,Member Type
declined_count,membership_attribution,Membership Attribution
declined_count,patient_status,Patient Status
declined_count,payment_status,Payment Status
declined_count,primary_payor,Primary Payor
declined_count,risk_tier,Risk Tier
declined_count,utm_campaign,UTM Campaign
declined_count,utm_medium,UTM Medium
declined_count,utm_source,UTM Source
delayed_notification_count,adt_closed_reason,ADT Closed Reason
delayed_notification_count,adt_disposition,ADT Disposition
delayed_notification_count,case_status,Case Status
delayed_notification_count,clinic,Clinic
delayed_notification_count,exclusion_reason,Exclusion Reason
delayed_notification_count,hospital,Hospital
delayed_notification_count,is_excluded,Excluded?
detractors,appointment_type,Appointment Type
detractors,clinic_name,Clinic Name
detractors,enterprise_id,Enterprise ID
detractors,golden_id,Golden ID
detractors,nps_category,NPS Category
detractors,provider_name,Provider Name
detractors,salesforce_id,Salesforce ID
detractors,sentiment,Sentiment
discharge_date_overrides,adt_closed_reason,ADT Closed Reason
discharge_date_overrides,adt_disposition,ADT Disposition
discharge_date_overrides,case_status,Case Status
discharge_date_overrides,clinic,Clinic
discharge_date_overrides,exclusion_reason,Exclusion Reason
discharge_date_overrides,hospital,Hospital
discharge_date_overrides,is_excluded,Excluded?
dismissed_count,department,Department
dismissed_count,documentation_strength,Documentation Strength
dismissed_count,hcc_code,HCC Code
dismissed_count,insurance_group,Insurance Group
dismissed_count,market,Market
dismissed_count,provider_name,Provider
dismissed_count,suggestion_status,Status
distinct_hcc_codes,department,Department
distinct_hcc_codes,documentation_strength,Documentation Strength
distinct_hcc_codes,hcc_code,HCC Code
distinct_hcc_codes,insurance_group,Insurance Group
distinct_hcc_codes,market,Market
distinct_hcc_codes,provider_name,Provider
distinct_hcc_codes,suggestion_status,Status
dual_attributed_patients,attributed_payor,Attributed Payor
dual_attributed_patients,insurance_change_reason,Insurance Change Reason
dual_attributed_patients,is_current_attribution,Current?
dual_attributed_patients,movement_event,Movement Event
dual_attributed_patients,preferred_clinic,Clinic
dual_attributed_patients,year_month,Year-Month
eligible_count,account_status,Account Status
eligible_count,clinic,Clinic
eligible_count,enrollment_status,Enrollment Status
eligible_count,membership_membership_status,Membership Status
eligible_count,lead_source,Lead Source
eligible_count,member_category,Member Category
eligible_count,member_journey_stage,Member Journey Stage
eligible_count,member_type,Member Type
eligible_count,membership_attribution,Membership Attribution
eligible_count,patient_status,Patient Status
eligible_count,payment_status,Payment Status
eligible_count,primary_payor,Primary Payor
eligible_count,risk_tier,Risk Tier
eligible_count,utm_campaign,UTM Campaign
eligible_count,utm_medium,UTM Medium
eligible_count,utm_source,UTM Source
email_completeness_pct,clinic,Clinic
email_completeness_pct,is_active_member,Is Active Member
email_completeness_pct,is_attributed,Attributed?
email_completeness_pct,is_grandmothered_member,Is Grandmothered Member
email_completeness_pct,is_membership_patient,Membership Patient
email_completeness_pct,is_paying_member,Is Paying Member
email_completeness_pct,member_category,Member Category
email_completeness_pct,membership_enrollment,Membership Enrollment
email_completeness_pct,membership_plan_type,Plan Type
email_completeness_pct,patient_status,Patient Status
email_completeness_pct,payment_status,Payment Status
email_completeness_pct,primary_insurance,Primary Insurance
email_completeness_pct,primary_payor,Primary Payor
email_completeness_pct,risk_tier,Risk Tier
engaged_patients,attributed_payor,Attributed Payor
engaged_patients,clinic_name,Clinic
engaged_patients,clinic_type,Clinic Type
engaged_patients,is_bh_no_next,Is BH No-Next
engaged_patients,is_no_next,Is No-Next
engaged_patients,is_pending_awv,Is Pending AWV
engaged_patients,is_pending_mddo,Is Pending MDDO
engaged_patients,patient_status,Patient Status
engaged_patients,payor_category,Payor Category
engaged_patients,primary_insurance,Primary Insurance
engaged_patients,scheduling_status,Scheduling Status
engaged_patients,tier,Tier
engagement_rate,attributed_payor,Attributed Payor
engagement_rate,clinic_name,Clinic
engagement_rate,clinic_type,Clinic Type
engagement_rate,is_bh_no_next,Is BH No-Next
engagement_rate,is_no_next,Is No-Next
engagement_rate,is_pending_awv,Is Pending AWV
engagement_rate,is_pending_mddo,Is Pending MDDO
engagement_rate,patient_status,Patient Status
engagement_rate,payor_category,Payor Category
engagement_rate,primary_insurance,Primary Insurance
engagement_rate,scheduling_status,Scheduling Status
engagement_rate,tier,Tier
enrolled_and_engaged_rate,attributed_payor,Attributed Payor
enrolled_and_engaged_rate,clinic_name,Clinic
enrolled_and_engaged_rate,clinic_type,Clinic Type
enrolled_and_engaged_rate,is_bh_no_next,Is BH No-Next
enrolled_and_engaged_rate,is_no_next,Is No-Next
enrolled_and_engaged_rate,is_pending_awv,Is Pending AWV
enrolled_and_engaged_rate,is_pending_mddo,Is Pending MDDO
enrolled_and_engaged_rate,patient_status,Patient Status
enrolled_and_engaged_rate,payor_category,Payor Category
enrolled_and_engaged_rate,primary_insurance,Primary Insurance
enrolled_and_engaged_rate,scheduling_status,Scheduling Status
enrolled_and_engaged_rate,tier,Tier
enrolled_patients,attributed_payor,Attributed Payor
enrolled_patients,clinic_name,Clinic
enrolled_patients,clinic_type,Clinic Type
enrolled_patients,is_bh_no_next,Is BH No-Next
enrolled_patients,is_no_next,Is No-Next
enrolled_patients,is_pending_awv,Is Pending AWV
enrolled_patients,is_pending_mddo,Is Pending MDDO
enrolled_patients,patient_status,Patient Status
enrolled_patients,payor_category,Payor Category
enrolled_patients,primary_insurance,Primary Insurance
enrolled_patients,scheduling_status,Scheduling Status
enrolled_patients,tier,Tier
escalated_count,attempt_number,Attempt Number
escalated_count,call_outcome,Call Outcome
escalated_count,campaign_name,Campaign
escalated_count,clinic,Clinic
escalated_count,failure_category,Failure Category
escalated_count,is_escalated_or_negative,Escalated or Negative?
escalated_count,outreach_outcome,Outreach Outcome
escalated_count,primary_care_provider,Primary Care Provider
escalated_count,primary_payor,Primary Payor
escalated_count,sentiment,Sentiment
established_members,account_status,Account Status
established_members,clinic,Clinic
established_members,enrollment_status,Enrollment Status
established_members,membership_membership_status,Membership Status
established_members,lead_source,Lead Source
established_members,member_category,Member Category
established_members,member_journey_stage,Member Journey Stage
established_members,member_type,Member Type
established_members,membership_attribution,Membership Attribution
established_members,patient_status,Patient Status
established_members,payment_status,Payment Status
established_members,primary_payor,Primary Payor
established_members,risk_tier,Risk Tier
established_members,utm_campaign,UTM Campaign
established_members,utm_medium,UTM Medium
established_members,utm_source,UTM Source
excluded_count,adt_closed_reason,ADT Closed Reason
excluded_count,adt_disposition,ADT Disposition
excluded_count,case_status,Case Status
excluded_count,clinic,Clinic
excluded_count,exclusion_reason,Exclusion Reason
excluded_count,hospital,Hospital
excluded_count,is_excluded,Excluded?
excluded_duplicate,adt_closed_reason,ADT Closed Reason
excluded_duplicate,adt_disposition,ADT Disposition
excluded_duplicate,case_status,Case Status
excluded_duplicate,clinic,Clinic
excluded_duplicate,exclusion_reason,Exclusion Reason
excluded_duplicate,hospital,Hospital
excluded_duplicate,is_excluded,Excluded?
excluded_error_adt,adt_closed_reason,ADT Closed Reason
excluded_error_adt,adt_disposition,ADT Disposition
excluded_error_adt,case_status,Case Status
excluded_error_adt,clinic,Clinic
excluded_error_adt,exclusion_reason,Exclusion Reason
excluded_error_adt,hospital,Hospital
excluded_error_adt,is_excluded,Excluded?
excluded_no_tcm_case,adt_closed_reason,ADT Closed Reason
excluded_no_tcm_case,adt_disposition,ADT Disposition
excluded_no_tcm_case,case_status,Case Status
excluded_no_tcm_case,clinic,Clinic
excluded_no_tcm_case,exclusion_reason,Exclusion Reason
excluded_no_tcm_case,hospital,Hospital
excluded_no_tcm_case,is_excluded,Excluded?
excluded_test_patient,adt_closed_reason,ADT Closed Reason
excluded_test_patient,adt_disposition,ADT Disposition
excluded_test_patient,case_status,Case Status
excluded_test_patient,clinic,Clinic
excluded_test_patient,exclusion_reason,Exclusion Reason
excluded_test_patient,hospital,Hospital
excluded_test_patient,is_excluded,Excluded?
fill_rate,clinic,Clinic
fill_rate,is_telehealth,Telehealth?
fill_rate,bh_provider,BH Provider
gad_assessed_count,bh_program_status,BH Program Status
gad_assessed_count,bh_provider,BH Provider
gad_assessed_count,bh_tier,BH Tier
gad_assessed_count,clinic,Clinic
gad_assessed_count,has_bh_care_plan,Has BH Care Plan
gad_assessed_count,has_next_bh_appointment,Has Next BH Appointment
gad_assessed_count,patient_tier,Patient Tier
gad_assessed_count,pcp_name,PCP
gad_assessed_count,program_name,Program
gad_clinically_significant,bh_program_status,BH Program Status
gad_clinically_significant,bh_provider,BH Provider
gad_clinically_significant,bh_tier,BH Tier
gad_clinically_significant,clinic,Clinic
gad_clinically_significant,has_bh_care_plan,Has BH Care Plan
gad_clinically_significant,has_next_bh_appointment,Has Next BH Appointment
gad_clinically_significant,patient_tier,Patient Tier
gad_clinically_significant,pcp_name,PCP
gad_clinically_significant,program_name,Program
gad_remission_count,bh_program_status,BH Program Status
gad_remission_count,bh_provider,BH Provider
gad_remission_count,bh_tier,BH Tier
gad_remission_count,clinic,Clinic
gad_remission_count,has_bh_care_plan,Has BH Care Plan
gad_remission_count,has_next_bh_appointment,Has Next BH Appointment
gad_remission_count,patient_tier,Patient Tier
gad_remission_count,pcp_name,PCP
gad_remission_count,program_name,Program
gad_response_count,bh_program_status,BH Program Status
gad_response_count,bh_provider,BH Provider
gad_response_count,bh_tier,BH Tier
gad_response_count,clinic,Clinic
gad_response_count,has_bh_care_plan,Has BH Care Plan
gad_response_count,has_next_bh_appointment,Has Next BH Appointment
gad_response_count,patient_tier,Patient Tier
gad_response_count,pcp_name,PCP
gad_response_count,program_name,Program
gained_patients,attributed_payor,Attributed Payor
gained_patients,insurance_change_reason,Insurance Change Reason
gained_patients,is_current_attribution,Current?
gained_patients,movement_event,Movement Event
gained_patients,preferred_clinic,Clinic
gained_patients,year_month,Year-Month
gaining_in_progress,is_currently_on_roster,On Roster?
gaining_in_progress,is_truly_lost,Truly Lost?
gaining_in_progress,is_voluntary,Voluntary Attributed?
gaining_in_progress,mdm_payor_brand,MDM Payor Brand
gaining_in_progress,mdm_payor_category,MDM Payor Category
gaining_in_progress,off_cadence_active,Off Cadence?
gaining_in_progress,operational_segment,Operational Segment
gaining_in_progress,population_segment,Population Segment
gaining_in_progress,preferred_clinic,Clinic
gaining_in_progress,primary_attributed_payor,Primary Attributed Payor
gap_count,department,Department
gap_count,documentation_strength,Documentation Strength
gap_count,hcc_code,HCC Code
gap_count,insurance_group,Insurance Group
gap_count,market,Market
gap_count,provider_name,Provider
gap_count,suggestion_status,Status
gap_rate,department,Department
gap_rate,documentation_strength,Documentation Strength
gap_rate,hcc_code,HCC Code
gap_rate,insurance_group,Insurance Group
gap_rate,market,Market
gap_rate,provider_name,Primary Provider
gap_rate,suggestion_status,Status
has_nn_case_count,aging_bucket,Aging Bucket
has_nn_case_count,clinic,Clinic
has_nn_case_count,off_cadence_flag,Off Cadence
has_nn_case_count,primary_care_provider,PCP
has_nn_case_count,risk_tier,Risk Tier
has_nn_case_count,workflow_stage,Workflow Stage
held_count,department,Department
held_count,documentation_strength,Documentation Strength
held_count,hcc_code,HCC Code
held_count,insurance_group,Insurance Group
held_count,market,Market
held_count,provider_name,Provider
held_count,suggestion_status,Status
high_utilizer_count,adt_closed_reason,ADT Closed Reason
high_utilizer_count,adt_disposition,ADT Disposition
high_utilizer_count,case_status,Case Status
high_utilizer_count,clinic,Clinic
high_utilizer_count,exclusion_reason,Exclusion Reason
high_utilizer_count,hospital,Hospital
high_utilizer_count,is_excluded,Excluded?
immediate_reschedule_rate,clinic_city,Clinic City
immediate_reschedule_rate,is_membership_patient,Is Membership Patient
immediate_reschedule_rate,npv_category,NPV Category
immediate_reschedule_rate,provider_group_id,Provider Group
immediate_reschedule_rate,service_location,Service Location
immediately_rescheduled,clinic_city,Clinic City
immediately_rescheduled,is_membership_patient,Is Membership Patient
immediately_rescheduled,npv_category,NPV Category
immediately_rescheduled,provider_group_id,Provider Group
immediately_rescheduled,service_location,Service Location
inactive_member_count,account_status,Account Status
inactive_member_count,clinic,Clinic
inactive_member_count,enrollment_status,Enrollment Status
inactive_member_count,membership_membership_status,Membership Status
inactive_member_count,lead_source,Lead Source
inactive_member_count,member_category,Member Category
inactive_member_count,member_journey_stage,Member Journey Stage
inactive_member_count,member_type,Member Type
inactive_member_count,membership_attribution,Membership Attribution
inactive_member_count,patient_status,Patient Status
inactive_member_count,payment_status,Payment Status
inactive_member_count,primary_payor,Primary Payor
inactive_member_count,risk_tier,Risk Tier
inactive_member_count,utm_campaign,UTM Campaign
inactive_member_count,utm_medium,UTM Medium
inactive_member_count,utm_source,UTM Source
inactive_patients,attributed_payor,Attributed Payor
inactive_patients,clinic_name,Clinic
inactive_patients,clinic_type,Clinic Type
inactive_patients,is_bh_no_next,Is BH No-Next
inactive_patients,is_no_next,Is No-Next
inactive_patients,is_pending_awv,Is Pending AWV
inactive_patients,is_pending_mddo,Is Pending MDDO
inactive_patients,patient_status,Patient Status
inactive_patients,payor_category,Payor Category
inactive_patients,primary_insurance,Primary Insurance
inactive_patients,scheduling_status,Scheduling Status
inactive_patients,tier,Tier
inactive_post_departure,provider,Provider
iv_cancellation_rate,clinic_city,Clinic City
iv_cancellation_rate,is_membership_patient,Is Membership Patient
iv_cancellation_rate,npv_category,NPV Category
iv_cancellation_rate,provider_group_id,Provider Group
iv_cancellation_rate,service_location,Service Location
iv_cancelled_npv,clinic_city,Clinic City
iv_cancelled_npv,is_membership_patient,Is Membership Patient
iv_cancelled_npv,npv_category,NPV Category
iv_cancelled_npv,provider_group_id,Provider Group
iv_cancelled_npv,service_location,Service Location
iv_completed_npv,clinic_city,Clinic City
iv_completed_npv,is_membership_patient,Is Membership Patient
iv_completed_npv,npv_category,NPV Category
iv_completed_npv,provider_group_id,Provider Group
iv_completed_npv,service_location,Service Location
iv_total_npv,clinic_city,Clinic City
iv_total_npv,is_membership_patient,Is Membership Patient
iv_total_npv,npv_category,NPV Category
iv_total_npv,provider_group_id,Provider Group
iv_total_npv,service_location,Service Location
late_recovery,clinic_city,Clinic City
late_recovery,is_membership_patient,Is Membership Patient
late_recovery,npv_category,NPV Category
late_recovery,provider_group_id,Provider Group
late_recovery,service_location,Service Location
lead_conversion_rate,account_status,Account Status
lead_conversion_rate,clinic,Clinic
lead_conversion_rate,enrollment_status,Enrollment Status
lead_conversion_rate,membership_membership_status,Membership Status
lead_conversion_rate,lead_source,Lead Source
lead_conversion_rate,member_category,Member Category
lead_conversion_rate,member_journey_stage,Member Journey Stage
lead_conversion_rate,member_type,Member Type
lead_conversion_rate,membership_attribution,Membership Attribution
lead_conversion_rate,patient_status,Patient Status
lead_conversion_rate,payment_status,Payment Status
lead_conversion_rate,primary_payor,Primary Payor
lead_conversion_rate,risk_tier,Risk Tier
lead_conversion_rate,utm_campaign,UTM Campaign
lead_conversion_rate,utm_medium,UTM Medium
lead_conversion_rate,utm_source,UTM Source
leads_count,account_status,Account Status
leads_count,clinic,Clinic
leads_count,enrollment_status,Enrollment Status
leads_count,membership_membership_status,Membership Status
leads_count,lead_source,Lead Source
leads_count,member_category,Member Category
leads_count,member_journey_stage,Member Journey Stage
leads_count,member_type,Member Type
leads_count,membership_attribution,Membership Attribution
leads_count,patient_status,Patient Status
leads_count,payment_status,Payment Status
leads_count,primary_payor,Primary Payor
leads_count,risk_tier,Risk Tier
leads_count,utm_campaign,UTM Campaign
leads_count,utm_medium,UTM Medium
leads_count,utm_source,UTM Source
lost_despite_effort,is_currently_on_roster,On Roster?
lost_despite_effort,is_truly_lost,Truly Lost?
lost_despite_effort,is_voluntary,Voluntary Attributed?
lost_despite_effort,mdm_payor_brand,MDM Payor Brand
lost_despite_effort,mdm_payor_category,MDM Payor Category
lost_despite_effort,off_cadence_active,Off Cadence?
lost_despite_effort,operational_segment,Operational Segment
lost_despite_effort,population_segment,Population Segment
lost_despite_effort,preferred_clinic,Clinic
lost_despite_effort,primary_attributed_payor,Primary Attributed Payor
lost_no_effort,is_currently_on_roster,On Roster?
lost_no_effort,is_truly_lost,Truly Lost?
lost_no_effort,is_voluntary,Voluntary Attributed?
lost_no_effort,mdm_payor_brand,MDM Payor Brand
lost_no_effort,mdm_payor_category,MDM Payor Category
lost_no_effort,off_cadence_active,Off Cadence?
lost_no_effort,operational_segment,Operational Segment
lost_no_effort,population_segment,Population Segment
lost_no_effort,preferred_clinic,Clinic
lost_no_effort,primary_attributed_payor,Primary Attributed Payor
lost_patients,attributed_payor,Attributed Payor
lost_patients,insurance_change_reason,Insurance Change Reason
lost_patients,is_current_attribution,Current?
lost_patients,movement_event,Movement Event
lost_patients,preferred_clinic,Clinic
lost_patients,year_month,Year-Month
mbr_cancellation_rate,clinic_city,Clinic City
mbr_cancellation_rate,is_membership_patient,Is Membership Patient
mbr_cancellation_rate,npv_category,NPV Category
mbr_cancellation_rate,provider_group_id,Provider Group
mbr_cancellation_rate,service_location,Service Location
mbr_cancelled_npv,clinic_city,Clinic City
mbr_cancelled_npv,is_membership_patient,Is Membership Patient
mbr_cancelled_npv,npv_category,NPV Category
mbr_cancelled_npv,provider_group_id,Provider Group
mbr_cancelled_npv,service_location,Service Location
mbr_completed_npv,clinic_city,Clinic City
mbr_completed_npv,is_membership_patient,Is Membership Patient
mbr_completed_npv,npv_category,NPV Category
mbr_completed_npv,provider_group_id,Provider Group
mbr_completed_npv,service_location,Service Location
mbr_immediately_rescheduled,clinic_city,Clinic City
mbr_immediately_rescheduled,is_membership_patient,Is Membership Patient
mbr_immediately_rescheduled,npv_category,NPV Category
mbr_immediately_rescheduled,provider_group_id,Provider Group
mbr_immediately_rescheduled,service_location,Service Location
mbr_late_recovery,clinic_city,Clinic City
mbr_late_recovery,is_membership_patient,Is Membership Patient
mbr_late_recovery,npv_category,NPV Category
mbr_late_recovery,provider_group_id,Provider Group
mbr_late_recovery,service_location,Service Location
mbr_recovery_rate,clinic_city,Clinic City
mbr_recovery_rate,is_membership_patient,Is Membership Patient
mbr_recovery_rate,npv_category,NPV Category
mbr_recovery_rate,provider_group_id,Provider Group
mbr_recovery_rate,service_location,Service Location
mbr_total_npv,clinic_city,Clinic City
mbr_total_npv,is_membership_patient,Is Membership Patient
mbr_total_npv,npv_category,NPV Category
mbr_total_npv,provider_group_id,Provider Group
mbr_total_npv,service_location,Service Location
mbr_total_recovered,clinic_city,Clinic City
mbr_total_recovered,is_membership_patient,Is Membership Patient
mbr_total_recovered,npv_category,NPV Category
mbr_total_recovered,provider_group_id,Provider Group
mbr_total_recovered,service_location,Service Location
mbr_truly_lost,clinic_city,Clinic City
mbr_truly_lost,is_membership_patient,Is Membership Patient
mbr_truly_lost,npv_category,NPV Category
mbr_truly_lost,provider_group_id,Provider Group
mbr_truly_lost,service_location,Service Location
mddo_completed,is_currently_on_roster,On Roster?
mddo_completed,is_truly_lost,Truly Lost?
mddo_completed,is_voluntary,Voluntary Attributed?
mddo_completed,mdm_payor_brand,MDM Payor Brand
mddo_completed,mdm_payor_category,MDM Payor Category
mddo_completed,off_cadence_active,Off Cadence?
mddo_completed,operational_segment,Operational Segment
mddo_completed,population_segment,Population Segment
mddo_completed,preferred_clinic,Clinic
mddo_completed,primary_attributed_payor,Primary Attributed Payor
mddo_completed_count,attribution_status,Attribution Status
mddo_completed_count,clinic,Clinic
mddo_completed_count,is_active_patient,Active Patient?
mddo_completed_count,membership_enrollment,Membership Enrollment
mddo_completed_count,primary_payor,Primary Payor
mddo_completed_count,risk_tier,Risk Tier
mddo_completion_rate,analytics_awv_ytd_status,AWV YTD Status
mddo_completion_rate,attributed_payor,Attributed Payor
mddo_completion_rate,attribution_status,Attribution Status
mddo_completion_rate,awv_eligibility_source,AWV Eligibility Source
mddo_completion_rate,clinic,Clinic
mddo_completion_rate,is_active_patient,Active Patient?
mddo_completion_rate,is_analytics_awv_eligible,AWV Eligible?
mddo_completion_rate,medicare_category,Medicare Category
mddo_completion_rate,primary_payor,Primary Payor
mddo_completion_rate,primary_product_type,Primary Product Type
mddo_completion_rate,provider_id,Primary Provider ID
mddo_completion_rate,provider_name,Primary Provider
mddo_completion_rate,sf_mddo_status,SF MDDO Status
mddo_eligible,is_currently_on_roster,On Roster?
mddo_eligible,is_truly_lost,Truly Lost?
mddo_eligible,is_voluntary,Voluntary Attributed?
mddo_eligible,mdm_payor_brand,MDM Payor Brand
mddo_eligible,mdm_payor_category,MDM Payor Category
mddo_eligible,off_cadence_active,Off Cadence?
mddo_eligible,operational_segment,Operational Segment
mddo_eligible,population_segment,Population Segment
mddo_eligible,preferred_clinic,Clinic
mddo_eligible,primary_attributed_payor,Primary Attributed Payor
mddo_eligible_count,attribution_status,Attribution Status
mddo_eligible_count,clinic,Clinic
mddo_eligible_count,is_active_patient,Active Patient?
mddo_eligible_count,membership_enrollment,Membership Enrollment
mddo_eligible_count,primary_payor,Primary Payor
mddo_eligible_count,provider_id,Primary Provider ID
mddo_eligible_count,provider_name,Primary Provider
mddo_eligible_count,risk_tier,Risk Tier
mddo_scheduled,is_currently_on_roster,On Roster?
mddo_scheduled,is_truly_lost,Truly Lost?
mddo_scheduled,is_voluntary,Voluntary Attributed?
mddo_scheduled,mdm_payor_brand,MDM Payor Brand
mddo_scheduled,mdm_payor_category,MDM Payor Category
mddo_scheduled,off_cadence_active,Off Cadence?
mddo_scheduled,operational_segment,Operational Segment
mddo_scheduled,population_segment,Population Segment
mddo_scheduled,preferred_clinic,Clinic
mddo_scheduled,primary_attributed_payor,Primary Attributed Payor
mddo_scheduled_count,attribution_status,Attribution Status
mddo_scheduled_count,clinic,Clinic
mddo_scheduled_count,is_active_patient,Active Patient?
mddo_scheduled_count,membership_enrollment,Membership Enrollment
mddo_scheduled_count,primary_payor,Primary Payor
mddo_scheduled_count,risk_tier,Risk Tier
mddo_visit_completed_count,analytics_awv_ytd_status,AWV YTD Status
mddo_visit_completed_count,attributed_payor,Attributed Payor
mddo_visit_completed_count,attribution_status,Attribution Status
mddo_visit_completed_count,awv_eligibility_source,AWV Eligibility Source
mddo_visit_completed_count,clinic,Clinic
mddo_visit_completed_count,is_active_patient,Active Patient?
mddo_visit_completed_count,is_analytics_awv_eligible,AWV Eligible?
mddo_visit_completed_count,medicare_category,Medicare Category
mddo_visit_completed_count,primary_payor,Primary Payor
mddo_visit_completed_count,primary_product_type,Primary Product Type
mddo_visit_completed_count,provider_id,Primary Provider ID
mddo_visit_completed_count,provider_name,Primary Provider
mddo_visit_completed_count,sf_mddo_status,SF MDDO Status
mddo_visit_scheduled_count,analytics_awv_ytd_status,AWV YTD Status
mddo_visit_scheduled_count,attributed_payor,Attributed Payor
mddo_visit_scheduled_count,attribution_status,Attribution Status
mddo_visit_scheduled_count,awv_eligibility_source,AWV Eligibility Source
mddo_visit_scheduled_count,clinic,Clinic
mddo_visit_scheduled_count,is_active_patient,Active Patient?
mddo_visit_scheduled_count,is_analytics_awv_eligible,AWV Eligible?
mddo_visit_scheduled_count,medicare_category,Medicare Category
mddo_visit_scheduled_count,primary_payor,Primary Payor
mddo_visit_scheduled_count,primary_product_type,Primary Product Type
mddo_visit_scheduled_count,provider_id,Primary Provider ID
mddo_visit_scheduled_count,provider_name,Primary Provider
mddo_visit_scheduled_count,sf_mddo_status,SF MDDO Status
mdm_compliant_count,analytics_awv_ytd_status,AWV YTD Status
mdm_compliant_count,attributed_payor,Attributed Payor
mdm_compliant_count,attribution_status,Attribution Status
mdm_compliant_count,awv_eligibility_source,AWV Eligibility Source
mdm_compliant_count,clinic,Clinic
mdm_compliant_count,is_active_patient,Active Patient?
mdm_compliant_count,is_analytics_awv_eligible,AWV Eligible?
mdm_compliant_count,medicare_category,Medicare Category
mdm_compliant_count,primary_payor,Primary Payor
mdm_compliant_count,primary_product_type,Primary Product Type
mdm_compliant_count,provider_id,Primary Provider ID
mdm_compliant_count,provider_name,Primary Provider
mdm_compliant_count,sf_mddo_status,SF MDDO Status
medicare_advantage_count,analytics_awv_ytd_status,AWV YTD Status
medicare_advantage_count,attributed_payor,Attributed Payor
medicare_advantage_count,attribution_status,Attribution Status
medicare_advantage_count,awv_eligibility_source,AWV Eligibility Source
medicare_advantage_count,clinic,Clinic
medicare_advantage_count,is_active_patient,Active Patient?
medicare_advantage_count,is_analytics_awv_eligible,AWV Eligible?
medicare_advantage_count,medicare_category,Medicare Category
medicare_advantage_count,primary_payor,Primary Payor
medicare_advantage_count,primary_product_type,Primary Product Type
medicare_advantage_count,provider_id,Primary Provider ID
medicare_advantage_count,provider_name,Primary Provider
medicare_advantage_count,sf_mddo_status,SF MDDO Status
medicare_patient_count,clinic,Clinic
medicare_patient_count,is_active_member,Is Active Member
medicare_patient_count,is_attributed,Attributed?
medicare_patient_count,is_grandmothered_member,Is Grandmothered Member
medicare_patient_count,is_membership_patient,Membership Patient
medicare_patient_count,is_paying_member,Is Paying Member
medicare_patient_count,member_category,Member Category
medicare_patient_count,membership_enrollment,Membership Enrollment
medicare_patient_count,membership_plan_type,Plan Type
medicare_patient_count,patient_status,Patient Status
medicare_patient_count,payment_status,Payment Status
medicare_patient_count,primary_insurance,Primary Insurance
medicare_patient_count,primary_payor,Primary Payor
medicare_patient_count,risk_tier,Risk Tier
membership_active_count,age_range,Age Range
membership_active_count,clinic,Clinic
membership_active_count,is_active_member,Is Active Member
membership_active_count,is_attributed,Attributed?
membership_active_count,is_grandmothered_member,Is Grandmothered Member
membership_active_count,is_membership_patient,Membership Patient
membership_active_count,is_paying_member,Is Paying Member
membership_active_count,member_category,Member Category
membership_active_count,membership_enrollment,Membership Enrollment
membership_active_count,membership_plan_type,Plan Type
membership_active_count,patient_status,Patient Status
membership_active_count,payment_status,Payment Status
membership_active_count,primary_insurance,Primary Insurance
membership_active_count,primary_payor,Primary Payor
membership_active_count,risk_tier,Risk Tier
membership_active_count,visits_per_year_bucket,Visits per Year
membership_avg_age,clinic,Clinic
membership_avg_age,is_active_member,Is Active Member
membership_avg_age,is_attributed,Attributed?
membership_avg_age,is_grandmothered_member,Is Grandmothered Member
membership_avg_age,is_membership_patient,Membership Patient
membership_avg_age,is_paying_member,Is Paying Member
membership_avg_age,member_category,Member Category
membership_avg_age,membership_enrollment,Membership Enrollment
membership_avg_age,membership_plan_type,Plan Type
membership_avg_age,patient_status,Patient Status
membership_avg_age,payment_status,Payment Status
membership_avg_age,primary_insurance,Primary Insurance
membership_avg_age,primary_payor,Primary Payor
membership_avg_age,risk_tier,Risk Tier
membership_established_count,clinic,Clinic
membership_established_count,is_active_member,Is Active Member
membership_established_count,is_attributed,Attributed?
membership_established_count,is_grandmothered_member,Is Grandmothered Member
membership_established_count,is_membership_patient,Membership Patient
membership_established_count,is_paying_member,Is Paying Member
membership_established_count,member_category,Member Category
membership_established_count,membership_enrollment,Membership Enrollment
membership_established_count,membership_plan_type,Plan Type
membership_established_count,patient_status,Patient Status
membership_established_count,payment_status,Payment Status
membership_established_count,primary_insurance,Primary Insurance
membership_established_count,primary_payor,Primary Payor
membership_established_count,risk_tier,Risk Tier
membership_legacy_count,clinic,Clinic
membership_legacy_count,is_active_member,Is Active Member
membership_legacy_count,is_attributed,Attributed?
membership_legacy_count,is_grandmothered_member,Is Grandmothered Member
membership_legacy_count,is_membership_patient,Membership Patient
membership_legacy_count,is_paying_member,Is Paying Member
membership_legacy_count,member_category,Member Category
membership_legacy_count,membership_enrollment,Membership Enrollment
membership_legacy_count,membership_plan_type,Plan Type
membership_legacy_count,patient_status,Patient Status
membership_legacy_count,payment_status,Payment Status
membership_legacy_count,primary_insurance,Primary Insurance
membership_legacy_count,primary_payor,Primary Payor
membership_legacy_count,risk_tier,Risk Tier
membership_medicare_graduated_count,clinic,Clinic
membership_medicare_graduated_count,is_active_member,Is Active Member
membership_medicare_graduated_count,is_attributed,Attributed?
membership_medicare_graduated_count,is_grandmothered_member,Is Grandmothered Member
membership_medicare_graduated_count,is_membership_patient,Membership Patient
membership_medicare_graduated_count,is_paying_member,Is Paying Member
membership_medicare_graduated_count,member_category,Member Category
membership_medicare_graduated_count,membership_enrollment,Membership Enrollment
membership_medicare_graduated_count,membership_plan_type,Plan Type
membership_medicare_graduated_count,patient_status,Patient Status
membership_medicare_graduated_count,payment_status,Payment Status
membership_medicare_graduated_count,primary_insurance,Primary Insurance
membership_medicare_graduated_count,primary_payor,Primary Payor
membership_medicare_graduated_count,risk_tier,Risk Tier
membership_mrr,clinic,Clinic
membership_mrr,enrollment_status,Enrollment Status
membership_mrr,membership_membership_status,Membership Status
membership_mrr,is_active_member,Is Active Member
membership_mrr,is_attributed,Attributed?
membership_mrr,is_grandmothered_member,Is Grandmothered Member
membership_mrr,is_membership_patient,Membership Patient
membership_mrr,is_paying_member,Is Paying Member
membership_mrr,member_category,Member Category
membership_mrr,membership_enrollment,Membership Enrollment
membership_mrr,membership_plan_type,Plan Type
membership_mrr,patient_status,Patient Status
membership_mrr,payment_status,Payment Status
membership_mrr,primary_insurance,Primary Insurance
membership_mrr,primary_payor,Primary Payor
membership_mrr,risk_tier,Risk Tier
membership_net_new_count,clinic,Clinic
membership_net_new_count,is_active_member,Is Active Member
membership_net_new_count,is_attributed,Attributed?
membership_net_new_count,is_grandmothered_member,Is Grandmothered Member
membership_net_new_count,is_membership_patient,Membership Patient
membership_net_new_count,is_paying_member,Is Paying Member
membership_net_new_count,member_category,Member Category
membership_net_new_count,membership_enrollment,Membership Enrollment
membership_net_new_count,membership_plan_type,Plan Type
membership_net_new_count,patient_status,Patient Status
membership_net_new_count,payment_status,Payment Status
membership_net_new_count,primary_insurance,Primary Insurance
membership_net_new_count,primary_payor,Primary Payor
membership_net_new_count,risk_tier,Risk Tier
membership_standard_count,clinic,Clinic
membership_standard_count,is_active_member,Is Active Member
membership_standard_count,is_attributed,Attributed?
membership_standard_count,is_grandmothered_member,Is Grandmothered Member
membership_standard_count,is_membership_patient,Membership Patient
membership_standard_count,is_paying_member,Is Paying Member
membership_standard_count,member_category,Member Category
membership_standard_count,membership_enrollment,Membership Enrollment
membership_standard_count,membership_plan_type,Plan Type
membership_standard_count,patient_status,Patient Status
membership_standard_count,payment_status,Payment Status
membership_standard_count,primary_insurance,Primary Insurance
membership_standard_count,primary_payor,Primary Payor
membership_standard_count,risk_tier,Risk Tier
membership_total_count,clinic,Clinic
membership_total_count,is_active_member,Is Active Member
membership_total_count,is_attributed,Attributed?
membership_total_count,is_grandmothered_member,Is Grandmothered Member
membership_total_count,is_membership_patient,Membership Patient
membership_total_count,is_paying_member,Is Paying Member
membership_total_count,member_category,Member Category
membership_total_count,membership_enrollment,Membership Enrollment
membership_total_count,membership_plan_type,Plan Type
membership_total_count,patient_status,Patient Status
membership_total_count,payment_status,Payment Status
membership_total_count,primary_insurance,Primary Insurance
membership_total_count,primary_payor,Primary Payor
membership_total_count,risk_tier,Risk Tier
met_count,clinic_name,Clinic Name
met_count,insurance_category,Insurance Category
met_count,last_appointment_type,Last Appointment Type
met_count,measure_code,Measure Code
met_count,metric_type,Metric Type
met_count,next_appointment_type,Next Appointment Type
met_count,nps_category,NPS Category
met_count,provider_name,Provider Name
met_rate,clinic_name,Clinic Name
met_rate,insurance_category,Insurance Category
met_rate,last_appointment_type,Last Appointment Type
met_rate,measure_code,Measure Code
met_rate,metric_type,Metric Type
met_rate,next_appointment_type,Next Appointment Type
met_rate,nps_category,NPS Category
met_rate,provider_name,Provider Name
nps_pooled_score,clinic_name,Clinic Name
nps_pooled_score,insurance_category,Insurance Category
nps_pooled_score,last_appointment_type,Last Appointment Type
nps_pooled_score,measure_code,Measure Code
nps_pooled_score,metric_type,Metric Type
nps_pooled_score,next_appointment_type,Next Appointment Type
nps_pooled_score,nps_category,NPS Category
nps_pooled_score,provider_name,Provider Name
needs_reschedule,provider,Provider
needs_review_count,analytics_awv_ytd_status,AWV YTD Status
needs_review_count,attributed_payor,Attributed Payor
needs_review_count,attribution_status,Attribution Status
needs_review_count,awv_eligibility_source,AWV Eligibility Source
needs_review_count,clinic,Clinic
needs_review_count,is_active_patient,Active Patient?
needs_review_count,is_analytics_awv_eligible,AWV Eligible?
needs_review_count,medicare_category,Medicare Category
needs_review_count,primary_payor,Primary Payor
needs_review_count,primary_product_type,Primary Product Type
needs_review_count,provider_id,Primary Provider ID
needs_review_count,provider_name,Primary Provider
needs_review_count,sf_mddo_status,SF MDDO Status
negative_sentiment_count,attempt_number,Attempt Number
negative_sentiment_count,call_outcome,Call Outcome
negative_sentiment_count,campaign_name,Campaign
negative_sentiment_count,clinic,Clinic
negative_sentiment_count,failure_category,Failure Category
negative_sentiment_count,is_escalated_or_negative,Escalated or Negative?
negative_sentiment_count,outreach_outcome,Outreach Outcome
negative_sentiment_count,primary_care_provider,Primary Care Provider
negative_sentiment_count,primary_payor,Primary Payor
negative_sentiment_count,sentiment,Sentiment
net_new_members,account_status,Account Status
net_new_members,clinic,Clinic
net_new_members,enrollment_status,Enrollment Status
net_new_members,membership_membership_status,Membership Status
net_new_members,lead_source,Lead Source
net_new_members,member_category,Member Category
net_new_members,member_journey_stage,Member Journey Stage
net_new_members,member_type,Member Type
net_new_members,membership_attribution,Membership Attribution
net_new_members,patient_status,Patient Status
net_new_members,payment_status,Payment Status
net_new_members,primary_payor,Primary Payor
net_new_members,risk_tier,Risk Tier
net_new_members,utm_campaign,UTM Campaign
net_new_members,utm_medium,UTM Medium
net_new_members,utm_source,UTM Source
never_filled_slots,clinic,Clinic
never_filled_slots,bh_provider,BH Provider
new_patients_count,attributed_payor,Attributed Payor
new_patients_count,clinic_name,Clinic
new_patients_count,clinic_type,Clinic Type
new_patients_count,is_bh_no_next,Is BH No-Next
new_patients_count,is_no_next,Is No-Next
new_patients_count,is_pending_awv,Is Pending AWV
new_patients_count,is_pending_mddo,Is Pending MDDO
new_patients_count,patient_status,Patient Status
new_patients_count,payor_category,Payor Category
new_patients_count,primary_insurance,Primary Insurance
new_patients_count,scheduling_status,Scheduling Status
new_patients_count,tier,Tier
no_future_appointments,aging_bucket,Aging Bucket
no_future_appointments,clinic,Clinic
no_future_appointments,off_cadence_flag,Off Cadence
no_future_appointments,primary_care_provider,PCP
no_future_appointments,risk_tier,Risk Tier
no_future_appointments,workflow_stage,Workflow Stage
no_next_patients,attributed_payor,Attributed Payor
no_next_patients,clinic_name,Clinic
no_next_patients,clinic_type,Clinic Type
no_next_patients,is_bh_no_next,Is BH No-Next
no_next_patients,is_no_next,Is No-Next
no_next_patients,is_pending_awv,Is Pending AWV
no_next_patients,is_pending_mddo,Is Pending MDDO
no_next_patients,patient_status,Patient Status
no_next_patients,payor_category,Payor Category
no_next_patients,primary_insurance,Primary Insurance
no_next_patients,scheduling_status,Scheduling Status
no_next_patients,tier,Tier
no_next_rate,aging_bucket,Aging Bucket
no_next_rate,clinic,Clinic
no_next_rate,off_cadence_flag,Off Cadence
no_next_rate,primary_care_provider,PCP
no_next_rate,risk_tier,Risk Tier
no_next_rate,workflow_stage,Workflow Stage
no_show_npv,clinic_city,Clinic City
no_show_npv,is_membership_patient,Is Membership Patient
no_show_npv,npv_category,NPV Category
no_show_npv,provider_group_id,Provider Group
no_show_npv,service_location,Service Location
no_show_slots,clinic,Clinic
no_show_slots,bh_provider,BH Provider
no_visit,provider,Provider
not_eligible_count,account_status,Account Status
not_eligible_count,clinic,Clinic
not_eligible_count,enrollment_status,Enrollment Status
not_eligible_count,membership_membership_status,Membership Status
not_eligible_count,lead_source,Lead Source
not_eligible_count,member_category,Member Category
not_eligible_count,member_journey_stage,Member Journey Stage
not_eligible_count,member_type,Member Type
not_eligible_count,membership_attribution,Membership Attribution
not_eligible_count,patient_status,Patient Status
not_eligible_count,payment_status,Payment Status
not_eligible_count,primary_payor,Primary Payor
not_eligible_count,risk_tier,Risk Tier
not_eligible_count,utm_campaign,UTM Campaign
not_eligible_count,utm_medium,UTM Medium
not_eligible_count,utm_source,UTM Source
not_met_count,clinic_name,Clinic Name
not_met_count,insurance_category,Insurance Category
not_met_count,last_appointment_type,Last Appointment Type
not_met_count,measure_code,Measure Code
not_met_count,metric_type,Metric Type
not_met_count,next_appointment_type,Next Appointment Type
not_met_count,nps_category,NPS Category
not_met_count,provider_name,Provider Name
not_scheduled_patients,attributed_payor,Attributed Payor
not_scheduled_patients,clinic_name,Clinic
not_scheduled_patients,clinic_type,Clinic Type
not_scheduled_patients,is_bh_no_next,Is BH No-Next
not_scheduled_patients,is_no_next,Is No-Next
not_scheduled_patients,is_pending_awv,Is Pending AWV
not_scheduled_patients,is_pending_mddo,Is Pending MDDO
not_scheduled_patients,patient_status,Patient Status
not_scheduled_patients,payor_category,Payor Category
not_scheduled_patients,primary_insurance,Primary Insurance
not_scheduled_patients,scheduling_status,Scheduling Status
not_scheduled_patients,tier,Tier
nps_score,appointment_type,Appointment Type
nps_score,clinic_name,Clinic Name
nps_score,enterprise_id,Enterprise ID
nps_score,golden_id,Golden ID
nps_score,nps_category,NPS Category
nps_score,provider_name,Provider Name
nps_score,salesforce_id,Salesforce ID
nps_score,sentiment,Sentiment
off_cadence_count,attribution_status,Attribution Status
off_cadence_count,clinic,Clinic
off_cadence_count,is_active_patient,Active Patient?
off_cadence_count,mdm_payor_category,MDM Payor Category
off_cadence_count,membership_enrollment,Membership Enrollment
off_cadence_count,off_cadence_active,Off Cadence?
off_cadence_count,patient_status,Patient Status
off_cadence_count,primary_payor,Primary Payor
off_cadence_count,provider_id,Primary Provider ID
off_cadence_count,provider_name,Primary Provider
off_cadence_count,risk_tier,Risk Tier
off_roster,is_currently_on_roster,On Roster?
off_roster,is_truly_lost,Truly Lost?
off_roster,is_voluntary,Voluntary Attributed?
off_roster,mdm_payor_brand,MDM Payor Brand
off_roster,mdm_payor_category,MDM Payor Category
off_roster,off_cadence_active,Off Cadence?
off_roster,operational_segment,Operational Segment
off_roster,population_segment,Population Segment
off_roster,preferred_clinic,Clinic
off_roster,primary_attributed_payor,Primary Attributed Payor
on_cadence_count,analytics_awv_ytd_status,AWV YTD Status
on_cadence_count,attributed_payor,Attributed Payor
on_cadence_count,attribution_status,Attribution Status
on_cadence_count,awv_eligibility_source,AWV Eligibility Source
on_cadence_count,clinic,Clinic
on_cadence_count,is_active_patient,Active Patient?
on_cadence_count,is_analytics_awv_eligible,AWV Eligible?
on_cadence_count,medicare_category,Medicare Category
on_cadence_count,primary_payor,Primary Payor
on_cadence_count,primary_product_type,Primary Product Type
on_cadence_count,provider_id,Primary Provider ID
on_cadence_count,provider_name,Primary Provider
on_cadence_count,sf_mddo_status,SF MDDO Status
on_cadence_rate,analytics_awv_ytd_status,AWV YTD Status
on_cadence_rate,attributed_payor,Attributed Payor
on_cadence_rate,attribution_status,Attribution Status
on_cadence_rate,awv_eligibility_source,AWV Eligibility Source
on_cadence_rate,clinic,Clinic
on_cadence_rate,is_active_patient,Active Patient?
on_cadence_rate,is_analytics_awv_eligible,AWV Eligible?
on_cadence_rate,medicare_category,Medicare Category
on_cadence_rate,primary_payor,Primary Payor
on_cadence_rate,primary_product_type,Primary Product Type
on_cadence_rate,provider_id,Primary Provider ID
on_cadence_rate,provider_name,Primary Provider
on_cadence_rate,sf_mddo_status,SF MDDO Status
on_roster,is_currently_on_roster,On Roster?
on_roster,is_truly_lost,Truly Lost?
on_roster,is_voluntary,Voluntary Attributed?
on_roster,mdm_payor_brand,MDM Payor Brand
on_roster,mdm_payor_category,MDM Payor Category
on_roster,off_cadence_active,Off Cadence?
on_roster,operational_segment,Operational Segment
on_roster,population_segment,Population Segment
on_roster,preferred_clinic,Clinic
on_roster,primary_attributed_payor,Primary Attributed Payor
original_medicare_count,analytics_awv_ytd_status,AWV YTD Status
original_medicare_count,attributed_payor,Attributed Payor
original_medicare_count,attribution_status,Attribution Status
original_medicare_count,awv_eligibility_source,AWV Eligibility Source
original_medicare_count,clinic,Clinic
original_medicare_count,is_active_patient,Active Patient?
original_medicare_count,is_analytics_awv_eligible,AWV Eligible?
original_medicare_count,is_mddo_eligible,MDDO Eligible
original_medicare_count,medicare_category,Medicare Category
original_medicare_count,primary_payor,Primary Payor
original_medicare_count,primary_product_type,Primary Product Type
original_medicare_count,provider_id,Primary Provider ID
original_medicare_count,provider_name,Primary Provider
original_medicare_count,sf_mddo_status,SF MDDO Status
original_panel,provider,Provider
panel_size,bh_program_status,BH Program Status
panel_size,bh_provider,BH Provider
panel_size,bh_tier,BH Tier
panel_size,clinic,Clinic
panel_size,has_bh_care_plan,Has BH Care Plan
panel_size,has_next_bh_appointment,Has Next BH Appointment
panel_size,patient_tier,Patient Tier
panel_size,pcp_name,PCP
panel_size,program_name,Program
panel_size_current,bh_program_status,BH Program Status
panel_size_current,bh_provider,BH Provider
panel_size_current,bh_tier,BH Tier
panel_size_current,clinic,Clinic
panel_size_current,has_bh_care_plan,Has BH Care Plan
panel_size_current,has_next_bh_appointment,Has Next BH Appointment
panel_size_current,patient_tier,Patient Tier
panel_size_current,pcp_name,PCP
panel_size_current,program_name,Program
passives,appointment_type,Appointment Type
passives,clinic_name,Clinic Name
passives,enterprise_id,Enterprise ID
passives,golden_id,Golden ID
passives,nps_category,NPS Category
passives,provider_name,Provider Name
passives,salesforce_id,Salesforce ID
passives,sentiment,Sentiment
patient_count,clinic,Clinic
patient_count,enrollment_status,Enrollment Status
patient_count,membership_membership_status,Membership Status
patient_count,is_active_member,Is Active Member
patient_count,is_attributed,Attributed?
patient_count,is_grandmothered_member,Is Grandmothered Member
patient_count,is_membership_patient,Membership Patient
patient_count,is_paying_member,Is Paying Member
patient_count,member_category,Member Category
patient_count,membership_enrollment,Membership Enrollment
patient_count,membership_plan_type,Plan Type
patient_count,patient_status,Patient Status
patient_count,payment_status,Payment Status
patient_count,primary_insurance,Primary Insurance
patient_count,primary_payor,Primary Payor
patient_count,risk_tier,Risk Tier
patients_no_next_appt,bh_program_status,BH Program Status
patients_no_next_appt,bh_provider,BH Provider
patients_no_next_appt,bh_tier,BH Tier
patients_no_next_appt,clinic,Clinic
patients_no_next_appt,has_bh_care_plan,Has BH Care Plan
patients_no_next_appt,has_next_bh_appointment,Has Next BH Appointment
patients_no_next_appt,patient_tier,Patient Tier
patients_no_next_appt,pcp_name,PCP
patients_no_next_appt,program_name,Program
patients_with_care_plan,bh_program_status,BH Program Status
patients_with_care_plan,bh_provider,BH Provider
patients_with_care_plan,bh_tier,BH Tier
patients_with_care_plan,clinic,Clinic
patients_with_care_plan,has_bh_care_plan,Has BH Care Plan
patients_with_care_plan,has_next_bh_appointment,Has Next BH Appointment
patients_with_care_plan,patient_tier,Patient Tier
patients_with_care_plan,pcp_name,PCP
patients_with_care_plan,program_name,Program
patients_with_email,clinic,Clinic
patients_with_email,is_active_member,Is Active Member
patients_with_email,is_attributed,Attributed?
patients_with_email,is_grandmothered_member,Is Grandmothered Member
patients_with_email,is_membership_patient,Membership Patient
patients_with_email,is_paying_member,Is Paying Member
patients_with_email,member_category,Member Category
patients_with_email,membership_enrollment,Membership Enrollment
patients_with_email,membership_plan_type,Plan Type
patients_with_email,patient_status,Patient Status
patients_with_email,payment_status,Payment Status
patients_with_email,primary_insurance,Primary Insurance
patients_with_email,primary_payor,Primary Payor
patients_with_email,risk_tier,Risk Tier
patients_with_insurance,clinic,Clinic
patients_with_insurance,is_active_member,Is Active Member
patients_with_insurance,is_attributed,Attributed?
patients_with_insurance,is_grandmothered_member,Is Grandmothered Member
patients_with_insurance,is_membership_patient,Membership Patient
patients_with_insurance,is_paying_member,Is Paying Member
patients_with_insurance,member_category,Member Category
patients_with_insurance,membership_enrollment,Membership Enrollment
patients_with_insurance,membership_plan_type,Plan Type
patients_with_insurance,patient_status,Patient Status
patients_with_insurance,payment_status,Payment Status
patients_with_insurance,primary_insurance,Primary Insurance
patients_with_insurance,primary_payor,Primary Payor
patients_with_insurance,risk_tier,Risk Tier
patients_with_pcp,clinic,Clinic
patients_with_pcp,is_active_member,Is Active Member
patients_with_pcp,is_attributed,Attributed?
patients_with_pcp,is_grandmothered_member,Is Grandmothered Member
patients_with_pcp,is_membership_patient,Membership Patient
patients_with_pcp,is_paying_member,Is Paying Member
patients_with_pcp,member_category,Member Category
patients_with_pcp,membership_enrollment,Membership Enrollment
patients_with_pcp,membership_plan_type,Plan Type
patients_with_pcp,patient_status,Patient Status
patients_with_pcp,payment_status,Payment Status
patients_with_pcp,primary_insurance,Primary Insurance
patients_with_pcp,primary_payor,Primary Payor
patients_with_pcp,risk_tier,Risk Tier
patients_with_phone,clinic,Clinic
patients_with_phone,is_active_member,Is Active Member
patients_with_phone,is_attributed,Attributed?
patients_with_phone,is_grandmothered_member,Is Grandmothered Member
patients_with_phone,is_membership_patient,Membership Patient
patients_with_phone,is_paying_member,Is Paying Member
patients_with_phone,member_category,Member Category
patients_with_phone,membership_enrollment,Membership Enrollment
patients_with_phone,membership_plan_type,Plan Type
patients_with_phone,patient_status,Patient Status
patients_with_phone,payment_status,Payment Status
patients_with_phone,primary_insurance,Primary Insurance
patients_with_phone,primary_payor,Primary Payor
patients_with_phone,risk_tier,Risk Tier
pct_gad_assessed,bh_program_status,BH Program Status
pct_gad_assessed,bh_provider,BH Provider
pct_gad_assessed,bh_tier,BH Tier
pct_gad_assessed,clinic,Clinic
pct_gad_assessed,has_bh_care_plan,Has BH Care Plan
pct_gad_assessed,has_next_bh_appointment,Has Next BH Appointment
pct_gad_assessed,patient_tier,Patient Tier
pct_gad_assessed,pcp_name,PCP
pct_gad_assessed,program_name,Program
pct_phq_assessed,bh_program_status,BH Program Status
pct_phq_assessed,bh_provider,BH Provider
pct_phq_assessed,bh_tier,BH Tier
pct_phq_assessed,clinic,Clinic
pct_phq_assessed,has_bh_care_plan,Has BH Care Plan
pct_phq_assessed,has_next_bh_appointment,Has Next BH Appointment
pct_phq_assessed,patient_tier,Patient Tier
pct_phq_assessed,pcp_name,PCP
pct_phq_assessed,program_name,Program
pending_awv_patients,attributed_payor,Attributed Payor
pending_awv_patients,clinic_name,Clinic
pending_awv_patients,clinic_type,Clinic Type
pending_awv_patients,is_bh_no_next,Is BH No-Next
pending_awv_patients,is_no_next,Is No-Next
pending_awv_patients,is_pending_awv,Is Pending AWV
pending_awv_patients,is_pending_mddo,Is Pending MDDO
pending_awv_patients,patient_status,Patient Status
pending_awv_patients,payor_category,Payor Category
pending_awv_patients,primary_insurance,Primary Insurance
pending_awv_patients,scheduling_status,Scheduling Status
pending_awv_patients,tier,Tier
pending_closed_count,department,Department
pending_closed_count,documentation_strength,Documentation Strength
pending_closed_count,hcc_code,HCC Code
pending_closed_count,insurance_group,Insurance Group
pending_closed_count,market,Market
pending_closed_count,provider_name,Provider
pending_closed_count,suggestion_status,Status
pending_mddo_patients,attributed_payor,Attributed Payor
pending_mddo_patients,clinic_name,Clinic
pending_mddo_patients,clinic_type,Clinic Type
pending_mddo_patients,is_bh_no_next,Is BH No-Next
pending_mddo_patients,is_no_next,Is No-Next
pending_mddo_patients,is_pending_awv,Is Pending AWV
pending_mddo_patients,is_pending_mddo,Is Pending MDDO
pending_mddo_patients,patient_status,Patient Status
pending_mddo_patients,payor_category,Payor Category
pending_mddo_patients,primary_insurance,Primary Insurance
pending_mddo_patients,scheduling_status,Scheduling Status
pending_mddo_patients,tier,Tier
phq_assessed_count,bh_program_status,BH Program Status
phq_assessed_count,bh_provider,BH Provider
phq_assessed_count,bh_tier,BH Tier
phq_assessed_count,clinic,Clinic
phq_assessed_count,has_bh_care_plan,Has BH Care Plan
phq_assessed_count,has_next_bh_appointment,Has Next BH Appointment
phq_assessed_count,patient_tier,Patient Tier
phq_assessed_count,pcp_name,PCP
phq_assessed_count,program_name,Program
phq_clinically_significant,bh_program_status,BH Program Status
phq_clinically_significant,bh_provider,BH Provider
phq_clinically_significant,bh_tier,BH Tier
phq_clinically_significant,clinic,Clinic
phq_clinically_significant,has_bh_care_plan,Has BH Care Plan
phq_clinically_significant,has_next_bh_appointment,Has Next BH Appointment
phq_clinically_significant,patient_tier,Patient Tier
phq_clinically_significant,pcp_name,PCP
phq_clinically_significant,program_name,Program
phq_remission_count,bh_program_status,BH Program Status
phq_remission_count,bh_provider,BH Provider
phq_remission_count,bh_tier,BH Tier
phq_remission_count,clinic,Clinic
phq_remission_count,has_bh_care_plan,Has BH Care Plan
phq_remission_count,has_next_bh_appointment,Has Next BH Appointment
phq_remission_count,patient_tier,Patient Tier
phq_remission_count,pcp_name,PCP
phq_remission_count,program_name,Program
phq_response_count,bh_program_status,BH Program Status
phq_response_count,bh_provider,BH Provider
phq_response_count,bh_tier,BH Tier
phq_response_count,clinic,Clinic
phq_response_count,has_bh_care_plan,Has BH Care Plan
phq_response_count,has_next_bh_appointment,Has Next BH Appointment
phq_response_count,patient_tier,Patient Tier
phq_response_count,pcp_name,PCP
phq_response_count,program_name,Program
positive_sentiment_count,attempt_number,Attempt Number
positive_sentiment_count,call_outcome,Call Outcome
positive_sentiment_count,campaign_name,Campaign
positive_sentiment_count,clinic,Clinic
positive_sentiment_count,failure_category,Failure Category
positive_sentiment_count,is_escalated_or_negative,Escalated or Negative?
positive_sentiment_count,outreach_outcome,Outreach Outcome
positive_sentiment_count,primary_care_provider,Primary Care Provider
positive_sentiment_count,primary_payor,Primary Payor
positive_sentiment_count,sentiment,Sentiment
positive_sentiment_pct,appointment_type,Appointment Type
positive_sentiment_pct,clinic_name,Clinic Name
positive_sentiment_pct,enterprise_id,Enterprise ID
positive_sentiment_pct,golden_id,Golden ID
positive_sentiment_pct,nps_category,NPS Category
positive_sentiment_pct,provider_name,Provider Name
positive_sentiment_pct,salesforce_id,Salesforce ID
positive_sentiment_pct,sentiment,Sentiment
promoters,appointment_type,Appointment Type
promoters,clinic_name,Clinic Name
promoters,enterprise_id,Enterprise ID
promoters,golden_id,Golden ID
promoters,nps_category,NPS Category
promoters,provider_name,Provider Name
promoters,salesforce_id,Salesforce ID
promoters,sentiment,Sentiment
prospect_patients,attributed_payor,Attributed Payor
prospect_patients,clinic_name,Clinic
prospect_patients,clinic_type,Clinic Type
prospect_patients,is_bh_no_next,Is BH No-Next
prospect_patients,is_no_next,Is No-Next
prospect_patients,is_pending_awv,Is Pending AWV
prospect_patients,is_pending_mddo,Is Pending MDDO
prospect_patients,patient_status,Patient Status
prospect_patients,payor_category,Payor Category
prospect_patients,primary_insurance,Primary Insurance
prospect_patients,scheduling_status,Scheduling Status
prospect_patients,tier,Tier
prospect_scheduling_rate,account_status,Account Status
prospect_scheduling_rate,clinic,Clinic
prospect_scheduling_rate,enrollment_status,Enrollment Status
prospect_scheduling_rate,membership_membership_status,Membership Status
prospect_scheduling_rate,lead_source,Lead Source
prospect_scheduling_rate,member_category,Member Category
prospect_scheduling_rate,member_journey_stage,Member Journey Stage
prospect_scheduling_rate,member_type,Member Type
prospect_scheduling_rate,membership_attribution,Membership Attribution
prospect_scheduling_rate,patient_status,Patient Status
prospect_scheduling_rate,payment_status,Payment Status
prospect_scheduling_rate,primary_payor,Primary Payor
prospect_scheduling_rate,risk_tier,Risk Tier
prospect_scheduling_rate,utm_campaign,UTM Campaign
prospect_scheduling_rate,utm_medium,UTM Medium
prospect_scheduling_rate,utm_source,UTM Source
prospects,account_status,Account Status
prospects,clinic,Clinic
prospects,enrollment_status,Enrollment Status
prospects,membership_membership_status,Membership Status
prospects,lead_source,Lead Source
prospects,member_category,Member Category
prospects,member_journey_stage,Member Journey Stage
prospects,member_type,Member Type
prospects,membership_attribution,Membership Attribution
prospects,patient_status,Patient Status
prospects,payment_status,Payment Status
prospects,primary_payor,Primary Payor
prospects,risk_tier,Risk Tier
prospects,utm_campaign,UTM Campaign
prospects,utm_medium,UTM Medium
prospects,utm_source,UTM Source
provider_count,provider,Provider
readmission_count,adt_closed_reason,ADT Closed Reason
readmission_count,adt_disposition,ADT Disposition
readmission_count,case_status,Case Status
readmission_count,clinic,Clinic
readmission_count,exclusion_reason,Exclusion Reason
readmission_count,hospital,Hospital
readmission_count,is_excluded,Excluded?
reassigned,provider,Provider
recapture_candidates,department,Department
recapture_candidates,documentation_strength,Documentation Strength
recapture_candidates,hcc_code,HCC Code
recapture_candidates,insurance_group,Insurance Group
recapture_candidates,market,Market
recapture_candidates,provider_name,Provider
recapture_candidates,suggestion_status,Status
recapture_count,department,Department
recapture_count,documentation_strength,Documentation Strength
recapture_count,hcc_code,HCC Code
recapture_count,insurance_group,Insurance Group
recapture_count,market,Market
recapture_count,provider_name,Provider
recapture_count,suggestion_status,Status
recapture_rate,department,Department
recapture_rate,documentation_strength,Documentation Strength
recapture_rate,hcc_code,HCC Code
recapture_rate,insurance_group,Insurance Group
recapture_rate,market,Market
recapture_rate,provider_name,Provider
recapture_rate,suggestion_status,Status
recovery_rate,clinic_city,Clinic City
recovery_rate,is_membership_patient,Is Membership Patient
recovery_rate,npv_category,NPV Category
recovery_rate,provider_group_id,Provider Group
recovery_rate,service_location,Service Location
resolved_count,attempt_number,Attempt Number
resolved_count,call_outcome,Call Outcome
resolved_count,campaign_name,Campaign
resolved_count,clinic,Clinic
resolved_count,failure_category,Failure Category
resolved_count,is_escalated_or_negative,Escalated or Negative?
resolved_count,outreach_outcome,Outreach Outcome
resolved_count,primary_care_provider,Primary Care Provider
resolved_count,primary_payor,Primary Payor
resolved_count,sentiment,Sentiment
response_count,appointment_type,Appointment Type
response_count,clinic_name,Clinic Name
response_count,enterprise_id,Enterprise ID
response_count,golden_id,Golden ID
response_count,nps_category,NPS Category
response_count,provider_name,Provider Name
response_count,salesforce_id,Salesforce ID
response_count,sentiment,Sentiment
retained_patients,attributed_payor,Attributed Payor
retained_patients,insurance_change_reason,Insurance Change Reason
retained_patients,is_current_attribution,Current?
retained_patients,movement_event,Movement Event
retained_patients,preferred_clinic,Clinic
retained_patients,year_month,Year-Month
revenue_active_patient_count,clinic,Clinic
revenue_active_patient_count,is_active_member,Is Active Member
revenue_active_patient_count,is_attributed,Attributed?
revenue_active_patient_count,is_grandmothered_member,Is Grandmothered Member
revenue_active_patient_count,is_membership_patient,Membership Patient
revenue_active_patient_count,is_paying_member,Is Paying Member
revenue_active_patient_count,member_category,Member Category
revenue_active_patient_count,membership_enrollment,Membership Enrollment
revenue_active_patient_count,membership_plan_type,Plan Type
revenue_active_patient_count,patient_status,Patient Status
revenue_active_patient_count,payment_status,Payment Status
revenue_active_patient_count,primary_insurance,Primary Insurance
revenue_active_patient_count,primary_payor,Primary Payor
revenue_active_patient_count,risk_tier,Risk Tier
revenue_patient_count,clinic,Clinic
revenue_patient_count,is_active_member,Is Active Member
revenue_patient_count,is_attributed,Attributed?
revenue_patient_count,is_grandmothered_member,Is Grandmothered Member
revenue_patient_count,is_membership_patient,Membership Patient
revenue_patient_count,is_paying_member,Is Paying Member
revenue_patient_count,member_category,Member Category
revenue_patient_count,membership_enrollment,Membership Enrollment
revenue_patient_count,membership_plan_type,Plan Type
revenue_patient_count,patient_status,Patient Status
revenue_patient_count,payment_status,Payment Status
revenue_patient_count,primary_insurance,Primary Insurance
revenue_patient_count,primary_payor,Primary Payor
revenue_patient_count,risk_tier,Risk Tier
review_rate,department,Department
review_rate,insurance_group,Insurance Group
review_rate,is_reviewed_by_provider,Reviewed?
review_rate,is_scrubbed,Scrubbed?
review_rate,provider_name,Provider
reviewed_visits,department,Department
reviewed_visits,insurance_group,Insurance Group
reviewed_visits,is_reviewed_by_provider,Reviewed?
reviewed_visits,is_scrubbed,Scrubbed?
reviewed_visits,provider_name,Provider
scheduled_count,attempt_number,Attempt Number
scheduled_count,call_outcome,Call Outcome
scheduled_count,campaign_name,Campaign
scheduled_count,clinic,Clinic
scheduled_count,failure_category,Failure Category
scheduled_count,is_escalated_or_negative,Escalated or Negative?
scheduled_count,outreach_outcome,Outreach Outcome
scheduled_count,primary_care_provider,Primary Care Provider
scheduled_count,primary_payor,Primary Payor
scheduled_count,sentiment,Sentiment
scheduled_patients,attributed_payor,Attributed Payor
scheduled_patients,clinic_name,Clinic
scheduled_patients,clinic_type,Clinic Type
scheduled_patients,is_bh_no_next,Is BH No-Next
scheduled_patients,is_no_next,Is No-Next
scheduled_patients,is_pending_awv,Is Pending AWV
scheduled_patients,is_pending_mddo,Is Pending MDDO
scheduled_patients,patient_status,Patient Status
scheduled_patients,payor_category,Payor Category
scheduled_patients,primary_insurance,Primary Insurance
scheduled_patients,scheduling_status,Scheduling Status
scheduled_patients,tier,Tier
scheduled_prospects,account_status,Account Status
scheduled_prospects,clinic,Clinic
scheduled_prospects,enrollment_status,Enrollment Status
scheduled_prospects,membership_membership_status,Membership Status
scheduled_prospects,lead_source,Lead Source
scheduled_prospects,member_category,Member Category
scheduled_prospects,member_journey_stage,Member Journey Stage
scheduled_prospects,member_type,Member Type
scheduled_prospects,membership_attribution,Membership Attribution
scheduled_prospects,patient_status,Patient Status
scheduled_prospects,payment_status,Payment Status
scheduled_prospects,primary_payor,Primary Payor
scheduled_prospects,risk_tier,Risk Tier
scheduled_prospects,utm_campaign,UTM Campaign
scheduled_prospects,utm_medium,UTM Medium
scheduled_prospects,utm_source,UTM Source
scheduled_slots,appointment_type_name,Appointment Type
scheduled_slots,clinic,Clinic
scheduled_slots,is_bh_provider,BH Provider?
scheduled_slots,is_telehealth,Telehealth?
scheduled_slots,bh_provider,BH Provider
scheduled_slots,slot_category,Slot Category
scheduled_slots,slot_outcome,Slot Outcome
scheduling_archetype_avg_confidence,clinic,Clinic
scheduling_archetype_avg_confidence,provider_archetype,Provider Archetype
scheduling_archetype_avg_confidence,provider_name,Provider
scheduling_archetype_awv_focused_providers,clinic,Clinic
scheduling_archetype_awv_focused_providers,provider_archetype,Provider Archetype
scheduling_archetype_awv_focused_providers,provider_name,Provider
scheduling_archetype_awv_slots,clinic,Clinic
scheduling_archetype_awv_slots,provider_archetype,Provider Archetype
scheduling_archetype_awv_slots,provider_name,Provider
scheduling_archetype_completed_slots,clinic,Clinic
scheduling_archetype_completed_slots,provider_archetype,Provider Archetype
scheduling_archetype_completed_slots,provider_name,Provider
scheduling_archetype_extended_visit_providers,clinic,Clinic
scheduling_archetype_extended_visit_providers,provider_archetype,Provider Archetype
scheduling_archetype_extended_visit_providers,provider_name,Provider
scheduling_archetype_light_schedule_providers,clinic,Clinic
scheduling_archetype_light_schedule_providers,provider_archetype,Provider Archetype
scheduling_archetype_light_schedule_providers,provider_name,Provider
scheduling_archetype_providers,clinic,Clinic
scheduling_archetype_providers,provider_archetype,Provider Archetype
scheduling_archetype_providers,provider_name,Provider
scheduling_archetype_rows,clinic,Clinic
scheduling_archetype_rows,provider_archetype,Provider Archetype
scheduling_archetype_rows,provider_name,Provider
scheduling_archetype_telehealth_slots,clinic,Clinic
scheduling_archetype_telehealth_slots,provider_archetype,Provider Archetype
scheduling_archetype_telehealth_slots,provider_name,Provider
scheduling_archetype_total_slots,clinic,Clinic
scheduling_archetype_total_slots,provider_archetype,Provider Archetype
scheduling_archetype_total_slots,provider_name,Provider
scheduling_avg_capacity_confidence,capacity_source,Capacity Source
scheduling_avg_capacity_confidence,clinic,Clinic
scheduling_avg_capacity_confidence,day_name,Day of Week
scheduling_avg_capacity_confidence,provider_name,Provider
scheduling_avg_schedule_consistency,capacity_source,Capacity Source
scheduling_avg_schedule_consistency,clinic,Clinic
scheduling_avg_schedule_consistency,day_name,Day of Week
scheduling_avg_schedule_consistency,provider_name,Provider
scheduling_capacity_providers,capacity_source,Capacity Source
scheduling_capacity_providers,clinic,Clinic
scheduling_capacity_providers,day_name,Day of Week
scheduling_capacity_providers,provider_name,Provider
scheduling_capacity_rows,capacity_source,Capacity Source
scheduling_capacity_rows,clinic,Clinic
scheduling_capacity_rows,day_name,Day of Week
scheduling_capacity_rows,provider_name,Provider
scheduling_ma_avg_peak_concurrent,clinic,Clinic
scheduling_ma_avg_peak_concurrent,ma_coverage_gap,MA Coverage Gap
scheduling_ma_avg_peak_concurrent,provider_name,Provider
scheduling_ma_over_budget_days,clinic,Clinic
scheduling_ma_over_budget_days,ma_coverage_gap,MA Coverage Gap
scheduling_ma_over_budget_days,provider_name,Provider
scheduling_ma_provider_days,clinic,Clinic
scheduling_ma_provider_days,ma_coverage_gap,MA Coverage Gap
scheduling_ma_provider_days,provider_name,Provider
scheduling_ma_required_hours,clinic,Clinic
scheduling_ma_required_hours,ma_coverage_gap,MA Coverage Gap
scheduling_ma_required_hours,provider_name,Provider
scheduling_ma_total_minutes,clinic,Clinic
scheduling_ma_total_minutes,ma_coverage_gap,MA Coverage Gap
scheduling_ma_total_minutes,provider_name,Provider
scheduling_ma_total_scheduled_hours,clinic,Clinic
scheduling_ma_total_scheduled_hours,ma_coverage_gap,MA Coverage Gap
scheduling_ma_total_scheduled_hours,provider_name,Provider
scheduling_rate,attributed_payor,Attributed Payor
scheduling_rate,clinic_name,Clinic
scheduling_rate,clinic_type,Clinic Type
scheduling_rate,is_bh_no_next,Is BH No-Next
scheduling_rate,is_no_next,Is No-Next
scheduling_rate,is_pending_awv,Is Pending AWV
scheduling_rate,is_pending_mddo,Is Pending MDDO
scheduling_rate,patient_status,Patient Status
scheduling_rate,payor_category,Payor Category
scheduling_rate,primary_insurance,Primary Insurance
scheduling_rate,scheduling_status,Scheduling Status
scheduling_rate,tier,Tier
scheduling_success_rate,attempt_number,Attempt Number
scheduling_success_rate,call_outcome,Call Outcome
scheduling_success_rate,campaign_name,Campaign
scheduling_success_rate,clinic,Clinic
scheduling_success_rate,failure_category,Failure Category
scheduling_success_rate,is_escalated_or_negative,Escalated or Negative?
scheduling_success_rate,outreach_outcome,Outreach Outcome
scheduling_success_rate,primary_care_provider,Primary Care Provider
scheduling_success_rate,primary_payor,Primary Payor
scheduling_success_rate,sentiment,Sentiment
scheduling_total_awv_slots,capacity_source,Capacity Source
scheduling_total_awv_slots,clinic,Clinic
scheduling_total_awv_slots,day_name,Day of Week
scheduling_total_awv_slots,provider_name,Provider
scheduling_total_daily_slots,capacity_source,Capacity Source
scheduling_total_daily_slots,clinic,Clinic
scheduling_total_daily_slots,day_name,Day of Week
scheduling_total_daily_slots,provider_name,Provider
scheduling_total_iv_slots,capacity_source,Capacity Source
scheduling_total_iv_slots,clinic,Clinic
scheduling_total_iv_slots,day_name,Day of Week
scheduling_total_iv_slots,provider_name,Provider
scheduling_total_routine_slots,capacity_source,Capacity Source
scheduling_total_routine_slots,clinic,Clinic
scheduling_total_routine_slots,day_name,Day of Week
scheduling_total_routine_slots,provider_name,Provider
seen_by_new_provider,provider,Provider
sf_mddo_actionable_count,analytics_awv_ytd_status,AWV YTD Status
sf_mddo_actionable_count,attributed_payor,Attributed Payor
sf_mddo_actionable_count,attribution_status,Attribution Status
sf_mddo_actionable_count,awv_eligibility_source,AWV Eligibility Source
sf_mddo_actionable_count,clinic,Clinic
sf_mddo_actionable_count,is_active_patient,Active Patient?
sf_mddo_actionable_count,is_analytics_awv_eligible,AWV Eligible?
sf_mddo_actionable_count,medicare_category,Medicare Category
sf_mddo_actionable_count,primary_payor,Primary Payor
sf_mddo_actionable_count,primary_product_type,Primary Product Type
sf_mddo_actionable_count,provider_id,Primary Provider ID
sf_mddo_actionable_count,provider_name,Primary Provider
sf_mddo_actionable_count,sf_mddo_status,SF MDDO Status
sf_mddo_completed_2026_count,analytics_awv_ytd_status,AWV YTD Status
sf_mddo_completed_2026_count,attributed_payor,Attributed Payor
sf_mddo_completed_2026_count,attribution_status,Attribution Status
sf_mddo_completed_2026_count,awv_eligibility_source,AWV Eligibility Source
sf_mddo_completed_2026_count,clinic,Clinic
sf_mddo_completed_2026_count,is_active_patient,Active Patient?
sf_mddo_completed_2026_count,is_analytics_awv_eligible,AWV Eligible?
sf_mddo_completed_2026_count,medicare_category,Medicare Category
sf_mddo_completed_2026_count,primary_payor,Primary Payor
sf_mddo_completed_2026_count,primary_product_type,Primary Product Type
sf_mddo_completed_2026_count,provider_id,Primary Provider ID
sf_mddo_completed_2026_count,provider_name,Primary Provider
sf_mddo_completed_2026_count,sf_mddo_status,SF MDDO Status
sf_mddo_completed_2027_count,analytics_awv_ytd_status,AWV YTD Status
sf_mddo_completed_2027_count,attributed_payor,Attributed Payor
sf_mddo_completed_2027_count,attribution_status,Attribution Status
sf_mddo_completed_2027_count,awv_eligibility_source,AWV Eligibility Source
sf_mddo_completed_2027_count,clinic,Clinic
sf_mddo_completed_2027_count,is_active_patient,Active Patient?
sf_mddo_completed_2027_count,is_analytics_awv_eligible,AWV Eligible?
sf_mddo_completed_2027_count,medicare_category,Medicare Category
sf_mddo_completed_2027_count,primary_payor,Primary Payor
sf_mddo_completed_2027_count,primary_product_type,Primary Product Type
sf_mddo_completed_2027_count,provider_id,Primary Provider ID
sf_mddo_completed_2027_count,provider_name,Primary Provider
sf_mddo_completed_2027_count,sf_mddo_status,SF MDDO Status
sf_mddo_completed_count,analytics_awv_ytd_status,AWV YTD Status
sf_mddo_completed_count,attributed_payor,Attributed Payor
sf_mddo_completed_count,attribution_status,Attribution Status
sf_mddo_completed_count,awv_eligibility_source,AWV Eligibility Source
sf_mddo_completed_count,clinic,Clinic
sf_mddo_completed_count,is_active_patient,Active Patient?
sf_mddo_completed_count,is_analytics_awv_eligible,AWV Eligible?
sf_mddo_completed_count,medicare_category,Medicare Category
sf_mddo_completed_count,primary_payor,Primary Payor
sf_mddo_completed_count,primary_product_type,Primary Product Type
sf_mddo_completed_count,provider_id,Primary Provider ID
sf_mddo_completed_count,provider_name,Primary Provider
sf_mddo_completed_count,sf_mddo_status,SF MDDO Status
sf_mddo_completion_rate,analytics_awv_ytd_status,AWV YTD Status
sf_mddo_completion_rate,attributed_payor,Attributed Payor
sf_mddo_completion_rate,attribution_status,Attribution Status
sf_mddo_completion_rate,awv_eligibility_source,AWV Eligibility Source
sf_mddo_completion_rate,clinic,Clinic
sf_mddo_completion_rate,is_active_patient,Active Patient?
sf_mddo_completion_rate,is_analytics_awv_eligible,AWV Eligible?
sf_mddo_completion_rate,medicare_category,Medicare Category
sf_mddo_completion_rate,primary_payor,Primary Payor
sf_mddo_completion_rate,primary_product_type,Primary Product Type
sf_mddo_completion_rate,provider_id,Primary Provider ID
sf_mddo_completion_rate,provider_name,Primary Provider
sf_mddo_completion_rate,sf_mddo_status,SF MDDO Status
sf_mddo_eligible_count,analytics_awv_ytd_status,AWV YTD Status
sf_mddo_eligible_count,attributed_payor,Attributed Payor
sf_mddo_eligible_count,attribution_status,Attribution Status
sf_mddo_eligible_count,awv_eligibility_source,AWV Eligibility Source
sf_mddo_eligible_count,clinic,Clinic
sf_mddo_eligible_count,is_active_patient,Active Patient?
sf_mddo_eligible_count,is_analytics_awv_eligible,AWV Eligible?
sf_mddo_eligible_count,medicare_category,Medicare Category
sf_mddo_eligible_count,primary_payor,Primary Payor
sf_mddo_eligible_count,primary_product_type,Primary Product Type
sf_mddo_eligible_count,provider_id,Primary Provider ID
sf_mddo_eligible_count,provider_name,Primary Provider
sf_mddo_eligible_count,sf_mddo_status,SF MDDO Status
sf_mddo_scheduled_2026_count,analytics_awv_ytd_status,AWV YTD Status
sf_mddo_scheduled_2026_count,attributed_payor,Attributed Payor
sf_mddo_scheduled_2026_count,attribution_status,Attribution Status
sf_mddo_scheduled_2026_count,awv_eligibility_source,AWV Eligibility Source
sf_mddo_scheduled_2026_count,clinic,Clinic
sf_mddo_scheduled_2026_count,is_active_patient,Active Patient?
sf_mddo_scheduled_2026_count,is_analytics_awv_eligible,AWV Eligible?
sf_mddo_scheduled_2026_count,medicare_category,Medicare Category
sf_mddo_scheduled_2026_count,primary_payor,Primary Payor
sf_mddo_scheduled_2026_count,primary_product_type,Primary Product Type
sf_mddo_scheduled_2026_count,provider_id,Primary Provider ID
sf_mddo_scheduled_2026_count,provider_name,Primary Provider
sf_mddo_scheduled_2026_count,sf_mddo_status,SF MDDO Status
sf_mddo_scheduled_2027_count,analytics_awv_ytd_status,AWV YTD Status
sf_mddo_scheduled_2027_count,attributed_payor,Attributed Payor
sf_mddo_scheduled_2027_count,attribution_status,Attribution Status
sf_mddo_scheduled_2027_count,awv_eligibility_source,AWV Eligibility Source
sf_mddo_scheduled_2027_count,clinic,Clinic
sf_mddo_scheduled_2027_count,is_active_patient,Active Patient?
sf_mddo_scheduled_2027_count,is_analytics_awv_eligible,AWV Eligible?
sf_mddo_scheduled_2027_count,medicare_category,Medicare Category
sf_mddo_scheduled_2027_count,primary_payor,Primary Payor
sf_mddo_scheduled_2027_count,primary_product_type,Primary Product Type
sf_mddo_scheduled_2027_count,provider_id,Primary Provider ID
sf_mddo_scheduled_2027_count,provider_name,Primary Provider
sf_mddo_scheduled_2027_count,sf_mddo_status,SF MDDO Status
sf_mddo_scheduled_count,analytics_awv_ytd_status,AWV YTD Status
sf_mddo_scheduled_count,attributed_payor,Attributed Payor
sf_mddo_scheduled_count,attribution_status,Attribution Status
sf_mddo_scheduled_count,awv_eligibility_source,AWV Eligibility Source
sf_mddo_scheduled_count,clinic,Clinic
sf_mddo_scheduled_count,is_active_patient,Active Patient?
sf_mddo_scheduled_count,is_analytics_awv_eligible,AWV Eligible?
sf_mddo_scheduled_count,medicare_category,Medicare Category
sf_mddo_scheduled_count,primary_payor,Primary Payor
sf_mddo_scheduled_count,primary_product_type,Primary Product Type
sf_mddo_scheduled_count,provider_id,Primary Provider ID
sf_mddo_scheduled_count,provider_name,Primary Provider
sf_mddo_scheduled_count,sf_mddo_status,SF MDDO Status
shifted_patients,attributed_payor,Attributed Payor
shifted_patients,insurance_change_reason,Insurance Change Reason
shifted_patients,is_current_attribution,Current?
shifted_patients,movement_event,Movement Event
shifted_patients,preferred_clinic,Clinic
shifted_patients,year_month,Year-Month
staff_scheduled_count,attempt_number,Attempt Number
staff_scheduled_count,call_outcome,Call Outcome
staff_scheduled_count,campaign_name,Campaign
staff_scheduled_count,clinic,Clinic
staff_scheduled_count,failure_category,Failure Category
staff_scheduled_count,is_escalated_or_negative,Escalated or Negative?
staff_scheduled_count,outreach_outcome,Outreach Outcome
staff_scheduled_count,primary_care_provider,Primary Care Provider
staff_scheduled_count,primary_payor,Primary Payor
staff_scheduled_count,sentiment,Sentiment
still_on_panel,provider,Provider
system_excluded_count,department,Department
system_excluded_count,documentation_strength,Documentation Strength
system_excluded_count,hcc_code,HCC Code
system_excluded_count,insurance_group,Insurance Group
system_excluded_count,market,Market
system_excluded_count,provider_name,Provider
system_excluded_count,suggestion_status,Status
toc_14d_rate,adt_closed_reason,ADT Closed Reason
toc_14d_rate,adt_disposition,ADT Disposition
toc_14d_rate,case_status,Case Status
toc_14d_rate,clinic,Clinic
toc_14d_rate,exclusion_reason,Exclusion Reason
toc_14d_rate,hospital,Hospital
toc_14d_rate,is_excluded,Excluded?
toc_30d_rate,adt_closed_reason,ADT Closed Reason
toc_30d_rate,adt_disposition,ADT Disposition
toc_30d_rate,case_status,Case Status
toc_30d_rate,clinic,Clinic
toc_30d_rate,exclusion_reason,Exclusion Reason
toc_30d_rate,hospital,Hospital
toc_30d_rate,is_excluded,Excluded?
toc_7d_rate,adt_closed_reason,ADT Closed Reason
toc_7d_rate,adt_disposition,ADT Disposition
toc_7d_rate,case_status,Case Status
toc_7d_rate,clinic,Clinic
toc_7d_rate,exclusion_reason,Exclusion Reason
toc_7d_rate,hospital,Hospital
toc_7d_rate,is_excluded,Excluded?
toc_completed_14d_count,adt_closed_reason,ADT Closed Reason
toc_completed_14d_count,adt_disposition,ADT Disposition
toc_completed_14d_count,case_status,Case Status
toc_completed_14d_count,clinic,Clinic
toc_completed_14d_count,exclusion_reason,Exclusion Reason
toc_completed_14d_count,hospital,Hospital
toc_completed_14d_count,is_excluded,Excluded?
toc_completed_14d_pct,adt_closed_reason,ADT Closed Reason
toc_completed_14d_pct,adt_disposition,ADT Disposition
toc_completed_14d_pct,case_status,Case Status
toc_completed_14d_pct,clinic,Clinic
toc_completed_14d_pct,exclusion_reason,Exclusion Reason
toc_completed_14d_pct,hospital,Hospital
toc_completed_14d_pct,is_excluded,Excluded?
toc_completed_7d_count,adt_closed_reason,ADT Closed Reason
toc_completed_7d_count,adt_disposition,ADT Disposition
toc_completed_7d_count,case_status,Case Status
toc_completed_7d_count,clinic,Clinic
toc_completed_7d_count,exclusion_reason,Exclusion Reason
toc_completed_7d_count,hospital,Hospital
toc_completed_7d_count,is_excluded,Excluded?
toc_completed_count,adt_closed_reason,ADT Closed Reason
toc_completed_count,adt_disposition,ADT Disposition
toc_completed_count,case_status,Case Status
toc_completed_count,clinic,Clinic
toc_completed_count,exclusion_reason,Exclusion Reason
toc_completed_count,hospital,Hospital
toc_completed_count,is_excluded,Excluded?
toc_completion_pct,adt_closed_reason,ADT Closed Reason
toc_completion_pct,adt_disposition,ADT Disposition
toc_completion_pct,case_status,Case Status
toc_completion_pct,clinic,Clinic
toc_completion_pct,exclusion_reason,Exclusion Reason
toc_completion_pct,hospital,Hospital
toc_completion_pct,is_excluded,Excluded?
toc_has_appointment_count,adt_closed_reason,ADT Closed Reason
toc_has_appointment_count,adt_disposition,ADT Disposition
toc_has_appointment_count,case_status,Case Status
toc_has_appointment_count,clinic,Clinic
toc_has_appointment_count,exclusion_reason,Exclusion Reason
toc_has_appointment_count,hospital,Hospital
toc_has_appointment_count,is_excluded,Excluded?
toc_scheduled_14d_count,adt_closed_reason,ADT Closed Reason
toc_scheduled_14d_count,adt_disposition,ADT Disposition
toc_scheduled_14d_count,case_status,Case Status
toc_scheduled_14d_count,clinic,Clinic
toc_scheduled_14d_count,exclusion_reason,Exclusion Reason
toc_scheduled_14d_count,hospital,Hospital
toc_scheduled_14d_count,is_excluded,Excluded?
toc_scheduled_7d_count,adt_closed_reason,ADT Closed Reason
toc_scheduled_7d_count,adt_disposition,ADT Disposition
toc_scheduled_7d_count,case_status,Case Status
toc_scheduled_7d_count,clinic,Clinic
toc_scheduled_7d_count,exclusion_reason,Exclusion Reason
toc_scheduled_7d_count,hospital,Hospital
toc_scheduled_7d_count,is_excluded,Excluded?
total_accepted,department,Department
total_accepted,insurance_group,Insurance Group
total_accepted,is_reviewed_by_provider,Reviewed?
total_accepted,is_scrubbed,Scrubbed?
total_accepted,provider_name,Provider
total_attributions,attribution_status,Attribution Status
total_attributions,clinic,Clinic
total_attributions,is_active_patient,Active Patient?
total_attributions,membership_enrollment,Membership Enrollment
total_attributions,primary_payor,Primary Payor
total_attributions,risk_tier,Risk Tier
total_bonus_amount,assigned_clinic,Assigned Clinic
total_bonus_amount,awv_tier,AWV Tier
total_bonus_amount,clinic_standardized,Clinic
total_bonus_amount,hcc_tier,HCC Tier
total_bonus_amount,is_bonus_eligible,Bonus Eligible
total_bonus_amount,next_visit_tier,Next Visit Tier
total_bonus_amount,nps_tier,NPS Tier
total_bonus_amount,provider_name,Provider
total_bonus_amount,provider_type,Provider Type
total_bonus_amount,quality_tier,Quality Tier
total_completed_appointments,account_status,Account Status
total_completed_appointments,clinic,Clinic
total_completed_appointments,enrollment_status,Enrollment Status
total_completed_appointments,membership_membership_status,Membership Status
total_completed_appointments,lead_source,Lead Source
total_completed_appointments,member_category,Member Category
total_completed_appointments,member_journey_stage,Member Journey Stage
total_completed_appointments,member_type,Member Type
total_completed_appointments,membership_attribution,Membership Attribution
total_completed_appointments,patient_status,Patient Status
total_completed_appointments,payment_status,Payment Status
total_completed_appointments,primary_payor,Primary Payor
total_completed_appointments,risk_tier,Risk Tier
total_completed_appointments,utm_campaign,UTM Campaign
total_completed_appointments,utm_medium,UTM Medium
total_completed_appointments,utm_source,UTM Source
total_future_appointments,account_status,Account Status
total_future_appointments,clinic,Clinic
total_future_appointments,enrollment_status,Enrollment Status
total_future_appointments,membership_membership_status,Membership Status
total_future_appointments,lead_source,Lead Source
total_future_appointments,member_category,Member Category
total_future_appointments,member_journey_stage,Member Journey Stage
total_future_appointments,member_type,Member Type
total_future_appointments,membership_attribution,Membership Attribution
total_future_appointments,patient_status,Patient Status
total_future_appointments,payment_status,Payment Status
total_future_appointments,primary_payor,Primary Payor
total_future_appointments,risk_tier,Risk Tier
total_future_appointments,utm_campaign,UTM Campaign
total_future_appointments,utm_medium,UTM Medium
total_future_appointments,utm_source,UTM Source
total_hcc_autogenerated,coder_name,Coder
total_hcc_autogenerated,department,Department
total_hcc_autogenerated,is_reviewed_by_coder,Reviewed by Coder?
total_hcc_autogenerated,provider_name,Provider
total_hcc_manual,coder_name,Coder
total_hcc_manual,department,Department
total_hcc_manual,is_reviewed_by_coder,Reviewed by Coder?
total_hcc_manual,provider_name,Provider
total_hcc_value,department,Department
total_hcc_value,documentation_strength,Documentation Strength
total_hcc_value,hcc_code,HCC Code
total_hcc_value,insurance_group,Insurance Group
total_hcc_value,market,Market
total_hcc_value,provider_name,Provider
total_hcc_value,suggestion_status,Status
total_hcc_value_captured,department,Department
total_hcc_value_captured,insurance_group,Insurance Group
total_hcc_value_captured,is_reviewed_by_provider,Reviewed?
total_hcc_value_captured,is_scrubbed,Scrubbed?
total_hcc_value_captured,provider_name,Provider
total_medicare_count,analytics_awv_ytd_status,AWV YTD Status
total_medicare_count,attributed_payor,Attributed Payor
total_medicare_count,attribution_status,Attribution Status
total_medicare_count,awv_eligibility_source,AWV Eligibility Source
total_medicare_count,clinic,Clinic
total_medicare_count,is_active_patient,Active Patient?
total_medicare_count,is_analytics_awv_eligible,AWV Eligible?
total_medicare_count,medicare_category,Medicare Category
total_medicare_count,primary_payor,Primary Payor
total_medicare_count,primary_product_type,Primary Product Type
total_medicare_count,provider_id,Primary Provider ID
total_medicare_count,provider_name,Primary Provider
total_medicare_count,sf_mddo_status,SF MDDO Status
total_members,account_status,Account Status
total_members,clinic,Clinic
total_members,enrollment_status,Enrollment Status
total_members,membership_membership_status,Membership Status
total_members,lead_source,Lead Source
total_members,member_category,Member Category
total_members,member_journey_stage,Member Journey Stage
total_members,member_type,Member Type
total_members,membership_attribution,Membership Attribution
total_members,patient_status,Patient Status
total_members,payment_status,Payment Status
total_members,primary_payor,Primary Payor
total_members,risk_tier,Risk Tier
total_members,utm_campaign,UTM Campaign
total_members,utm_medium,UTM Medium
total_members,utm_source,UTM Source
total_not_addressed,department,Department
total_not_addressed,insurance_group,Insurance Group
total_not_addressed,is_reviewed_by_provider,Reviewed?
total_not_addressed,is_scrubbed,Scrubbed?
total_not_addressed,provider_name,Provider
total_npv,clinic_city,Clinic City
total_npv,is_membership_patient,Is Membership Patient
total_npv,npv_category,NPV Category
total_npv,provider_group_id,Provider Group
total_npv,service_location,Service Location
total_patients,attribution_status,Attribution Status
total_patients,clinic,Clinic
total_patients,is_active_patient,Active Patient?
total_patients,mdm_payor_category,MDM Payor Category
total_patients,membership_enrollment,Membership Enrollment
total_patients,off_cadence_active,Off Cadence?
total_patients,patient_status,Patient Status
total_patients,payor_category,Payor Category
total_patients,primary_payor,Primary Payor
total_patients,provider_id,Primary Provider ID
total_patients,provider_name,Primary Provider
total_patients,risk_tier,Risk Tier
total_records,adt_closed_reason,ADT Closed Reason
total_records,adt_disposition,ADT Disposition
total_records,case_status,Case Status
total_records,clinic,Clinic
total_records,exclusion_reason,Exclusion Reason
total_records,hospital,Hospital
total_records,is_excluded,Excluded?
total_recovered,clinic_city,Clinic City
total_recovered,is_membership_patient,Is Membership Patient
total_recovered,npv_category,NPV Category
total_recovered,provider_group_id,Provider Group
total_recovered,service_location,Service Location
total_rows,attributed_payor,Attributed Payor
total_rows,insurance_change_reason,Insurance Change Reason
total_rows,is_current_attribution,Current?
total_rows,movement_event,Movement Event
total_rows,preferred_clinic,Clinic
total_rows,year_month,Year-Month
total_scrubs,coder_name,Coder
total_scrubs,department,Department
total_scrubs,is_reviewed_by_coder,Reviewed by Coder?
total_scrubs,provider_name,Provider
total_slots,appointment_type_name,Appointment Type
total_slots,clinic,Clinic
total_slots,is_bh_provider,BH Provider?
total_slots,is_telehealth,Telehealth?
total_slots,bh_provider,BH Provider
total_slots,slot_category,Slot Category
total_slots,slot_outcome,Slot Outcome
total_submissions,attempt_number,Attempt Number
total_submissions,call_outcome,Call Outcome
total_submissions,campaign_name,Campaign
total_submissions,clinic,Clinic
total_submissions,failure_category,Failure Category
total_submissions,is_escalated_or_negative,Escalated or Negative?
total_submissions,outreach_outcome,Outreach Outcome
total_submissions,primary_care_provider,Primary Care Provider
total_submissions,primary_payor,Primary Payor
total_submissions,sentiment,Sentiment
total_suggestions,department,Department
total_suggestions,documentation_strength,Documentation Strength
total_suggestions,hcc_code,HCC Code
total_suggestions,insurance_group,Insurance Group
total_suggestions,market,Market
total_suggestions,provider_name,Provider
total_suggestions,suggestion_status,Status
total_visits,department,Department
total_visits,insurance_group,Insurance Group
total_visits,is_reviewed_by_provider,Reviewed?
total_visits,is_scrubbed,Scrubbed?
total_visits,provider_name,Provider
total_ytd_payout,assigned_clinic,Assigned Clinic
total_ytd_payout,awv_tier,AWV Tier
total_ytd_payout,clinic_standardized,Clinic
total_ytd_payout,hcc_tier,HCC Tier
total_ytd_payout,is_bonus_eligible,Bonus Eligible
total_ytd_payout,next_visit_tier,Next Visit Tier
total_ytd_payout,nps_tier,NPS Tier
total_ytd_payout,provider_name,Provider
total_ytd_payout,provider_type,Provider Type
total_ytd_payout,quality_tier,Quality Tier
truly_lost,clinic_city,Clinic City
truly_lost,is_membership_patient,Is Membership Patient
truly_lost,npv_category,NPV Category
truly_lost,provider_group_id,Provider Group
truly_lost,service_location,Service Location
truly_lost_count,is_currently_on_roster,On Roster?
truly_lost_count,is_truly_lost,Truly Lost?
truly_lost_count,is_voluntary,Voluntary Attributed?
truly_lost_count,mdm_payor_brand,MDM Payor Brand
truly_lost_count,mdm_payor_category,MDM Payor Category
truly_lost_count,off_cadence_active,Off Cadence?
truly_lost_count,operational_segment,Operational Segment
truly_lost_count,population_segment,Population Segment
truly_lost_count,preferred_clinic,Clinic
truly_lost_count,primary_attributed_payor,Primary Attributed Payor
truly_lost_patients,attributed_payor,Attributed Payor
truly_lost_patients,insurance_change_reason,Insurance Change Reason
truly_lost_patients,is_current_attribution,Current?
truly_lost_patients,movement_event,Movement Event
truly_lost_patients,preferred_clinic,Clinic
truly_lost_patients,year_month,Year-Month
unique_cases,attempt_number,Attempt Number
unique_cases,call_outcome,Call Outcome
unique_cases,campaign_name,Campaign
unique_cases,clinic,Clinic
unique_cases,failure_category,Failure Category
unique_cases,is_escalated_or_negative,Escalated or Negative?
unique_cases,outreach_outcome,Outreach Outcome
unique_cases,primary_care_provider,Primary Care Provider
unique_cases,primary_payor,Primary Payor
unique_cases,sentiment,Sentiment
unique_patients,clinic_name,Clinic Name
unique_patients,insurance_category,Insurance Category
unique_patients,last_appointment_type,Last Appointment Type
unique_patients,measure_code,Measure Code
unique_patients,metric_type,Metric Type
unique_patients,next_appointment_type,Next Appointment Type
unique_patients,nps_category,NPS Category
unique_patients,provider_name,Provider Name
unreachable_count,attempt_number,Attempt Number
unreachable_count,call_outcome,Call Outcome
unreachable_count,campaign_name,Campaign
unreachable_count,clinic,Clinic
unreachable_count,failure_category,Failure Category
unreachable_count,is_escalated_or_negative,Escalated or Negative?
unreachable_count,outreach_outcome,Outreach Outcome
unreachable_count,primary_care_provider,Primary Care Provider
unreachable_count,primary_payor,Primary Payor
unreachable_count,sentiment,Sentiment
unresolved_count,attempt_number,Attempt Number
unresolved_count,call_outcome,Call Outcome
unresolved_count,campaign_name,Campaign
unresolved_count,clinic,Clinic
unresolved_count,failure_category,Failure Category
unresolved_count,is_escalated_or_negative,Escalated or Negative?
unresolved_count,outreach_outcome,Outreach Outcome
unresolved_count,primary_care_provider,Primary Care Provider
unresolved_count,primary_payor,Primary Payor
unresolved_count,sentiment,Sentiment
unscheduled_prospects,account_status,Account Status
unscheduled_prospects,clinic,Clinic
unscheduled_prospects,enrollment_status,Enrollment Status
unscheduled_prospects,membership_membership_status,Membership Status
unscheduled_prospects,lead_source,Lead Source
unscheduled_prospects,member_category,Member Category
unscheduled_prospects,member_journey_stage,Member Journey Stage
unscheduled_prospects,member_type,Member Type
unscheduled_prospects,membership_attribution,Membership Attribution
unscheduled_prospects,patient_status,Patient Status
unscheduled_prospects,payment_status,Payment Status
unscheduled_prospects,primary_payor,Primary Payor
unscheduled_prospects,risk_tier,Risk Tier
unscheduled_prospects,utm_campaign,UTM Campaign
unscheduled_prospects,utm_medium,UTM Medium
unscheduled_prospects,utm_source,UTM Source
utilization_pct,clinic,Clinic
utilization_pct,is_telehealth,Telehealth?
utilization_pct,bh_provider,BH Provider
utilization_pct,slot_outcome,Slot Outcome
valid_discharges,adt_closed_reason,ADT Closed Reason
valid_discharges,adt_disposition,ADT Disposition
valid_discharges,case_status,Case Status
valid_discharges,clinic,Clinic
valid_discharges,exclusion_reason,Exclusion Reason
valid_discharges,hospital,Hospital
valid_discharges,is_excluded,Excluded?
voluntary_attributed_count,is_currently_on_roster,On Roster?
voluntary_attributed_count,is_truly_lost,Truly Lost?
voluntary_attributed_count,is_voluntary,Voluntary Attributed?
voluntary_attributed_count,mdm_payor_brand,MDM Payor Brand
voluntary_attributed_count,mdm_payor_category,MDM Payor Category
voluntary_attributed_count,off_cadence_active,Off Cadence?
voluntary_attributed_count,operational_segment,Operational Segment
voluntary_attributed_count,population_segment,Population Segment
voluntary_attributed_count,preferred_clinic,Clinic
voluntary_attributed_count,primary_attributed_payor,Primary Attributed Payor
membership_active_count,billing_cadence,Billing Cadence
active_members_eom,patient_status,Patient Status
active_members_eom,member_category,Member Category
annual_plan_active_members,patient_status,Patient Status
annual_plan_active_members,member_category,Member Category
annual_renewal_eligible_members_eom,patient_status,Patient Status
annual_renewal_eligible_members_eom,member_category,Member Category
annual_renewed_members_eom,patient_status,Patient Status
annual_renewed_members_eom,member_category,Member Category
avg_age_eom,patient_status,Patient Status
avg_age_eom,member_category,Member Category
avg_days_since_visit_eom,patient_status,Patient Status
avg_days_since_visit_eom,member_category,Member Category
churned_paying_eom,patient_status,Patient Status
churned_paying_eom,member_category,Member Category
converted_members_eom,patient_status,Patient Status
converted_members_eom,member_category,Member Category
declined_eom,patient_status,Patient Status
declined_eom,member_category,Member Category
established_members_eom,patient_status,Patient Status
established_members_eom,member_category,Member Category
gm_members_eom,patient_status,Patient Status
gm_members_eom,member_category,Member Category
inactive_members_eom,patient_status,Patient Status
inactive_members_eom,member_category,Member Category
membership_active_member_population,patient_status,Patient Status
membership_active_member_population,member_category,Member Category
membership_annual_plan_pct,patient_status,Patient Status
membership_annual_plan_pct,member_category,Member Category
membership_annual_renewal_rate,patient_status,Patient Status
membership_annual_renewal_rate,member_category,Member Category
membership_arpu,patient_status,Patient Status
membership_arpu,member_category,Member Category
membership_arpu_paying,patient_status,Patient Status
membership_arpu_paying,member_category,Member Category
membership_bh_pct,patient_status,Patient Status
membership_bh_pct,member_category,Member Category
membership_bh_visits,patient_status,Patient Status
membership_bh_visits,member_category,Member Category
membership_cancellation_30_day_count,patient_status,Patient Status
membership_cancellation_30_day_count,member_category,Member Category
membership_cancellation_30_day_rate,patient_status,Patient Status
membership_cancellation_30_day_rate,member_category,Member Category
membership_ltv_paying,patient_status,Patient Status
membership_ltv_paying,member_category,Member Category
membership_members_with_visit_first_90d,patient_status,Patient Status
membership_members_with_visit_first_90d,member_category,Member Category
membership_monthly_churn_rate,patient_status,Patient Status
membership_monthly_churn_rate,member_category,Member Category
membership_monthly_plan_pct,patient_status,Patient Status
membership_monthly_plan_pct,member_category,Member Category
membership_mrr_paying,patient_status,Patient Status
membership_mrr_paying,member_category,Member Category
membership_paying_avg_tenure_months,patient_status,Patient Status
membership_paying_avg_tenure_months,member_category,Member Category
membership_telehealth_pct,patient_status,Patient Status
membership_telehealth_pct,member_category,Member Category
membership_telehealth_visits,patient_status,Patient Status
membership_telehealth_visits,member_category,Member Category
membership_visit_first_90d_pct,patient_status,Patient Status
membership_visit_first_90d_pct,member_category,Member Category
membership_visits_per_member,patient_status,Patient Status
membership_visits_per_member,member_category,Member Category
monthly_plan_active_members,patient_status,Patient Status
monthly_plan_active_members,member_category,Member Category
net_new_members_eom,patient_status,Patient Status
net_new_members_eom,member_category,Member Category
net_paying_growth_eom,patient_status,Patient Status
net_paying_growth_eom,member_category,Member Category
new_gm_members_eom,patient_status,Patient Status
new_gm_members_eom,member_category,Member Category
new_paying_members_eom,patient_status,Patient Status
new_paying_members_eom,member_category,Member Category
nps_delta,patient_status,Patient Status
nps_delta,member_category,Member Category
nps_detractors,patient_status,Patient Status
nps_detractors,member_category,Member Category
nps_promoters,patient_status,Patient Status
nps_promoters,member_category,Member Category
nps_response_count,patient_status,Patient Status
nps_response_count,member_category,Member Category
paying_members_eom,patient_status,Patient Status
paying_members_eom,member_category,Member Category
total_members_eom,patient_status,Patient Status
total_members_eom,member_category,Member Category
paying_billable_members_eom,patient_status,Patient Status
paying_billable_members_eom,member_category,Member Category
active_members_eom,enrollment_status,Enrollment Status
active_members_eom,membership_membership_status,Membership Status
active_members_eom,clinic,Clinic
active_members_eom,primary_care_provider,PCP
active_members_eom,payment_status,Payment Status
annual_plan_active_members,enrollment_status,Enrollment Status
annual_plan_active_members,membership_membership_status,Membership Status
annual_plan_active_members,clinic,Clinic
annual_plan_active_members,primary_care_provider,PCP
annual_plan_active_members,payment_status,Payment Status
annual_renewal_eligible_members_eom,enrollment_status,Enrollment Status
annual_renewal_eligible_members_eom,membership_membership_status,Membership Status
annual_renewal_eligible_members_eom,clinic,Clinic
annual_renewal_eligible_members_eom,primary_care_provider,PCP
annual_renewal_eligible_members_eom,payment_status,Payment Status
annual_renewed_members_eom,enrollment_status,Enrollment Status
annual_renewed_members_eom,membership_membership_status,Membership Status
annual_renewed_members_eom,clinic,Clinic
annual_renewed_members_eom,primary_care_provider,PCP
annual_renewed_members_eom,payment_status,Payment Status
avg_age_eom,enrollment_status,Enrollment Status
avg_age_eom,membership_membership_status,Membership Status
avg_age_eom,clinic,Clinic
avg_age_eom,primary_care_provider,PCP
avg_age_eom,payment_status,Payment Status
avg_days_since_visit_eom,enrollment_status,Enrollment Status
avg_days_since_visit_eom,membership_membership_status,Membership Status
avg_days_since_visit_eom,clinic,Clinic
avg_days_since_visit_eom,primary_care_provider,PCP
avg_days_since_visit_eom,payment_status,Payment Status
churned_paying_eom,enrollment_status,Enrollment Status
churned_paying_eom,membership_membership_status,Membership Status
churned_paying_eom,clinic,Clinic
churned_paying_eom,primary_care_provider,PCP
churned_paying_eom,payment_status,Payment Status
converted_members_eom,enrollment_status,Enrollment Status
converted_members_eom,membership_membership_status,Membership Status
converted_members_eom,clinic,Clinic
converted_members_eom,primary_care_provider,PCP
converted_members_eom,payment_status,Payment Status
declined_eom,enrollment_status,Enrollment Status
declined_eom,membership_membership_status,Membership Status
declined_eom,clinic,Clinic
declined_eom,primary_care_provider,PCP
declined_eom,payment_status,Payment Status
established_members_eom,enrollment_status,Enrollment Status
established_members_eom,membership_membership_status,Membership Status
established_members_eom,clinic,Clinic
established_members_eom,primary_care_provider,PCP
established_members_eom,payment_status,Payment Status
gm_members_eom,enrollment_status,Enrollment Status
gm_members_eom,membership_membership_status,Membership Status
gm_members_eom,clinic,Clinic
gm_members_eom,primary_care_provider,PCP
gm_members_eom,payment_status,Payment Status
inactive_members_eom,enrollment_status,Enrollment Status
inactive_members_eom,membership_membership_status,Membership Status
inactive_members_eom,clinic,Clinic
inactive_members_eom,primary_care_provider,PCP
inactive_members_eom,payment_status,Payment Status
membership_active_count,enrollment_status,Enrollment Status
membership_active_count,membership_membership_status,Membership Status
membership_active_count,primary_care_provider,PCP
membership_active_member_population,enrollment_status,Enrollment Status
membership_active_member_population,membership_membership_status,Membership Status
membership_active_member_population,clinic,Clinic
membership_active_member_population,primary_care_provider,PCP
membership_active_member_population,payment_status,Payment Status
membership_annual_renewal_rate,enrollment_status,Enrollment Status
membership_annual_renewal_rate,membership_membership_status,Membership Status
membership_annual_renewal_rate,clinic,Clinic
membership_annual_renewal_rate,primary_care_provider,PCP
membership_annual_renewal_rate,payment_status,Payment Status
membership_arpu,enrollment_status,Enrollment Status
membership_arpu,membership_membership_status,Membership Status
membership_arpu,clinic,Clinic
membership_arpu,primary_care_provider,PCP
membership_arpu,payment_status,Payment Status
membership_arpu_paying,enrollment_status,Enrollment Status
membership_arpu_paying,membership_membership_status,Membership Status
membership_arpu_paying,clinic,Clinic
membership_arpu_paying,primary_care_provider,PCP
membership_arpu_paying,payment_status,Payment Status
membership_bh_pct,enrollment_status,Enrollment Status
membership_bh_pct,membership_membership_status,Membership Status
membership_bh_pct,clinic,Clinic
membership_bh_pct,primary_care_provider,PCP
membership_bh_pct,payment_status,Payment Status
membership_bh_visits,enrollment_status,Enrollment Status
membership_bh_visits,membership_membership_status,Membership Status
membership_bh_visits,clinic,Clinic
membership_bh_visits,primary_care_provider,PCP
membership_bh_visits,payment_status,Payment Status
membership_cancellation_30_day_count,enrollment_status,Enrollment Status
membership_cancellation_30_day_count,membership_membership_status,Membership Status
membership_cancellation_30_day_count,clinic,Clinic
membership_cancellation_30_day_count,primary_care_provider,PCP
membership_cancellation_30_day_count,payment_status,Payment Status
membership_cancellation_30_day_rate,enrollment_status,Enrollment Status
membership_cancellation_30_day_rate,membership_membership_status,Membership Status
membership_cancellation_30_day_rate,clinic,Clinic
membership_cancellation_30_day_rate,primary_care_provider,PCP
membership_cancellation_30_day_rate,payment_status,Payment Status
membership_legacy_count,enrollment_status,Enrollment Status
membership_legacy_count,membership_membership_status,Membership Status
membership_legacy_count,primary_care_provider,PCP
membership_ltv_paying,enrollment_status,Enrollment Status
membership_ltv_paying,membership_membership_status,Membership Status
membership_ltv_paying,clinic,Clinic
membership_ltv_paying,primary_care_provider,PCP
membership_ltv_paying,payment_status,Payment Status
membership_members_with_visit_first_90d,enrollment_status,Enrollment Status
membership_members_with_visit_first_90d,membership_membership_status,Membership Status
membership_members_with_visit_first_90d,clinic,Clinic
membership_members_with_visit_first_90d,primary_care_provider,PCP
membership_members_with_visit_first_90d,payment_status,Payment Status
membership_monthly_churn_rate,enrollment_status,Enrollment Status
membership_monthly_churn_rate,membership_membership_status,Membership Status
membership_monthly_churn_rate,clinic,Clinic
membership_monthly_churn_rate,primary_care_provider,PCP
membership_monthly_churn_rate,payment_status,Payment Status
membership_monthly_plan_pct,enrollment_status,Enrollment Status
membership_monthly_plan_pct,membership_membership_status,Membership Status
membership_monthly_plan_pct,clinic,Clinic
membership_monthly_plan_pct,primary_care_provider,PCP
membership_monthly_plan_pct,payment_status,Payment Status
membership_mrr,primary_care_provider,PCP
membership_mrr_paying,enrollment_status,Enrollment Status
membership_mrr_paying,membership_membership_status,Membership Status
membership_mrr_paying,clinic,Clinic
membership_mrr_paying,primary_care_provider,PCP
membership_mrr_paying,payment_status,Payment Status
membership_paying_avg_tenure_months,enrollment_status,Enrollment Status
membership_paying_avg_tenure_months,membership_membership_status,Membership Status
membership_paying_avg_tenure_months,clinic,Clinic
membership_paying_avg_tenure_months,primary_care_provider,PCP
membership_paying_avg_tenure_months,payment_status,Payment Status
membership_standard_count,enrollment_status,Enrollment Status
membership_standard_count,membership_membership_status,Membership Status
membership_standard_count,primary_care_provider,PCP
membership_telehealth_pct,enrollment_status,Enrollment Status
membership_telehealth_pct,membership_membership_status,Membership Status
membership_telehealth_pct,clinic,Clinic
membership_telehealth_pct,primary_care_provider,PCP
membership_telehealth_pct,payment_status,Payment Status
membership_telehealth_visits,enrollment_status,Enrollment Status
membership_telehealth_visits,membership_membership_status,Membership Status
membership_telehealth_visits,clinic,Clinic
membership_telehealth_visits,primary_care_provider,PCP
membership_telehealth_visits,payment_status,Payment Status
membership_unique_patients_seen,patient_status,Patient Status
membership_unique_patients_seen,member_category,Member Category
membership_unique_patients_seen,enrollment_status,Enrollment Status
membership_unique_patients_seen,membership_membership_status,Membership Status
membership_unique_patients_seen,clinic,Clinic
membership_unique_patients_seen,primary_care_provider,PCP
membership_unique_patients_seen,payment_status,Payment Status
membership_visit_first_90d_pct,enrollment_status,Enrollment Status
membership_visit_first_90d_pct,membership_membership_status,Membership Status
membership_visit_first_90d_pct,clinic,Clinic
membership_visit_first_90d_pct,primary_care_provider,PCP
membership_visit_first_90d_pct,payment_status,Payment Status
membership_visits_per_member,enrollment_status,Enrollment Status
membership_visits_per_member,membership_membership_status,Membership Status
membership_visits_per_member,clinic,Clinic
membership_visits_per_member,primary_care_provider,PCP
membership_visits_per_member,payment_status,Payment Status
monthly_plan_active_members,enrollment_status,Enrollment Status
monthly_plan_active_members,membership_membership_status,Membership Status
monthly_plan_active_members,clinic,Clinic
monthly_plan_active_members,primary_care_provider,PCP
monthly_plan_active_members,payment_status,Payment Status
net_new_members_eom,enrollment_status,Enrollment Status
net_new_members_eom,membership_membership_status,Membership Status
net_new_members_eom,clinic,Clinic
net_new_members_eom,primary_care_provider,PCP
net_new_members_eom,payment_status,Payment Status
net_paying_growth_eom,enrollment_status,Enrollment Status
net_paying_growth_eom,membership_membership_status,Membership Status
net_paying_growth_eom,clinic,Clinic
net_paying_growth_eom,primary_care_provider,PCP
net_paying_growth_eom,payment_status,Payment Status
new_gm_members_eom,enrollment_status,Enrollment Status
new_gm_members_eom,membership_membership_status,Membership Status
new_gm_members_eom,clinic,Clinic
new_gm_members_eom,primary_care_provider,PCP
new_gm_members_eom,payment_status,Payment Status
new_paying_members_eom,enrollment_status,Enrollment Status
new_paying_members_eom,membership_membership_status,Membership Status
new_paying_members_eom,clinic,Clinic
new_paying_members_eom,primary_care_provider,PCP
new_paying_members_eom,payment_status,Payment Status
nps_delta,enrollment_status,Enrollment Status
nps_delta,membership_membership_status,Membership Status
nps_delta,clinic,Clinic
nps_delta,primary_care_provider,PCP
nps_delta,payment_status,Payment Status
nps_detractors,enrollment_status,Enrollment Status
nps_detractors,membership_membership_status,Membership Status
nps_detractors,clinic,Clinic
nps_detractors,primary_care_provider,PCP
nps_detractors,payment_status,Payment Status
nps_promoters,enrollment_status,Enrollment Status
nps_promoters,membership_membership_status,Membership Status
nps_promoters,clinic,Clinic
nps_promoters,primary_care_provider,PCP
nps_promoters,payment_status,Payment Status
nps_response_count,enrollment_status,Enrollment Status
nps_response_count,membership_membership_status,Membership Status
nps_response_count,clinic,Clinic
nps_response_count,primary_care_provider,PCP
nps_response_count,payment_status,Payment Status
paying_billable_members_eom,enrollment_status,Enrollment Status
paying_billable_members_eom,membership_membership_status,Membership Status
paying_billable_members_eom,clinic,Clinic
paying_billable_members_eom,primary_care_provider,PCP
paying_billable_members_eom,payment_status,Payment Status
paying_members_eom,enrollment_status,Enrollment Status
paying_members_eom,membership_membership_status,Membership Status
paying_members_eom,clinic,Clinic
paying_members_eom,primary_care_provider,PCP
paying_members_eom,payment_status,Payment Status
total_members_eom,enrollment_status,Enrollment Status
total_members_eom,membership_membership_status,Membership Status
total_members_eom,clinic,Clinic
total_members_eom,primary_care_provider,PCP
total_members_eom,payment_status,Payment Status
patients_with_care_plan,has_active_cm_care_plan,Has Active CM Care Plan
patients_with_care_plan,has_active_cm_with_events,Has Active CM With Events
panel_size,has_active_cm_care_plan,Has Active CM Care Plan
panel_size,has_active_cm_with_events,Has Active CM With Events
panel_size_current,has_active_cm_care_plan,Has Active CM Care Plan
panel_size_current,has_active_cm_with_events,Has Active CM With Events
mini_cog_awv_completed_count,clinic_name,Clinic
mini_cog_awv_completed_count,provider_name,Provider
mini_cog_awv_completed_count,mini_cog_score_bucket,Mini-Cog Score
mini_cog_scored_count,clinic_name,Clinic
mini_cog_scored_count,provider_name,Provider
mini_cog_scored_count,mini_cog_score_bucket,Mini-Cog Score
mini_cog_completion_rate,clinic_name,Clinic
mini_cog_completion_rate,provider_name,Provider
mini_cog_positive_screen_rate,clinic_name,Clinic
mini_cog_positive_screen_rate,provider_name,Provider
mini_cog_missing_count,clinic_name,Clinic
mini_cog_missing_count,provider_name,Provider
analytics_awv_gap_rate,analytics_awv_ytd_status,AWV YTD Status
analytics_awv_gap_rate,attributed_payor,Attributed Payor
analytics_awv_gap_rate,attribution_status,Attribution Status
analytics_awv_gap_rate,awv_eligibility_source,AWV Eligibility Source
analytics_awv_gap_rate,clinic,Clinic
analytics_awv_gap_rate,is_active_patient,Active Patient?
analytics_awv_gap_rate,is_analytics_awv_eligible,AWV Eligible?
analytics_awv_gap_rate,medicare_category,Medicare Category
analytics_awv_gap_rate,primary_payor,Primary Payor
analytics_awv_gap_rate,primary_product_type,Primary Product Type
analytics_awv_gap_rate,provider_id,Primary Provider ID
analytics_awv_gap_rate,provider_name,Primary Provider
analytics_awv_gap_rate,sf_mddo_status,SF MDDO Status
appointments_total_appointments,is_awv,Is AWV
appointments_total_appointments,clinic_name,Clinic
appointments_total_appointments,provider_name,Provider
appointments_total_appointments,scheduling_channel,Scheduling Channel
appointments_total_appointments,appointment_type_name,Appointment Type
appointments_total_appointments,is_future_appointment,Future?
appointments_total_appointments,is_cancelled,Cancelled?
appointments_total_appointments,is_behavioral_health,BH?
appointments_total_appointments,visit_category,Visit Category
appointments_total_appointments,slot_status,Slot Status
appointments_total_appointments,npv_recovery_category,NPV Recovery Category
appointments_total_appointments,is_telehealth,Telehealth?
appointments_total_appointments,is_membership_visit,Membership Visit
appointments_completed_visits,is_awv,Is AWV
appointments_completed_visits,clinic_name,Clinic
appointments_completed_visits,provider_name,Provider
appointments_completed_visits,scheduling_channel,Scheduling Channel
appointments_completed_visits,appointment_type_name,Appointment Type
appointments_completed_visits,is_future_appointment,Future?
appointments_completed_visits,is_cancelled,Cancelled?
appointments_completed_visits,is_behavioral_health,BH?
appointments_completed_visits,visit_category,Visit Category
appointments_completed_visits,slot_status,Slot Status
appointments_completed_visits,npv_recovery_category,NPV Recovery Category
appointments_completed_visits,is_telehealth,Telehealth?
appointments_completed_visits,is_membership_visit,Membership Visit
appointments_cancelled_appointments,is_awv,Is AWV
appointments_cancelled_appointments,clinic_name,Clinic
appointments_cancelled_appointments,provider_name,Provider
appointments_cancelled_appointments,scheduling_channel,Scheduling Channel
appointments_cancelled_appointments,appointment_type_name,Appointment Type
appointments_cancelled_appointments,is_future_appointment,Future?
appointments_cancelled_appointments,is_cancelled,Cancelled?
appointments_cancelled_appointments,is_behavioral_health,BH?
appointments_cancelled_appointments,visit_category,Visit Category
appointments_cancelled_appointments,slot_status,Slot Status
appointments_cancelled_appointments,npv_recovery_category,NPV Recovery Category
appointments_cancelled_appointments,is_telehealth,Telehealth?
appointments_cancelled_appointments,is_membership_visit,Membership Visit
appointments_no_shows,is_awv,Is AWV
appointments_no_shows,clinic_name,Clinic
appointments_no_shows,provider_name,Provider
appointments_no_shows,scheduling_channel,Scheduling Channel
appointments_no_shows,appointment_type_name,Appointment Type
appointments_no_shows,is_future_appointment,Future?
appointments_no_shows,is_cancelled,Cancelled?
appointments_no_shows,is_behavioral_health,BH?
appointments_no_shows,visit_category,Visit Category
appointments_no_shows,slot_status,Slot Status
appointments_no_shows,npv_recovery_category,NPV Recovery Category
appointments_no_shows,is_telehealth,Telehealth?
appointments_no_shows,is_membership_visit,Membership Visit
rescheduled_appointments,is_awv,Is AWV
rescheduled_appointments,clinic_name,Clinic
rescheduled_appointments,provider_name,Provider
rescheduled_appointments,scheduling_channel,Scheduling Channel
rescheduled_appointments,appointment_type_name,Appointment Type
rescheduled_appointments,is_future_appointment,Future?
rescheduled_appointments,is_cancelled,Cancelled?
rescheduled_appointments,is_behavioral_health,BH?
rescheduled_appointments,visit_category,Visit Category
rescheduled_appointments,slot_status,Slot Status
rescheduled_appointments,npv_recovery_category,NPV Recovery Category
rescheduled_appointments,is_telehealth,Telehealth?
rescheduled_appointments,is_membership_visit,Membership Visit
appointments_truly_cancelled_appointments,is_awv,Is AWV
appointments_truly_cancelled_appointments,clinic_name,Clinic
appointments_truly_cancelled_appointments,provider_name,Provider
appointments_truly_cancelled_appointments,scheduling_channel,Scheduling Channel
appointments_truly_cancelled_appointments,appointment_type_name,Appointment Type
appointments_truly_cancelled_appointments,is_future_appointment,Future?
appointments_truly_cancelled_appointments,is_cancelled,Cancelled?
appointments_truly_cancelled_appointments,is_behavioral_health,BH?
appointments_truly_cancelled_appointments,visit_category,Visit Category
appointments_truly_cancelled_appointments,slot_status,Slot Status
appointments_truly_cancelled_appointments,npv_recovery_category,NPV Recovery Category
appointments_truly_cancelled_appointments,is_telehealth,Telehealth?
appointments_truly_cancelled_appointments,is_membership_visit,Membership Visit
initial_visits,is_awv,Is AWV
initial_visits,clinic_name,Clinic
initial_visits,provider_name,Provider
initial_visits,scheduling_channel,Scheduling Channel
initial_visits,appointment_type_name,Appointment Type
initial_visits,is_future_appointment,Future?
initial_visits,is_cancelled,Cancelled?
initial_visits,is_behavioral_health,BH?
initial_visits,visit_category,Visit Category
initial_visits,slot_status,Slot Status
initial_visits,npv_recovery_category,NPV Recovery Category
initial_visits,is_telehealth,Telehealth?
initial_visits,is_membership_visit,Membership Visit
awv_visits,is_awv,Is AWV
awv_visits,clinic_name,Clinic
awv_visits,provider_name,Provider
awv_visits,scheduling_channel,Scheduling Channel
awv_visits,appointment_type_name,Appointment Type
awv_visits,is_future_appointment,Future?
awv_visits,is_cancelled,Cancelled?
awv_visits,is_behavioral_health,BH?
awv_visits,visit_category,Visit Category
awv_visits,slot_status,Slot Status
awv_visits,npv_recovery_category,NPV Recovery Category
awv_visits,is_telehealth,Telehealth?
awv_visits,is_membership_visit,Membership Visit
appointments_open_slots,is_awv,Is AWV
appointments_open_slots,clinic_name,Clinic
appointments_open_slots,provider_name,Provider
appointments_open_slots,scheduling_channel,Scheduling Channel
appointments_open_slots,appointment_type_name,Appointment Type
appointments_open_slots,is_future_appointment,Future?
appointments_open_slots,is_cancelled,Cancelled?
appointments_open_slots,is_behavioral_health,BH?
appointments_open_slots,visit_category,Visit Category
appointments_open_slots,slot_status,Slot Status
appointments_open_slots,npv_recovery_category,NPV Recovery Category
appointments_open_slots,is_telehealth,Telehealth?
appointments_open_slots,is_membership_visit,Membership Visit
appointments_filled_slots,is_awv,Is AWV
appointments_filled_slots,clinic_name,Clinic
appointments_filled_slots,provider_name,Provider
appointments_filled_slots,scheduling_channel,Scheduling Channel
appointments_filled_slots,appointment_type_name,Appointment Type
appointments_filled_slots,is_future_appointment,Future?
appointments_filled_slots,is_cancelled,Cancelled?
appointments_filled_slots,is_behavioral_health,BH?
appointments_filled_slots,visit_category,Visit Category
appointments_filled_slots,slot_status,Slot Status
appointments_filled_slots,npv_recovery_category,NPV Recovery Category
appointments_filled_slots,is_telehealth,Telehealth?
appointments_filled_slots,is_membership_visit,Membership Visit
npv_truly_lost,is_awv,Is AWV
npv_truly_lost,clinic_name,Clinic
npv_truly_lost,provider_name,Provider
npv_truly_lost,scheduling_channel,Scheduling Channel
npv_truly_lost,appointment_type_name,Appointment Type
npv_truly_lost,is_future_appointment,Future?
npv_truly_lost,is_cancelled,Cancelled?
npv_truly_lost,is_behavioral_health,BH?
npv_truly_lost,visit_category,Visit Category
npv_truly_lost,slot_status,Slot Status
npv_truly_lost,npv_recovery_category,NPV Recovery Category
npv_truly_lost,is_telehealth,Telehealth?
npv_truly_lost,is_membership_visit,Membership Visit
membership_completed_visits,is_awv,Is AWV
membership_completed_visits,clinic_name,Clinic
membership_completed_visits,provider_name,Provider
membership_completed_visits,scheduling_channel,Scheduling Channel
membership_completed_visits,appointment_type_name,Appointment Type
membership_completed_visits,is_future_appointment,Future?
membership_completed_visits,is_cancelled,Cancelled?
membership_completed_visits,is_behavioral_health,BH?
membership_completed_visits,visit_category,Visit Category
membership_completed_visits,slot_status,Slot Status
membership_completed_visits,npv_recovery_category,NPV Recovery Category
membership_completed_visits,is_telehealth,Telehealth?
membership_completed_visits,is_membership_visit,Membership Visit
unique_patients_seen,is_awv,Is AWV
unique_patients_seen,clinic_name,Clinic
unique_patients_seen,provider_name,Provider
unique_patients_seen,scheduling_channel,Scheduling Channel
unique_patients_seen,appointment_type_name,Appointment Type
unique_patients_seen,is_future_appointment,Future?
unique_patients_seen,is_cancelled,Cancelled?
unique_patients_seen,is_behavioral_health,BH?
unique_patients_seen,visit_category,Visit Category
unique_patients_seen,slot_status,Slot Status
unique_patients_seen,npv_recovery_category,NPV Recovery Category
unique_patients_seen,is_telehealth,Telehealth?
unique_patients_seen,is_membership_visit,Membership Visit
appointments_cancellation_rate,is_awv,Is AWV
appointments_cancellation_rate,clinic_name,Clinic
appointments_cancellation_rate,provider_name,Provider
appointments_cancellation_rate,scheduling_channel,Scheduling Channel
appointments_cancellation_rate,appointment_type_name,Appointment Type
appointments_cancellation_rate,is_future_appointment,Future?
appointments_cancellation_rate,is_cancelled,Cancelled?
appointments_cancellation_rate,is_behavioral_health,BH?
appointments_cancellation_rate,visit_category,Visit Category
appointments_cancellation_rate,slot_status,Slot Status
appointments_cancellation_rate,npv_recovery_category,NPV Recovery Category
appointments_cancellation_rate,is_telehealth,Telehealth?
appointments_cancellation_rate,is_membership_visit,Membership Visit
appointments_no_show_rate,is_awv,Is AWV
appointments_no_show_rate,clinic_name,Clinic
appointments_no_show_rate,provider_name,Provider
appointments_no_show_rate,scheduling_channel,Scheduling Channel
appointments_no_show_rate,appointment_type_name,Appointment Type
appointments_no_show_rate,is_future_appointment,Future?
appointments_no_show_rate,is_cancelled,Cancelled?
appointments_no_show_rate,is_behavioral_health,BH?
appointments_no_show_rate,visit_category,Visit Category
appointments_no_show_rate,slot_status,Slot Status
appointments_no_show_rate,npv_recovery_category,NPV Recovery Category
appointments_no_show_rate,is_telehealth,Telehealth?
appointments_no_show_rate,is_membership_visit,Membership Visit
reschedule_rate,is_awv,Is AWV
reschedule_rate,clinic_name,Clinic
reschedule_rate,provider_name,Provider
reschedule_rate,scheduling_channel,Scheduling Channel
reschedule_rate,appointment_type_name,Appointment Type
reschedule_rate,is_future_appointment,Future?
reschedule_rate,is_cancelled,Cancelled?
reschedule_rate,is_behavioral_health,BH?
reschedule_rate,visit_category,Visit Category
reschedule_rate,slot_status,Slot Status
reschedule_rate,npv_recovery_category,NPV Recovery Category
reschedule_rate,is_telehealth,Telehealth?
reschedule_rate,is_membership_visit,Membership Visit
true_cancel_rate_resolved,is_awv,Is AWV
true_cancel_rate_resolved,clinic_name,Clinic
true_cancel_rate_resolved,provider_name,Provider
true_cancel_rate_resolved,scheduling_channel,Scheduling Channel
true_cancel_rate_resolved,appointment_type_name,Appointment Type
true_cancel_rate_resolved,is_future_appointment,Future?
true_cancel_rate_resolved,is_cancelled,Cancelled?
true_cancel_rate_resolved,is_behavioral_health,BH?
true_cancel_rate_resolved,visit_category,Visit Category
true_cancel_rate_resolved,slot_status,Slot Status
true_cancel_rate_resolved,npv_recovery_category,NPV Recovery Category
true_cancel_rate_resolved,is_telehealth,Telehealth?
true_cancel_rate_resolved,is_membership_visit,Membership Visit
appointments_slot_fill_rate,is_awv,Is AWV
appointments_slot_fill_rate,clinic_name,Clinic
appointments_slot_fill_rate,provider_name,Provider
appointments_slot_fill_rate,scheduling_channel,Scheduling Channel
appointments_slot_fill_rate,appointment_type_name,Appointment Type
appointments_slot_fill_rate,is_future_appointment,Future?
appointments_slot_fill_rate,is_cancelled,Cancelled?
appointments_slot_fill_rate,is_behavioral_health,BH?
appointments_slot_fill_rate,visit_category,Visit Category
appointments_slot_fill_rate,slot_status,Slot Status
appointments_slot_fill_rate,npv_recovery_category,NPV Recovery Category
appointments_slot_fill_rate,is_telehealth,Telehealth?
appointments_slot_fill_rate,is_membership_visit,Membership Visit
scheduling_total_appointments,visit_category,Visit Category
scheduling_total_appointments,slot_status,Slot Status
scheduling_total_appointments,is_behavioral_health,BH?
scheduling_total_appointments,is_telehealth,Telehealth?
scheduling_completed_visits,visit_category,Visit Category
scheduling_completed_visits,slot_status,Slot Status
scheduling_completed_visits,is_behavioral_health,BH?
scheduling_completed_visits,is_telehealth,Telehealth?
scheduling_cancelled_appointments,visit_category,Visit Category
scheduling_cancelled_appointments,slot_status,Slot Status
scheduling_cancelled_appointments,is_behavioral_health,BH?
scheduling_cancelled_appointments,is_telehealth,Telehealth?
scheduling_no_shows,visit_category,Visit Category
scheduling_no_shows,slot_status,Slot Status
scheduling_no_shows,is_behavioral_health,BH?
scheduling_no_shows,is_telehealth,Telehealth?
scheduling_open_slots,visit_category,Visit Category
scheduling_open_slots,slot_status,Slot Status
scheduling_open_slots,is_behavioral_health,BH?
scheduling_open_slots,is_telehealth,Telehealth?
scheduling_filled_slots,visit_category,Visit Category
scheduling_filled_slots,slot_status,Slot Status
scheduling_filled_slots,is_behavioral_health,BH?
scheduling_filled_slots,is_telehealth,Telehealth?
scheduling_slot_fill_rate,visit_category,Visit Category
scheduling_slot_fill_rate,slot_status,Slot Status
scheduling_slot_fill_rate,is_behavioral_health,BH?
scheduling_slot_fill_rate,is_telehealth,Telehealth?
scheduling_no_show_rate,visit_category,Visit Category
scheduling_no_show_rate,slot_status,Slot Status
scheduling_no_show_rate,is_behavioral_health,BH?
scheduling_no_show_rate,is_telehealth,Telehealth?
scheduling_cancellation_rate,visit_category,Visit Category
scheduling_cancellation_rate,slot_status,Slot Status
scheduling_cancellation_rate,is_behavioral_health,BH?
scheduling_cancellation_rate,is_telehealth,Telehealth?
vtco_cancelled_appointments,visit_type_class,Visit Type Class
vtco_recovered_appointments,visit_type_class,Visit Type Class
vtco_drift_appointments,visit_type_class,Visit Type Class
vtco_hard_leakage_appointments,visit_type_class,Visit Type Class
vtco_recovered_pct,visit_type_class,Visit Type Class
vtco_drift_pct,visit_type_class,Visit Type Class
vtco_hard_leakage_pct,visit_type_class,Visit Type Class
imaging_total_capacity,modality,Modality
imaging_total_capacity,imaging_order_type,Imaging Order Type
imaging_total_capacity,clinic,Clinic
imaging_total_capacity,pcp_clinic,PCP Clinic
imaging_total_capacity,provider_name,Provider
imaging_total_capacity,primary_care_provider,Primary Care Provider
imaging_total_capacity,ordering_provider,Ordering Provider
imaging_total_capacity,record_type,Record Type
imaging_open_slots,modality,Modality
imaging_open_slots,imaging_order_type,Imaging Order Type
imaging_open_slots,clinic,Clinic
imaging_open_slots,pcp_clinic,PCP Clinic
imaging_open_slots,provider_name,Provider
imaging_open_slots,primary_care_provider,Primary Care Provider
imaging_open_slots,ordering_provider,Ordering Provider
imaging_open_slots,record_type,Record Type
imaging_filled_slots,modality,Modality
imaging_filled_slots,imaging_order_type,Imaging Order Type
imaging_filled_slots,clinic,Clinic
imaging_filled_slots,pcp_clinic,PCP Clinic
imaging_filled_slots,provider_name,Provider
imaging_filled_slots,primary_care_provider,Primary Care Provider
imaging_filled_slots,ordering_provider,Ordering Provider
imaging_filled_slots,record_type,Record Type
imaging_completed_slots,modality,Modality
imaging_completed_slots,imaging_order_type,Imaging Order Type
imaging_completed_slots,clinic,Clinic
imaging_completed_slots,pcp_clinic,PCP Clinic
imaging_completed_slots,provider_name,Provider
imaging_completed_slots,primary_care_provider,Primary Care Provider
imaging_completed_slots,ordering_provider,Ordering Provider
imaging_completed_slots,record_type,Record Type
imaging_cancelled_slots,modality,Modality
imaging_cancelled_slots,imaging_order_type,Imaging Order Type
imaging_cancelled_slots,clinic,Clinic
imaging_cancelled_slots,pcp_clinic,PCP Clinic
imaging_cancelled_slots,provider_name,Provider
imaging_cancelled_slots,primary_care_provider,Primary Care Provider
imaging_cancelled_slots,ordering_provider,Ordering Provider
imaging_cancelled_slots,record_type,Record Type
imaging_utilization_pct,modality,Modality
imaging_utilization_pct,imaging_order_type,Imaging Order Type
imaging_utilization_pct,clinic,Clinic
imaging_utilization_pct,pcp_clinic,PCP Clinic
imaging_utilization_pct,provider_name,Provider
imaging_utilization_pct,primary_care_provider,Primary Care Provider
imaging_utilization_pct,ordering_provider,Ordering Provider
imaging_utilization_pct,record_type,Record Type
imaging_completion_pct,modality,Modality
imaging_completion_pct,imaging_order_type,Imaging Order Type
imaging_completion_pct,clinic,Clinic
imaging_completion_pct,pcp_clinic,PCP Clinic
imaging_completion_pct,provider_name,Provider
imaging_completion_pct,primary_care_provider,Primary Care Provider
imaging_completion_pct,ordering_provider,Ordering Provider
imaging_completion_pct,record_type,Record Type
imaging_total_orders,modality,Modality
imaging_total_orders,imaging_order_type,Imaging Order Type
imaging_total_orders,clinic,Clinic
imaging_total_orders,pcp_clinic,PCP Clinic
imaging_total_orders,provider_name,Provider
imaging_total_orders,primary_care_provider,Primary Care Provider
imaging_total_orders,ordering_provider,Ordering Provider
imaging_total_orders,record_type,Record Type
imaging_total_results,modality,Modality
imaging_total_results,imaging_order_type,Imaging Order Type
imaging_total_results,clinic,Clinic
imaging_total_results,pcp_clinic,PCP Clinic
imaging_total_results,provider_name,Provider
imaging_total_results,primary_care_provider,Primary Care Provider
imaging_total_results,ordering_provider,Ordering Provider
imaging_total_results,record_type,Record Type
imaging_order_to_result_rate,modality,Modality
imaging_order_to_result_rate,imaging_order_type,Imaging Order Type
imaging_order_to_result_rate,clinic,Clinic
imaging_order_to_result_rate,pcp_clinic,PCP Clinic
imaging_order_to_result_rate,provider_name,Provider
imaging_order_to_result_rate,primary_care_provider,Primary Care Provider
imaging_order_to_result_rate,ordering_provider,Ordering Provider
imaging_order_to_result_rate,record_type,Record Type
imaging_sendout_results,modality,Modality
imaging_sendout_results,imaging_order_type,Imaging Order Type
imaging_sendout_results,clinic,Clinic
imaging_sendout_results,pcp_clinic,PCP Clinic
imaging_sendout_results,provider_name,Provider
imaging_sendout_results,primary_care_provider,Primary Care Provider
imaging_sendout_results,ordering_provider,Ordering Provider
imaging_sendout_results,record_type,Record Type
imaging_inhouse_results,modality,Modality
imaging_inhouse_results,imaging_order_type,Imaging Order Type
imaging_inhouse_results,clinic,Clinic
imaging_inhouse_results,pcp_clinic,PCP Clinic
imaging_inhouse_results,provider_name,Provider
imaging_inhouse_results,primary_care_provider,Primary Care Provider
imaging_inhouse_results,ordering_provider,Ordering Provider
imaging_inhouse_results,record_type,Record Type
imaging_sendout_rate,modality,Modality
imaging_sendout_rate,imaging_order_type,Imaging Order Type
imaging_sendout_rate,clinic,Clinic
imaging_sendout_rate,pcp_clinic,PCP Clinic
imaging_sendout_rate,provider_name,Provider
imaging_sendout_rate,primary_care_provider,Primary Care Provider
imaging_sendout_rate,ordering_provider,Ordering Provider
imaging_sendout_rate,record_type,Record Type
imaging_total_results,service_setting,Service Setting
imaging_total_results,result_facility,Performing Facility
imaging_order_to_result_rate,service_setting,Service Setting
imaging_order_to_result_rate,result_facility,Performing Facility
imaging_sendout_results,service_setting,Service Setting
imaging_sendout_results,result_facility,Performing Facility
imaging_inhouse_results,service_setting,Service Setting
imaging_inhouse_results,result_facility,Performing Facility
imaging_sendout_rate,service_setting,Service Setting
imaging_sendout_rate,result_facility,Performing Facility
imaging_filled_slots,primary_carrier,Primary Carrier
imaging_filled_slots,primary_plan_type,Plan Type
imaging_filled_slots,primary_irc_group,Payor Group
imaging_completed_slots,primary_carrier,Primary Carrier
imaging_completed_slots,primary_plan_type,Plan Type
imaging_completed_slots,primary_irc_group,Payor Group
imaging_total_orders,primary_carrier,Primary Carrier
imaging_total_orders,primary_plan_type,Plan Type
imaging_total_orders,primary_irc_group,Payor Group
imaging_total_results,primary_carrier,Primary Carrier
imaging_total_results,primary_plan_type,Plan Type
imaging_total_results,primary_irc_group,Payor Group
imaging_order_to_result_rate,primary_carrier,Primary Carrier
imaging_order_to_result_rate,primary_plan_type,Plan Type
imaging_order_to_result_rate,primary_irc_group,Payor Group
imaging_sendout_results,primary_carrier,Primary Carrier
imaging_sendout_results,primary_plan_type,Plan Type
imaging_sendout_results,primary_irc_group,Payor Group
imaging_inhouse_results,primary_carrier,Primary Carrier
imaging_inhouse_results,primary_plan_type,Plan Type
imaging_inhouse_results,primary_irc_group,Payor Group
imaging_sendout_rate,primary_carrier,Primary Carrier
imaging_sendout_rate,primary_plan_type,Plan Type
imaging_sendout_rate,primary_irc_group,Payor Group
heartwise_enrollment_rate,cohort,Cohort
heartwise_enrollment_rate,heartwise_status,Heartwise Status
heartwise_enrollment_rate,primary_payor,Primary Payor
heartwise_enrollment_rate,primary_irc_group,Primary IRC Group
heartwise_enrollment_rate,last_clinic,Clinic
heartwise_enrollment_rate,last_provider_name,Provider
heartwise_enrollment_rate,last_appointment_date,Last Visit Date
heartwise_enrollment_rate,primary_insurance_reporting_category,Primary Carrier
heartwise_enrollment_rate,primary_product_type,Primary Product Type
heartwise_enrollment_rate,primary_is_government_insurance,Government Insurance?
heartwise_enrollment_rate,last_appointment_type_name,Last Appointment Type
heartwise_enrollment_rate,last_appt_is_awv,Last Appt is AWV
heartwise_enrollment_rate,last_appt_is_bh,Last Appt is Behavioral Health
heartwise_enrollment_rate,gender,Gender
heartwise_enrollment_rate,last_zio_order_type_name,Zio Order Type
heartwise_enrollment_rate,last_zio_order_status,Zio Order Status
heartwise_eligible_patients,cohort,Cohort
heartwise_eligible_patients,heartwise_tag_state,Heartwise Tag State
heartwise_eligible_patients,heartwise_status,Heartwise Funnel Status
heartwise_eligible_patients,primary_payor,Primary Payor
heartwise_eligible_patients,primary_irc_group,Primary IRC Group
heartwise_eligible_patients,last_clinic,Clinic
heartwise_eligible_patients,last_provider_name,Provider
heartwise_eligible_patients,last_appointment_date,Last Visit Date
heartwise_eligible_patients,primary_insurance_reporting_category,Primary Carrier
heartwise_eligible_patients,primary_product_type,Primary Product Type
heartwise_eligible_patients,primary_is_government_insurance,Government Insurance?
heartwise_eligible_patients,last_appointment_type_name,Last Appointment Type
heartwise_eligible_patients,last_appt_is_awv,Last Appt is AWV
heartwise_eligible_patients,last_appt_is_bh,Last Appt is Behavioral Health
heartwise_eligible_patients,gender,Gender
heartwise_eligible_patients,last_zio_order_type_name,Zio Order Type
heartwise_eligible_patients,last_zio_order_status,Zio Order Status
heartwise_enrolled_patients,cohort,Cohort
heartwise_enrolled_patients,heartwise_tag_state,Heartwise Tag State
heartwise_enrolled_patients,heartwise_status,Heartwise Funnel Status
heartwise_enrolled_patients,primary_payor,Primary Payor
heartwise_enrolled_patients,primary_irc_group,Primary IRC Group
heartwise_enrolled_patients,last_clinic,Clinic
heartwise_enrolled_patients,last_provider_name,Provider
heartwise_enrolled_patients,last_appointment_date,Last Visit Date
heartwise_enrolled_patients,primary_insurance_reporting_category,Primary Carrier
heartwise_enrolled_patients,primary_product_type,Primary Product Type
heartwise_enrolled_patients,primary_is_government_insurance,Government Insurance?
heartwise_enrolled_patients,last_appointment_type_name,Last Appointment Type
heartwise_enrolled_patients,last_appt_is_awv,Last Appt is AWV
heartwise_enrolled_patients,last_appt_is_bh,Last Appt is Behavioral Health
heartwise_enrolled_patients,gender,Gender
heartwise_enrolled_patients,last_zio_order_type_name,Zio Order Type
heartwise_enrolled_patients,last_zio_order_status,Zio Order Status
heartwise_candidate_patients,cohort,Cohort
heartwise_candidate_patients,heartwise_tag_state,Heartwise Tag State
heartwise_candidate_patients,heartwise_status,Heartwise Funnel Status
heartwise_candidate_patients,primary_payor,Primary Payor
heartwise_candidate_patients,primary_irc_group,Primary IRC Group
heartwise_candidate_patients,last_clinic,Clinic
heartwise_candidate_patients,last_provider_name,Provider
heartwise_candidate_patients,last_appointment_date,Last Visit Date
heartwise_candidate_patients,primary_insurance_reporting_category,Primary Carrier
heartwise_candidate_patients,primary_product_type,Primary Product Type
heartwise_candidate_patients,primary_is_government_insurance,Government Insurance?
heartwise_candidate_patients,last_appointment_type_name,Last Appointment Type
heartwise_candidate_patients,last_appt_is_awv,Last Appt is AWV
heartwise_candidate_patients,last_appt_is_bh,Last Appt is Behavioral Health
heartwise_candidate_patients,gender,Gender
heartwise_candidate_patients,last_zio_order_type_name,Zio Order Type
heartwise_candidate_patients,last_zio_order_status,Zio Order Status
heartwise_declined_patients,cohort,Cohort
heartwise_declined_patients,heartwise_tag_state,Heartwise Tag State
heartwise_declined_patients,heartwise_status,Heartwise Funnel Status
heartwise_declined_patients,primary_payor,Primary Payor
heartwise_declined_patients,primary_irc_group,Primary IRC Group
heartwise_declined_patients,last_clinic,Clinic
heartwise_declined_patients,last_provider_name,Provider
heartwise_declined_patients,last_appointment_date,Last Visit Date
heartwise_declined_patients,primary_insurance_reporting_category,Primary Carrier
heartwise_declined_patients,primary_product_type,Primary Product Type
heartwise_declined_patients,primary_is_government_insurance,Government Insurance?
heartwise_declined_patients,last_appointment_type_name,Last Appointment Type
heartwise_declined_patients,last_appt_is_awv,Last Appt is AWV
heartwise_declined_patients,last_appt_is_bh,Last Appt is Behavioral Health
heartwise_declined_patients,gender,Gender
heartwise_declined_patients,last_zio_order_type_name,Zio Order Type
heartwise_declined_patients,last_zio_order_status,Zio Order Status
heartwise_tagged_patients,cohort,Cohort
heartwise_tagged_patients,heartwise_tag_state,Heartwise Tag State
heartwise_tagged_patients,heartwise_status,Heartwise Funnel Status
heartwise_tagged_patients,primary_payor,Primary Payor
heartwise_tagged_patients,primary_irc_group,Primary IRC Group
heartwise_tagged_patients,last_clinic,Clinic
heartwise_tagged_patients,last_provider_name,Provider
heartwise_tagged_patients,last_appointment_date,Last Visit Date
heartwise_tagged_patients,primary_insurance_reporting_category,Primary Carrier
heartwise_tagged_patients,primary_product_type,Primary Product Type
heartwise_tagged_patients,primary_is_government_insurance,Government Insurance?
heartwise_tagged_patients,last_appointment_type_name,Last Appointment Type
heartwise_tagged_patients,last_appt_is_awv,Last Appt is AWV
heartwise_tagged_patients,last_appt_is_bh,Last Appt is Behavioral Health
heartwise_tagged_patients,gender,Gender
heartwise_tagged_patients,last_zio_order_type_name,Zio Order Type
heartwise_tagged_patients,last_zio_order_status,Zio Order Status
heartwise_eligible_enrolled_patients,cohort,Cohort
heartwise_eligible_enrolled_patients,heartwise_tag_state,Heartwise Tag State
heartwise_eligible_enrolled_patients,heartwise_status,Heartwise Funnel Status
heartwise_eligible_enrolled_patients,primary_payor,Primary Payor
heartwise_eligible_enrolled_patients,primary_irc_group,Primary IRC Group
heartwise_eligible_enrolled_patients,last_clinic,Clinic
heartwise_eligible_enrolled_patients,last_provider_name,Provider
heartwise_eligible_enrolled_patients,last_appointment_date,Last Visit Date
heartwise_eligible_enrolled_patients,primary_insurance_reporting_category,Primary Carrier
heartwise_eligible_enrolled_patients,primary_product_type,Primary Product Type
heartwise_eligible_enrolled_patients,primary_is_government_insurance,Government Insurance?
heartwise_eligible_enrolled_patients,last_appointment_type_name,Last Appointment Type
heartwise_eligible_enrolled_patients,last_appt_is_awv,Last Appt is AWV
heartwise_eligible_enrolled_patients,last_appt_is_bh,Last Appt is Behavioral Health
heartwise_eligible_enrolled_patients,gender,Gender
heartwise_eligible_enrolled_patients,last_zio_order_type_name,Zio Order Type
heartwise_eligible_enrolled_patients,last_zio_order_status,Zio Order Status
heartwise_eligible_candidate_patients,cohort,Cohort
heartwise_eligible_candidate_patients,heartwise_tag_state,Heartwise Tag State
heartwise_eligible_candidate_patients,heartwise_status,Heartwise Funnel Status
heartwise_eligible_candidate_patients,primary_payor,Primary Payor
heartwise_eligible_candidate_patients,primary_irc_group,Primary IRC Group
heartwise_eligible_candidate_patients,last_clinic,Clinic
heartwise_eligible_candidate_patients,last_provider_name,Provider
heartwise_eligible_candidate_patients,last_appointment_date,Last Visit Date
heartwise_eligible_candidate_patients,primary_insurance_reporting_category,Primary Carrier
heartwise_eligible_candidate_patients,primary_product_type,Primary Product Type
heartwise_eligible_candidate_patients,primary_is_government_insurance,Government Insurance?
heartwise_eligible_candidate_patients,last_appointment_type_name,Last Appointment Type
heartwise_eligible_candidate_patients,last_appt_is_awv,Last Appt is AWV
heartwise_eligible_candidate_patients,last_appt_is_bh,Last Appt is Behavioral Health
heartwise_eligible_candidate_patients,gender,Gender
heartwise_eligible_candidate_patients,last_zio_order_type_name,Zio Order Type
heartwise_eligible_candidate_patients,last_zio_order_status,Zio Order Status
heartwise_eligible_declined_patients,cohort,Cohort
heartwise_eligible_declined_patients,heartwise_tag_state,Heartwise Tag State
heartwise_eligible_declined_patients,heartwise_status,Heartwise Funnel Status
heartwise_eligible_declined_patients,primary_payor,Primary Payor
heartwise_eligible_declined_patients,primary_irc_group,Primary IRC Group
heartwise_eligible_declined_patients,last_clinic,Clinic
heartwise_eligible_declined_patients,last_provider_name,Provider
heartwise_eligible_declined_patients,last_appointment_date,Last Visit Date
heartwise_eligible_declined_patients,primary_insurance_reporting_category,Primary Carrier
heartwise_eligible_declined_patients,primary_product_type,Primary Product Type
heartwise_eligible_declined_patients,primary_is_government_insurance,Government Insurance?
heartwise_eligible_declined_patients,last_appointment_type_name,Last Appointment Type
heartwise_eligible_declined_patients,last_appt_is_awv,Last Appt is AWV
heartwise_eligible_declined_patients,last_appt_is_bh,Last Appt is Behavioral Health
heartwise_eligible_declined_patients,gender,Gender
heartwise_eligible_declined_patients,last_zio_order_type_name,Zio Order Type
heartwise_eligible_declined_patients,last_zio_order_status,Zio Order Status
heartwise_eligible_untagged_patients,cohort,Cohort
heartwise_eligible_untagged_patients,heartwise_tag_state,Heartwise Tag State
heartwise_eligible_untagged_patients,heartwise_status,Heartwise Funnel Status
heartwise_eligible_untagged_patients,primary_payor,Primary Payor
heartwise_eligible_untagged_patients,primary_irc_group,Primary IRC Group
heartwise_eligible_untagged_patients,last_clinic,Clinic
heartwise_eligible_untagged_patients,last_provider_name,Provider
heartwise_eligible_untagged_patients,last_appointment_date,Last Visit Date
heartwise_eligible_untagged_patients,primary_insurance_reporting_category,Primary Carrier
heartwise_eligible_untagged_patients,primary_product_type,Primary Product Type
heartwise_eligible_untagged_patients,primary_is_government_insurance,Government Insurance?
heartwise_eligible_untagged_patients,last_appointment_type_name,Last Appointment Type
heartwise_eligible_untagged_patients,last_appt_is_awv,Last Appt is AWV
heartwise_eligible_untagged_patients,last_appt_is_bh,Last Appt is Behavioral Health
heartwise_eligible_untagged_patients,gender,Gender
heartwise_eligible_untagged_patients,last_zio_order_type_name,Zio Order Type
heartwise_eligible_untagged_patients,last_zio_order_status,Zio Order Status
heartwise_eligible_not_enrolled_patients,cohort,Cohort
heartwise_eligible_not_enrolled_patients,heartwise_tag_state,Heartwise Tag State
heartwise_eligible_not_enrolled_patients,heartwise_status,Heartwise Funnel Status
heartwise_eligible_not_enrolled_patients,primary_payor,Primary Payor
heartwise_eligible_not_enrolled_patients,primary_irc_group,Primary IRC Group
heartwise_eligible_not_enrolled_patients,last_clinic,Clinic
heartwise_eligible_not_enrolled_patients,last_provider_name,Provider
heartwise_eligible_not_enrolled_patients,last_appointment_date,Last Visit Date
heartwise_eligible_not_enrolled_patients,primary_insurance_reporting_category,Primary Carrier
heartwise_eligible_not_enrolled_patients,primary_product_type,Primary Product Type
heartwise_eligible_not_enrolled_patients,primary_is_government_insurance,Government Insurance?
heartwise_eligible_not_enrolled_patients,last_appointment_type_name,Last Appointment Type
heartwise_eligible_not_enrolled_patients,last_appt_is_awv,Last Appt is AWV
heartwise_eligible_not_enrolled_patients,last_appt_is_bh,Last Appt is Behavioral Health
heartwise_eligible_not_enrolled_patients,gender,Gender
heartwise_eligible_not_enrolled_patients,last_zio_order_type_name,Zio Order Type
heartwise_eligible_not_enrolled_patients,last_zio_order_status,Zio Order Status
heartwise_enrolled_not_eligible_patients,cohort,Cohort
heartwise_enrolled_not_eligible_patients,heartwise_tag_state,Heartwise Tag State
heartwise_enrolled_not_eligible_patients,heartwise_status,Heartwise Funnel Status
heartwise_enrolled_not_eligible_patients,primary_payor,Primary Payor
heartwise_enrolled_not_eligible_patients,primary_irc_group,Primary IRC Group
heartwise_enrolled_not_eligible_patients,last_clinic,Clinic
heartwise_enrolled_not_eligible_patients,last_provider_name,Provider
heartwise_enrolled_not_eligible_patients,last_appointment_date,Last Visit Date
heartwise_enrolled_not_eligible_patients,primary_insurance_reporting_category,Primary Carrier
heartwise_enrolled_not_eligible_patients,primary_product_type,Primary Product Type
heartwise_enrolled_not_eligible_patients,primary_is_government_insurance,Government Insurance?
heartwise_enrolled_not_eligible_patients,last_appointment_type_name,Last Appointment Type
heartwise_enrolled_not_eligible_patients,last_appt_is_awv,Last Appt is AWV
heartwise_enrolled_not_eligible_patients,last_appt_is_bh,Last Appt is Behavioral Health
heartwise_enrolled_not_eligible_patients,gender,Gender
heartwise_enrolled_not_eligible_patients,last_zio_order_type_name,Zio Order Type
heartwise_enrolled_not_eligible_patients,last_zio_order_status,Zio Order Status
heartwise_enrollment_rate,heartwise_tag_state,Heartwise Tag State
heartwise_candidate_rate,cohort,Cohort
heartwise_candidate_rate,heartwise_tag_state,Heartwise Tag State
heartwise_candidate_rate,heartwise_status,Heartwise Funnel Status
heartwise_candidate_rate,primary_payor,Primary Payor
heartwise_candidate_rate,primary_irc_group,Primary IRC Group
heartwise_candidate_rate,last_clinic,Clinic
heartwise_candidate_rate,last_provider_name,Provider
heartwise_candidate_rate,last_appointment_date,Last Visit Date
heartwise_candidate_rate,primary_insurance_reporting_category,Primary Carrier
heartwise_candidate_rate,primary_product_type,Primary Product Type
heartwise_candidate_rate,primary_is_government_insurance,Government Insurance?
heartwise_candidate_rate,last_appointment_type_name,Last Appointment Type
heartwise_candidate_rate,last_appt_is_awv,Last Appt is AWV
heartwise_candidate_rate,last_appt_is_bh,Last Appt is Behavioral Health
heartwise_candidate_rate,gender,Gender
heartwise_candidate_rate,last_zio_order_type_name,Zio Order Type
heartwise_candidate_rate,last_zio_order_status,Zio Order Status
heartwise_intake_gap_rate,cohort,Cohort
heartwise_intake_gap_rate,heartwise_tag_state,Heartwise Tag State
heartwise_intake_gap_rate,heartwise_status,Heartwise Funnel Status
heartwise_intake_gap_rate,primary_payor,Primary Payor
heartwise_intake_gap_rate,primary_irc_group,Primary IRC Group
heartwise_intake_gap_rate,last_clinic,Clinic
heartwise_intake_gap_rate,last_provider_name,Provider
heartwise_intake_gap_rate,last_appointment_date,Last Visit Date
heartwise_intake_gap_rate,primary_insurance_reporting_category,Primary Carrier
heartwise_intake_gap_rate,primary_product_type,Primary Product Type
heartwise_intake_gap_rate,primary_is_government_insurance,Government Insurance?
heartwise_intake_gap_rate,last_appointment_type_name,Last Appointment Type
heartwise_intake_gap_rate,last_appt_is_awv,Last Appt is AWV
heartwise_intake_gap_rate,last_appt_is_bh,Last Appt is Behavioral Health
heartwise_intake_gap_rate,gender,Gender
heartwise_intake_gap_rate,last_zio_order_type_name,Zio Order Type
heartwise_intake_gap_rate,last_zio_order_status,Zio Order Status
zio_patch_patients,cohort,Cohort
zio_patch_patients,heartwise_tag_state,Heartwise Tag State
zio_patch_patients,heartwise_status,Heartwise Funnel Status
zio_patch_patients,primary_payor,Primary Payor
zio_patch_patients,primary_irc_group,Primary IRC Group
zio_patch_patients,last_clinic,Clinic
zio_patch_patients,last_provider_name,Provider
zio_patch_patients,last_appointment_date,Last Visit Date
zio_patch_patients,primary_insurance_reporting_category,Primary Carrier
zio_patch_patients,primary_product_type,Primary Product Type
zio_patch_patients,primary_is_government_insurance,Government Insurance?
zio_patch_patients,last_appointment_type_name,Last Appointment Type
zio_patch_patients,last_appt_is_awv,Last Appt is AWV
zio_patch_patients,last_appt_is_bh,Last Appt is Behavioral Health
zio_patch_patients,gender,Gender
zio_patch_patients,last_zio_order_type_name,Zio Order Type
zio_patch_patients,last_zio_order_status,Zio Order Status
zio_patch_orders,cohort,Cohort
zio_patch_orders,heartwise_tag_state,Heartwise Tag State
zio_patch_orders,heartwise_status,Heartwise Funnel Status
zio_patch_orders,primary_payor,Primary Payor
zio_patch_orders,primary_irc_group,Primary IRC Group
zio_patch_orders,last_clinic,Clinic
zio_patch_orders,last_provider_name,Provider
zio_patch_orders,last_appointment_date,Last Visit Date
zio_patch_orders,primary_insurance_reporting_category,Primary Carrier
zio_patch_orders,primary_product_type,Primary Product Type
zio_patch_orders,primary_is_government_insurance,Government Insurance?
zio_patch_orders,last_appointment_type_name,Last Appointment Type
zio_patch_orders,last_appt_is_awv,Last Appt is AWV
zio_patch_orders,last_appt_is_bh,Last Appt is Behavioral Health
zio_patch_orders,gender,Gender
zio_patch_orders,last_zio_order_type_name,Zio Order Type
zio_patch_orders,last_zio_order_status,Zio Order Status
zio_and_heartwise_eligible_patients,cohort,Cohort
zio_and_heartwise_eligible_patients,heartwise_tag_state,Heartwise Tag State
zio_and_heartwise_eligible_patients,heartwise_status,Heartwise Funnel Status
zio_and_heartwise_eligible_patients,primary_payor,Primary Payor
zio_and_heartwise_eligible_patients,primary_irc_group,Primary IRC Group
zio_and_heartwise_eligible_patients,last_clinic,Clinic
zio_and_heartwise_eligible_patients,last_provider_name,Provider
zio_and_heartwise_eligible_patients,last_appointment_date,Last Visit Date
zio_and_heartwise_eligible_patients,primary_insurance_reporting_category,Primary Carrier
zio_and_heartwise_eligible_patients,primary_product_type,Primary Product Type
zio_and_heartwise_eligible_patients,primary_is_government_insurance,Government Insurance?
zio_and_heartwise_eligible_patients,last_appointment_type_name,Last Appointment Type
zio_and_heartwise_eligible_patients,last_appt_is_awv,Last Appt is AWV
zio_and_heartwise_eligible_patients,last_appt_is_bh,Last Appt is Behavioral Health
zio_and_heartwise_eligible_patients,gender,Gender
zio_and_heartwise_eligible_patients,last_zio_order_type_name,Zio Order Type
zio_and_heartwise_eligible_patients,last_zio_order_status,Zio Order Status
zio_and_heartwise_enrolled_patients,cohort,Cohort
zio_and_heartwise_enrolled_patients,heartwise_tag_state,Heartwise Tag State
zio_and_heartwise_enrolled_patients,heartwise_status,Heartwise Funnel Status
zio_and_heartwise_enrolled_patients,primary_payor,Primary Payor
zio_and_heartwise_enrolled_patients,primary_irc_group,Primary IRC Group
zio_and_heartwise_enrolled_patients,last_clinic,Clinic
zio_and_heartwise_enrolled_patients,last_provider_name,Provider
zio_and_heartwise_enrolled_patients,last_appointment_date,Last Visit Date
zio_and_heartwise_enrolled_patients,primary_insurance_reporting_category,Primary Carrier
zio_and_heartwise_enrolled_patients,primary_product_type,Primary Product Type
zio_and_heartwise_enrolled_patients,primary_is_government_insurance,Government Insurance?
zio_and_heartwise_enrolled_patients,last_appointment_type_name,Last Appointment Type
zio_and_heartwise_enrolled_patients,last_appt_is_awv,Last Appt is AWV
zio_and_heartwise_enrolled_patients,last_appt_is_bh,Last Appt is Behavioral Health
zio_and_heartwise_enrolled_patients,gender,Gender
zio_and_heartwise_enrolled_patients,last_zio_order_type_name,Zio Order Type
zio_and_heartwise_enrolled_patients,last_zio_order_status,Zio Order Status
zio_and_heartwise_candidate_patients,cohort,Cohort
zio_and_heartwise_candidate_patients,heartwise_tag_state,Heartwise Tag State
zio_and_heartwise_candidate_patients,heartwise_status,Heartwise Funnel Status
zio_and_heartwise_candidate_patients,primary_payor,Primary Payor
zio_and_heartwise_candidate_patients,primary_irc_group,Primary IRC Group
zio_and_heartwise_candidate_patients,last_clinic,Clinic
zio_and_heartwise_candidate_patients,last_provider_name,Provider
zio_and_heartwise_candidate_patients,last_appointment_date,Last Visit Date
zio_and_heartwise_candidate_patients,primary_insurance_reporting_category,Primary Carrier
zio_and_heartwise_candidate_patients,primary_product_type,Primary Product Type
zio_and_heartwise_candidate_patients,primary_is_government_insurance,Government Insurance?
zio_and_heartwise_candidate_patients,last_appointment_type_name,Last Appointment Type
zio_and_heartwise_candidate_patients,last_appt_is_awv,Last Appt is AWV
zio_and_heartwise_candidate_patients,last_appt_is_bh,Last Appt is Behavioral Health
zio_and_heartwise_candidate_patients,gender,Gender
zio_and_heartwise_candidate_patients,last_zio_order_type_name,Zio Order Type
zio_and_heartwise_candidate_patients,last_zio_order_status,Zio Order Status
zio_without_heartwise_patients,cohort,Cohort
zio_without_heartwise_patients,heartwise_tag_state,Heartwise Tag State
zio_without_heartwise_patients,heartwise_status,Heartwise Funnel Status
zio_without_heartwise_patients,primary_payor,Primary Payor
zio_without_heartwise_patients,primary_irc_group,Primary IRC Group
zio_without_heartwise_patients,last_clinic,Clinic
zio_without_heartwise_patients,last_provider_name,Provider
zio_without_heartwise_patients,last_appointment_date,Last Visit Date
zio_without_heartwise_patients,primary_insurance_reporting_category,Primary Carrier
zio_without_heartwise_patients,primary_product_type,Primary Product Type
zio_without_heartwise_patients,primary_is_government_insurance,Government Insurance?
zio_without_heartwise_patients,last_appointment_type_name,Last Appointment Type
zio_without_heartwise_patients,last_appt_is_awv,Last Appt is AWV
zio_without_heartwise_patients,last_appt_is_bh,Last Appt is Behavioral Health
zio_without_heartwise_patients,gender,Gender
zio_without_heartwise_patients,last_zio_order_type_name,Zio Order Type
zio_without_heartwise_patients,last_zio_order_status,Zio Order Status
no_next_rate,account_status,Account Status
established_active_patients,account_status,Account Status
established_active_patients,clinic,Clinic
established_active_patients,primary_care_provider,PCP
with_next_visit_rate,account_status,Account Status
with_next_visit_rate,clinic,Clinic
with_next_visit_rate,primary_care_provider,PCP
awv_completion_rate_active,is_active_patient,Active Patient?
awv_completion_rate_active,is_analytics_awv_eligible,AWV Eligible?
awv_completion_rate_active,clinic,Clinic
awv_completion_rate_active,provider_name,Primary Provider
awv_gap_rate_active,is_active_patient,Active Patient?
awv_gap_rate_active,is_analytics_awv_eligible,AWV Eligible?
awv_gap_rate_active,clinic,Clinic
awv_gap_rate_active,provider_name,Primary Provider
cadence_active_patients,current_tier,Risk Tier
cadence_active_patients,clinic,Clinic
cadence_active_patients,primary_care_provider,Provider
cadence_active_patients,primary_payor,Primary Payor
cadence_active_patients,membership_enrollment,Membership
cadence_active_patients,cadence_status,Cadence Status
cadence_active_patients,visit_target_status,Visit Target Status
cadence_active_patients,patient_status,Patient Status
cadence_on_cadence_patients,current_tier,Risk Tier
cadence_on_cadence_patients,clinic,Clinic
cadence_on_cadence_patients,primary_care_provider,Provider
cadence_on_cadence_patients,primary_payor,Primary Payor
cadence_on_cadence_patients,membership_enrollment,Membership
cadence_on_cadence_patients,cadence_status,Cadence Status
cadence_on_cadence_patients,visit_target_status,Visit Target Status
cadence_off_cadence_patients,current_tier,Risk Tier
cadence_off_cadence_patients,clinic,Clinic
cadence_off_cadence_patients,primary_care_provider,Provider
cadence_off_cadence_patients,primary_payor,Primary Payor
cadence_off_cadence_patients,membership_enrollment,Membership
cadence_off_cadence_patients,cadence_status,Cadence Status
cadence_off_cadence_patients,visit_target_status,Visit Target Status
cadence_patients_with_future_appt,current_tier,Risk Tier
cadence_patients_with_future_appt,clinic,Clinic
cadence_patients_with_future_appt,primary_care_provider,Provider
cadence_patients_with_future_appt,primary_payor,Primary Payor
cadence_patients_with_future_appt,membership_enrollment,Membership
cadence_patients_with_future_appt,cadence_status,Cadence Status
cadence_patients_with_future_appt,visit_target_status,Visit Target Status
cadence_scheduled_on_tier_patients,current_tier,Risk Tier
cadence_scheduled_on_tier_patients,clinic,Clinic
cadence_scheduled_on_tier_patients,primary_care_provider,Provider
cadence_scheduled_on_tier_patients,primary_payor,Primary Payor
cadence_scheduled_on_tier_patients,membership_enrollment,Membership
cadence_scheduled_on_tier_patients,cadence_status,Cadence Status
cadence_scheduled_on_tier_patients,visit_target_status,Visit Target Status
cadence_off_cadence_unscheduled_patients,current_tier,Risk Tier
cadence_off_cadence_unscheduled_patients,clinic,Clinic
cadence_off_cadence_unscheduled_patients,primary_care_provider,Provider
cadence_off_cadence_unscheduled_patients,primary_payor,Primary Payor
cadence_off_cadence_unscheduled_patients,membership_enrollment,Membership
cadence_off_cadence_unscheduled_patients,cadence_status,Cadence Status
cadence_off_cadence_unscheduled_patients,visit_target_status,Visit Target Status
cadence_off_cadence_masked_by_nonqualifying_patients,current_tier,Risk Tier
cadence_off_cadence_masked_by_nonqualifying_patients,clinic,Clinic
cadence_off_cadence_masked_by_nonqualifying_patients,primary_care_provider,Provider
cadence_off_cadence_masked_by_nonqualifying_patients,primary_payor,Primary Payor
cadence_off_cadence_masked_by_nonqualifying_patients,membership_enrollment,Membership
cadence_off_cadence_masked_by_nonqualifying_patients,cadence_status,Cadence Status
cadence_off_cadence_masked_by_nonqualifying_patients,visit_target_status,Visit Target Status
cadence_meets_visit_target_patients,current_tier,Risk Tier
cadence_meets_visit_target_patients,clinic,Clinic
cadence_meets_visit_target_patients,primary_care_provider,Provider
cadence_meets_visit_target_patients,primary_payor,Primary Payor
cadence_meets_visit_target_patients,membership_enrollment,Membership
cadence_meets_visit_target_patients,cadence_status,Cadence Status
cadence_meets_visit_target_patients,visit_target_status,Visit Target Status
cadence_on_cadence_rate,current_tier,Risk Tier
cadence_on_cadence_rate,clinic,Clinic
cadence_on_cadence_rate,primary_care_provider,Provider
cadence_on_cadence_rate,primary_payor,Primary Payor
cadence_on_cadence_rate,membership_enrollment,Membership
cadence_on_cadence_rate,cadence_status,Cadence Status
cadence_on_cadence_rate,visit_target_status,Visit Target Status
cadence_off_cadence_rate,current_tier,Risk Tier
cadence_off_cadence_rate,clinic,Clinic
cadence_off_cadence_rate,primary_care_provider,Provider
cadence_off_cadence_rate,primary_payor,Primary Payor
cadence_off_cadence_rate,membership_enrollment,Membership
cadence_off_cadence_rate,cadence_status,Cadence Status
cadence_off_cadence_rate,visit_target_status,Visit Target Status
cadence_visit_target_attainment_rate,current_tier,Risk Tier
cadence_visit_target_attainment_rate,clinic,Clinic
cadence_visit_target_attainment_rate,primary_care_provider,Provider
cadence_visit_target_attainment_rate,primary_payor,Primary Payor
cadence_visit_target_attainment_rate,membership_enrollment,Membership
cadence_visit_target_attainment_rate,cadence_status,Cadence Status
cadence_visit_target_attainment_rate,visit_target_status,Visit Target Status
cadence_proposed_tier_patients,current_tier,Current Tier
cadence_proposed_tier_patients,proposed_tier,Proposed Tier
cadence_proposed_tier_patients,tier_shift,Tier Shift
cadence_proposed_tier_patients,clinic,Clinic
cadence_proposed_tier_patients,primary_care_provider,Provider
cadence_proposed_tier_patients,primary_payor,Primary Payor
cadence_proposed_tier_patients,patient_status,Patient Status
cadence_tier_upgrade_patients,current_tier,Current Tier
cadence_tier_upgrade_patients,proposed_tier,Proposed Tier
cadence_tier_upgrade_patients,clinic,Clinic
cadence_tier_upgrade_patients,primary_payor,Primary Payor
cadence_tier_upgrade_patients,patient_status,Patient Status
cadence_tier_downgrade_patients,current_tier,Current Tier
cadence_tier_downgrade_patients,proposed_tier,Proposed Tier
cadence_tier_downgrade_patients,clinic,Clinic
cadence_tier_downgrade_patients,primary_payor,Primary Payor
cadence_tier_downgrade_patients,patient_status,Patient Status
cadence_tier_nochange_patients,current_tier,Current Tier
cadence_tier_nochange_patients,proposed_tier,Proposed Tier
cadence_tier_nochange_patients,clinic,Clinic
cadence_tier_nochange_patients,primary_payor,Primary Payor
cadence_tier_nochange_patients,patient_status,Patient Status
cadence_tier_insufficient_patients,current_tier,Current Tier
cadence_tier_insufficient_patients,clinic,Clinic
cadence_tier_insufficient_patients,primary_payor,Primary Payor
cadence_tier_insufficient_patients,patient_status,Patient Status
cadence_high_risk_patients,current_tier,Current Tier
cadence_high_risk_patients,proposed_tier,Proposed Tier
cadence_high_risk_patients,clinic,Clinic
cadence_high_risk_patients,primary_payor,Primary Payor
cadence_highly_complex_patients,current_tier,Current Tier
cadence_highly_complex_patients,proposed_tier,Proposed Tier
cadence_highly_complex_patients,clinic,Clinic
eov_qualifying_visits,clinic,Clinic
eov_qualifying_visits,provider_name,Provider
eov_qualifying_visits,risk_tier,Patient Tier
eov_qualifying_visits,appointment_type_name,Visit Type
eov_qualifying_visits,attribution_status,Attribution
eov_qualifying_visits,attributed_payor_analytics,Attribution Payer
eov_qualifying_visits,visit_category,Visit Category
eov_next_visit_scheduled,clinic,Clinic
eov_next_visit_scheduled,provider_name,Provider
eov_next_visit_scheduled,risk_tier,Patient Tier
eov_next_visit_scheduled,appointment_type_name,Visit Type
eov_next_visit_scheduled,attribution_status,Attribution
eov_next_visit_scheduled,attributed_payor_analytics,Attribution Payer
eov_next_visit_scheduled,visit_category,Visit Category
eov_next_visit_rate,clinic,Clinic
eov_next_visit_rate,provider_name,Provider
eov_next_visit_rate,risk_tier,Patient Tier
eov_next_visit_rate,appointment_type_name,Visit Type
eov_next_visit_rate,attribution_status,Attribution
eov_next_visit_rate,attributed_payor_analytics,Attribution Payer
eov_next_visit_rate,visit_category,Visit Category
eov_medicare_visits,clinic,Clinic
eov_medicare_visits,provider_name,Provider
eov_medicare_visits,risk_tier,Patient Tier
eov_medicare_visits,appointment_type_name,Visit Type
eov_medicare_visits,attribution_status,Attribution
eov_medicare_visits,attributed_payor_analytics,Attribution Payer
eov_medicare_visits,visit_category,Visit Category
eov_next_awv_scheduled,clinic,Clinic
eov_next_awv_scheduled,provider_name,Provider
eov_next_awv_scheduled,risk_tier,Patient Tier
eov_next_awv_scheduled,appointment_type_name,Visit Type
eov_next_awv_scheduled,attribution_status,Attribution
eov_next_awv_scheduled,attributed_payor_analytics,Attribution Payer
eov_next_awv_scheduled,visit_category,Visit Category
eov_next_awv_rate,clinic,Clinic
eov_next_awv_rate,provider_name,Provider
eov_next_awv_rate,risk_tier,Patient Tier
eov_next_awv_rate,appointment_type_name,Visit Type
eov_next_awv_rate,attribution_status,Attribution
eov_next_awv_rate,attributed_payor_analytics,Attribution Payer
eov_next_awv_rate,visit_category,Visit Category
eov_on_cadence,clinic,Clinic
eov_on_cadence,provider_name,Provider
eov_on_cadence,risk_tier,Patient Tier
eov_on_cadence,appointment_type_name,Visit Type
eov_on_cadence,attribution_status,Attribution
eov_on_cadence,attributed_payor_analytics,Attribution Payer
eov_on_cadence,visit_category,Visit Category
eov_on_cadence_rate,clinic,Clinic
eov_on_cadence_rate,provider_name,Provider
eov_on_cadence_rate,risk_tier,Patient Tier
eov_on_cadence_rate,appointment_type_name,Visit Type
eov_on_cadence_rate,attribution_status,Attribution
eov_on_cadence_rate,attributed_payor_analytics,Attribution Payer
eov_on_cadence_rate,visit_category,Visit Category
eov_avg_days_to_next_visit,clinic,Clinic
eov_avg_days_to_next_visit,provider_name,Provider
eov_avg_days_to_next_visit,risk_tier,Patient Tier
eov_avg_days_to_next_visit,appointment_type_name,Visit Type
eov_avg_days_to_next_visit,attribution_status,Attribution
eov_avg_days_to_next_visit,attributed_payor_analytics,Attribution Payer
eov_avg_days_to_next_visit,visit_category,Visit Category
appointments_avg_duration,clinic_name,Clinic
appointments_avg_duration,provider_name,Provider
appointments_avg_duration,appointment_type_name,Visit Type
appointments_avg_duration,ma_vs_provider,MA vs Provider
appointments_avg_duration,visit_category,Visit Category
appointments_avg_duration,is_behavioral_health,BH?
appointments_cancelled_lt_7d,clinic_name,Clinic
appointments_cancelled_lt_7d,provider_name,Provider
appointments_cancelled_lt_7d,appointment_type_name,Visit Type
appointments_cancelled_lt_7d,ma_vs_provider,MA vs Provider
appointments_cancelled_lt_7d,visit_category,Visit Category
appointments_cancelled_lt_7d,is_behavioral_health,BH?
appointments_cancelled_lt_48h,clinic_name,Clinic
appointments_cancelled_lt_48h,provider_name,Provider
appointments_cancelled_lt_48h,appointment_type_name,Visit Type
appointments_cancelled_lt_48h,ma_vs_provider,MA vs Provider
appointments_cancelled_lt_48h,visit_category,Visit Category
appointments_cancelled_lt_48h,is_behavioral_health,BH?
appointments_cancelled_lt_7d_rate,clinic_name,Clinic
appointments_cancelled_lt_7d_rate,provider_name,Provider
appointments_cancelled_lt_7d_rate,appointment_type_name,Visit Type
appointments_cancelled_lt_7d_rate,ma_vs_provider,MA vs Provider
appointments_cancelled_lt_7d_rate,visit_category,Visit Category
appointments_cancelled_lt_7d_rate,is_behavioral_health,BH?
appointments_cancelled_lt_48h_rate,clinic_name,Clinic
appointments_cancelled_lt_48h_rate,provider_name,Provider
appointments_cancelled_lt_48h_rate,appointment_type_name,Visit Type
appointments_cancelled_lt_48h_rate,ma_vs_provider,MA vs Provider
appointments_cancelled_lt_48h_rate,visit_category,Visit Category
appointments_cancelled_lt_48h_rate,is_behavioral_health,BH?
appointments_avg_days_to_cancel,clinic_name,Clinic
appointments_avg_days_to_cancel,provider_name,Provider
appointments_avg_days_to_cancel,appointment_type_name,Visit Type
appointments_avg_days_to_cancel,ma_vs_provider,MA vs Provider
appointments_avg_days_to_cancel,visit_category,Visit Category
appointments_avg_days_to_cancel,is_behavioral_health,BH?
appointments_true_cancellation_rate,clinic_name,Clinic
appointments_true_cancellation_rate,provider_name,Provider
appointments_true_cancellation_rate,appointment_type_name,Visit Type
appointments_true_cancellation_rate,ma_vs_provider,MA vs Provider
appointments_true_cancellation_rate,visit_category,Visit Category
appointments_true_cancellation_rate,is_behavioral_health,BH?
no_next_rate,visit_type,Visit Type
no_next_rate,attribution_status,Attribution
no_next_rate,attributed_payor,Attribution Payer
no_next_rate,last_completed_visit_type,Last Completed Visit Type
no_future_appointments,visit_type,Visit Type
no_future_appointments,attribution_status,Attribution
no_future_appointments,attributed_payor,Attribution Payer
no_future_appointments,last_completed_visit_type,Last Completed Visit Type
no_future_appointments,account_status,Account Status
with_next_visit_rate,visit_type,Visit Type
with_next_visit_rate,attribution_status,Attribution
with_next_visit_rate,attributed_payor,Attribution Payer
with_next_visit_rate,last_completed_visit_type,Last Completed Visit Type
with_next_visit_rate,risk_tier,Risk Tier
with_next_visit_rate,aging_bucket,Aging Bucket
established_active_patients,visit_type,Visit Type
established_active_patients,attribution_status,Attribution
established_active_patients,attributed_payor,Attribution Payer
established_active_patients,last_completed_visit_type,Last Completed Visit Type
established_active_patients,risk_tier,Risk Tier
established_active_patients,aging_bucket,Aging Bucket
avg_days_since_visit,visit_type,Visit Type
avg_days_since_visit,attribution_status,Attribution
avg_days_since_visit,attributed_payor,Attribution Payer
avg_days_since_visit,last_completed_visit_type,Last Completed Visit Type
has_nn_case_count,visit_type,Visit Type
has_nn_case_count,attribution_status,Attribution
has_nn_case_count,attributed_payor,Attribution Payer
has_nn_case_count,last_completed_visit_type,Last Completed Visit Type
population_active_patients,clinic,Clinic
population_active_patients,payor_category,Payor Category
population_active_patients,payor_brand,Payor Brand
population_active_members,clinic,Clinic
population_active_members,payor_category,Payor Category
population_active_members,payor_brand,Payor Brand
population_active_members_raw,clinic,Clinic
population_active_members_raw,payor_category,Payor Category
population_active_members_raw,payor_brand,Payor Brand
population_total_patients,clinic,Clinic
population_total_patients,payor_category,Payor Category
population_total_patients,payor_brand,Payor Brand
population_inactive_patients,clinic,Clinic
population_inactive_patients,payor_category,Payor Category
population_inactive_patients,payor_brand,Payor Brand
population_active_member_share,clinic,Clinic
population_active_member_share,payor_category,Payor Category
population_active_member_share,payor_brand,Payor Brand
avg_phq_point_change_sig,bh_provider,BH Provider
avg_phq_point_change_sig,clinic,Clinic
avg_gad_point_change_sig,bh_provider,BH Provider
avg_gad_point_change_sig,clinic,Clinic
pct_phq_sig_remission,bh_provider,BH Provider
pct_phq_sig_remission,clinic,Clinic
pct_phq_sig_response,bh_provider,BH Provider
pct_phq_sig_response,clinic,Clinic
pct_gad_sig_remission,bh_provider,BH Provider
pct_gad_sig_remission,clinic,Clinic
pct_gad_sig_response,bh_provider,BH Provider
pct_gad_sig_response,clinic,Clinic
scheduling_total_appointments,bh_provider,BH Provider
scheduling_total_appointments,clinic,Clinic
scheduling_completed_visits,bh_provider,BH Provider
scheduling_completed_visits,clinic,Clinic
scheduling_cancelled_appointments,bh_provider,BH Provider
scheduling_cancelled_appointments,clinic,Clinic
scheduling_no_shows,bh_provider,BH Provider
scheduling_no_shows,clinic,Clinic
scheduling_open_slots,bh_provider,BH Provider
scheduling_open_slots,clinic,Clinic
scheduling_filled_slots,bh_provider,BH Provider
scheduling_filled_slots,clinic,Clinic
scheduling_slot_fill_rate,bh_provider,BH Provider
scheduling_slot_fill_rate,clinic,Clinic
scheduling_no_show_rate,bh_provider,BH Provider
scheduling_no_show_rate,clinic,Clinic
scheduling_cancellation_rate,bh_provider,BH Provider
scheduling_cancellation_rate,clinic,Clinic
medical_revenue,payor,Payor
medical_revenue,payment_year,Payment Year
medical_revenue,is_revenue_complete,Revenue Complete
medical_revenue,is_month_mature,Claims Mature
medical_revenue,is_month_reportable,Month Reportable
medical_cost,payor,Payor
medical_cost,payment_year,Payment Year
medical_loss_ratio,payor,Payor
medical_loss_ratio,payment_year,Payment Year
member_months_paid,payor,Payor
member_months_paid,payment_year,Payment Year
revenue_pmpm,payor,Payor
revenue_pmpm,payment_year,Payment Year
cost_pmpm,payor,Payor
cost_pmpm,payment_year,Payment Year
medical_cost_inpatient,payor,Payor
medical_cost_inpatient,payment_year,Payment Year
medical_cost_outpatient,payor,Payor
medical_cost_outpatient,payment_year,Payment Year
medical_cost_emergency,payor,Payor
medical_cost_emergency,payment_year,Payment Year
medical_cost_professional,payor,Payor
medical_cost_professional,payment_year,Payment Year
medical_cost_pharmacy,payor,Payor
medical_cost_pharmacy,payment_year,Payment Year
medical_cost_post_acute,payor,Payor
medical_cost_post_acute,payment_year,Payment Year
medical_cost_other,payor,Payor
medical_cost_other,payment_year,Payment Year
medical_expected_revenue,payor,Payor
medical_expected_revenue,payment_year,Payment Year
medical_revenue_gap,payor,Payor
medical_revenue_gap,payment_year,Payment Year
specialty_paid_cost,payor,Payor
specialty_paid_cost,payment_year,Payment Year
specialty_paid_cost,service_category,Service Category
specialty_paid_cost,spend_bucket,Spend Bucket
specialty_paid_cost,provider_specialty,Provider Specialty
specialty_paid_cost,network_status,Network Status
specialty_paid_cost,is_month_reportable,Month Reportable
specialty_claim_lines,payor,Payor
specialty_claim_lines,payment_year,Payment Year
specialty_claim_lines,service_category,Service Category
specialty_claim_lines,spend_bucket,Spend Bucket
specialty_claim_lines,provider_specialty,Provider Specialty
specialty_claim_lines,network_status,Network Status
medical_cost_plan_liability,payor,Payor
medical_cost_plan_liability,payment_year,Payment Year
medical_loss_ratio_plan_liability,payor,Payor
medical_loss_ratio_plan_liability,payment_year,Payment Year
cost_pmpm_plan_liability,payor,Payor
cost_pmpm_plan_liability,payment_year,Payment Year
paid_raf,payor,Payor
paid_raf,payment_year,Payment Year
medical_cost_part_d,payor,Payor
medical_cost_part_d,payment_year,Payment Year
pharmacy_paid_cost,payor,Payor
pharmacy_paid_cost,payment_year,Payment Year
pharmacy_paid_cost,part_d_indicator,Part D Indicator
pharmacy_paid_cost,pharmacy_category,Pharmacy Category
pharmacy_paid_cost,drug_class_description,Drug Class
pharmacy_paid_cost,plan_responsibility,Plan Responsibility
pharmacy_paid_cost,is_month_reportable,Month Reportable
pharmacy_paid_cost_plan_liability,payor,Payor
pharmacy_paid_cost_plan_liability,payment_year,Payment Year
pharmacy_paid_cost_plan_liability,part_d_indicator,Part D Indicator
pharmacy_paid_cost_plan_liability,pharmacy_category,Pharmacy Category
pharmacy_paid_cost_plan_liability,drug_class_description,Drug Class
pharmacy_paid_cost_plan_liability,plan_responsibility,Plan Responsibility
pharmacy_paid_cost_part_d,payor,Payor
pharmacy_paid_cost_part_d,payment_year,Payment Year
pharmacy_paid_cost_part_d,part_d_indicator,Part D Indicator
pharmacy_paid_cost_part_d,pharmacy_category,Pharmacy Category
pharmacy_claim_lines,payor,Payor
pharmacy_claim_lines,payment_year,Payment Year
pharmacy_claim_lines,part_d_indicator,Part D Indicator
pharmacy_claim_lines,pharmacy_category,Pharmacy Category
pharmacy_claim_lines,drug_class_description,Drug Class
pharmacy_claim_lines,plan_responsibility,Plan Responsibility
provider_medical_revenue,payor,Payor
provider_medical_revenue,payment_year,Payment Year
provider_medical_revenue,provider_name,Provider
provider_medical_revenue,specialty,Specialty
provider_medical_revenue,clinic_standardized,Clinic
provider_medical_revenue,provider_group_name,Provider Group
provider_medical_revenue,type_category,Provider Type
provider_medical_revenue,is_month_reportable,Month Reportable
provider_medical_cost,payor,Payor
provider_medical_cost,payment_year,Payment Year
provider_medical_cost,provider_name,Provider
provider_medical_cost,specialty,Specialty
provider_medical_cost,clinic_standardized,Clinic
provider_medical_cost,provider_group_name,Provider Group
provider_medical_cost,type_category,Provider Type
provider_medical_cost,is_month_reportable,Month Reportable
provider_medical_cost_plan_liability,payor,Payor
provider_medical_cost_plan_liability,payment_year,Payment Year
provider_medical_cost_plan_liability,provider_name,Provider
provider_medical_cost_plan_liability,specialty,Specialty
provider_medical_cost_plan_liability,clinic_standardized,Clinic
provider_medical_cost_plan_liability,provider_group_name,Provider Group
provider_medical_cost_plan_liability,type_category,Provider Type
provider_mlr_plan_liability,payor,Payor
provider_mlr_plan_liability,payment_year,Payment Year
provider_mlr_plan_liability,provider_name,Provider
provider_mlr_plan_liability,specialty,Specialty
provider_mlr_plan_liability,clinic_standardized,Clinic
provider_mlr_plan_liability,provider_group_name,Provider Group
provider_mlr_plan_liability,type_category,Provider Type
provider_cost_pmpm_plan_liability,payor,Payor
provider_cost_pmpm_plan_liability,payment_year,Payment Year
provider_cost_pmpm_plan_liability,provider_name,Provider
provider_cost_pmpm_plan_liability,specialty,Specialty
provider_cost_pmpm_plan_liability,clinic_standardized,Clinic
provider_cost_pmpm_plan_liability,provider_group_name,Provider Group
provider_cost_pmpm_plan_liability,type_category,Provider Type
provider_paid_raf,payor,Payor
provider_paid_raf,payment_year,Payment Year
provider_paid_raf,provider_name,Provider
provider_paid_raf,specialty,Specialty
provider_paid_raf,clinic_standardized,Clinic
provider_paid_raf,provider_group_name,Provider Group
provider_paid_raf,type_category,Provider Type
provider_paid_raf,is_month_reportable,Month Reportable
provider_member_months,payor,Payor
provider_member_months,payment_year,Payment Year
provider_member_months,provider_name,Provider
provider_member_months,specialty,Specialty
provider_member_months,clinic_standardized,Clinic
provider_member_months,provider_group_name,Provider Group
provider_member_months,type_category,Provider Type
provider_panel_members,payor,Payor
provider_panel_members,payment_year,Payment Year
provider_panel_members,provider_name,Provider
provider_panel_members,specialty,Specialty
provider_panel_members,clinic_standardized,Clinic
provider_panel_members,provider_group_name,Provider Group
provider_panel_members,type_category,Provider Type
diagnosis_paid_cost,company,Company
diagnosis_paid_cost,diagnosis_description,Primary Diagnosis
diagnosis_paid_cost,diagnosis_code,Diagnosis Code
diagnosis_claim_lines,company,Company
diagnosis_claim_lines,diagnosis_description,Primary Diagnosis
diagnosis_claim_lines,diagnosis_code,Diagnosis Code
cadence_low_risk_patients,current_tier,Current Tier
cadence_low_risk_patients,proposed_tier,Proposed Tier
cadence_low_risk_patients,clinic,Clinic
cadence_low_risk_patients,primary_payor,Primary Payor
cadence_rising_risk_patients,current_tier,Current Tier
cadence_rising_risk_patients,proposed_tier,Proposed Tier
cadence_rising_risk_patients,clinic,Clinic
cadence_rising_risk_patients,primary_payor,Primary Payor
cadence_polypharmacy_patients,current_tier,Current Tier
cadence_polypharmacy_patients,proposed_tier,Proposed Tier
cadence_polypharmacy_patients,clinic,Clinic
cadence_polypharmacy_patients,primary_payor,Primary Payor
cadence_hrm_patients,current_tier,Current Tier
cadence_hrm_patients,proposed_tier,Proposed Tier
cadence_hrm_patients,clinic,Clinic
cadence_hrm_patients,primary_payor,Primary Payor
cadence_high_util_patients,current_tier,Current Tier
cadence_high_util_patients,proposed_tier,Proposed Tier
cadence_high_util_patients,clinic,Clinic
cadence_high_util_patients,primary_payor,Primary Payor
cadence_frailty_patients,current_tier,Current Tier
cadence_frailty_patients,proposed_tier,Proposed Tier
cadence_frailty_patients,clinic,Clinic
cadence_frailty_patients,primary_payor,Primary Payor
cadence_risk_factor_patients,current_tier,Current Tier
cadence_risk_factor_patients,proposed_tier,Proposed Tier
cadence_risk_factor_patients,clinic,Clinic
cadence_risk_factor_patients,primary_payor,Primary Payor
hcc_acceptance_rate,hcc_code,HCC Code
hcc_accepted,hcc_code,HCC Code
hcc_assessed,hcc_code,HCC Code
hcc_assessment_rate,hcc_code,HCC Code
hcc_claim_closed,hcc_code,HCC Code
hcc_claim_rate,hcc_code,HCC Code
hcc_distinct_codes,hcc_code,HCC Code
hcc_held,hcc_code,HCC Code
hcc_not_assessed,hcc_code,HCC Code
hcc_patient_count,hcc_code,HCC Code
hcc_pcp_differ_rate,hcc_code,HCC Code
hcc_pcp_differs,hcc_code,HCC Code
hcc_pcp_match,hcc_code,HCC Code
hcc_recapture,clinic,Clinic
hcc_recapture,provider,Provider (PCP)
hcc_recapture,assessing_provider,Assessing Provider
hcc_recapture,hcc_code,HCC Code
hcc_recapture,final_status,Assessment Status
hcc_recapture,navina_status,VendorNav Recapture/Suspect
hcc_recapture_rate,clinic,Clinic
hcc_recapture_rate,provider,Provider (PCP)
hcc_recapture_rate,assessing_provider,Assessing Provider
hcc_recapture_rate,hcc_code,HCC Code
hcc_recapture_rate,final_status,Assessment Status
hcc_recapture_rate,navina_status,VendorNav Recapture/Suspect
hcc_rejected,hcc_code,HCC Code
hcc_suspect,clinic,Clinic
hcc_suspect,provider,Provider (PCP)
hcc_suspect,assessing_provider,Assessing Provider
hcc_suspect,hcc_code,HCC Code
hcc_suspect,final_status,Assessment Status
hcc_suspect,navina_status,VendorNav Recapture/Suspect
hcc_total_hccs,hcc_code,HCC Code
attrition_patients,account_status,Account Status
attrition_patients,clinic,Clinic
attrition_patients,enrollment_status,Enrollment Status
attrition_patients,membership_membership_status,Membership Status
attrition_patients,lead_source,Lead Source
attrition_patients,member_category,Member Category
attrition_patients,member_journey_stage,Member Journey Stage
attrition_patients,member_type,Member Type
attrition_patients,membership_attribution,Membership Attribution
attrition_patients,patient_status,Patient Status
attrition_patients,payment_status,Payment Status
attrition_patients,primary_payor,Primary Payor
attrition_patients,risk_tier,Risk Tier
attrition_patients,utm_campaign,UTM Campaign
attrition_patients,utm_medium,UTM Medium
attrition_patients,utm_source,UTM Source
cadence_proposed_on_cadence_patients,clinic,Clinic
cadence_proposed_on_cadence_patients,primary_care_provider,Provider
cadence_proposed_on_cadence_patients,patient_status,Patient Status
cadence_proposed_on_cadence_patients,proposed_tier,Proposed Tier
cadence_proposed_on_cadence_patients,current_tier,Current Tier
cadence_proposed_on_cadence_patients,tier_shift,Tier Shift
cadence_proposed_off_cadence_patients,clinic,Clinic
cadence_proposed_off_cadence_patients,primary_care_provider,Provider
cadence_proposed_off_cadence_patients,patient_status,Patient Status
cadence_proposed_off_cadence_patients,proposed_tier,Proposed Tier
cadence_proposed_off_cadence_patients,current_tier,Current Tier
cadence_proposed_off_cadence_patients,tier_shift,Tier Shift
cadence_proposed_on_cadence_rate,clinic,Clinic
cadence_proposed_on_cadence_rate,primary_care_provider,Provider
cadence_proposed_on_cadence_rate,patient_status,Patient Status
cadence_proposed_off_cadence_unscheduled_patients,clinic,Clinic
cadence_proposed_off_cadence_unscheduled_patients,primary_care_provider,Provider
cadence_proposed_off_cadence_unscheduled_patients,patient_status,Patient Status
cadence_proposed_off_cadence_unscheduled_patients,proposed_tier,Proposed Tier
cadence_proposed_off_cadence_unscheduled_patients,current_tier,Current Tier
