name,source_mart,date_column,agg,sum_column,rate_num,rate_denom,rate_scale,label,description
analytics_awv_completed_ytd,marts_bi_v3.mart_attribution_detail,,count_distinct,awv_completed_aid,,,100,AWV Completed YTD,Count of unique attributed patients with an AWV completed in the current calendar year.
analytics_awv_eligible,marts_bi_v3.mart_attribution_detail,,count_distinct,awv_eligible_aid,,,100,AWV Eligible,Count of unique patients eligible for an Annual Wellness Visit under analytics-based Medicare criteria.
analytics_awv_gap,marts_bi_v3.mart_attribution_detail,,count_distinct,awv_gap_aid,,,100,AWV Gap,Count of AWV-eligible patients with no completed or scheduled AWV in the current year.
analytics_awv_scheduled,marts_bi_v3.mart_attribution_detail,,count_distinct,awv_scheduled_aid,,,100,AWV Scheduled,Count of AWV-eligible patients with a scheduled but not yet completed AWV this year.
awv_completion_rate_analytics,marts_bi_v3.mart_attribution_detail,,rate_distinct,,awv_completed_aid,awv_eligible_aid,100,AWV Completion %,AWV completed YTD as a percentage of total AWV-eligible attributed patients.
awv_gap_count,marts_bi_v3.mart_attribution_detail,,count_distinct,is_awv_gap_aid,,,100,AWV Gap (flag),Attributed patients flagged as AWV gap (eligible with no completed or scheduled AWV this year). Numerator-only count; pair with analytics_awv_eligible for the rate.
awv_scheduled_or_completed_rate,marts_bi_v3.mart_attribution_detail,,rate_distinct,,awv_sched_or_done_aid,awv_eligible_aid,100,AWV Scheduled or Completed %,Patients with an AWV scheduled or completed as a percentage of AWV-eligible patients.
cadence_denominator,marts_bi_v3.mart_attribution_detail,,count_distinct,cadence_denom_aid,,,100,Cadence Denominator,Denominator for on-cadence rate: attributed patients whose risk-tier cadence window is currently evaluable. Used in on_cadence_rate.
case_awv_actionable,marts_bi_v3.mart_attribution_detail,,count_distinct,case_awv_actionable_aid,,,100,Case AWV Actionable,Attributed patients whose Salesforce Case status marks them as actionable for AWV scheduling outreach in the selected period.
case_mddo_actionable,marts_bi_v3.mart_attribution_detail,,count_distinct,case_mddo_actionable_aid,,,100,Case MDDO Actionable,Attributed patients whose Salesforce Case status marks them as actionable for MD/DO scheduling outreach in the selected period.
mddo_completion_rate,marts_bi_v3.mart_attribution_detail,,rate_distinct,,mddo_completed_aid,mddo_eligible_aid,100,MDDO Completion %,Attributed patients with a completed qualifying MD/DO visit as a percentage of MD/DO-eligible attributed patients.
mddo_visit_completed_count,marts_bi_v3.mart_attribution_detail,,count_distinct,mddo_completed_aid,,,100,MDDO Visit Completed,Attributed patients with a completed qualifying MD/DO visit this year.
mddo_visit_scheduled_count,marts_bi_v3.mart_attribution_detail,,count_distinct,mddo_scheduled_aid,,,100,MDDO Visit Scheduled,Attributed patients with a scheduled but not yet completed qualifying MD/DO visit this year.
mdm_compliant_count,marts_bi_v3.mart_attribution_detail,,count_distinct,mdm_compliant_aid,,,100,MDM Compliant,"Attributed patients passing MDM (master data management) compliance filters: complete identity, not flagged as test or deleted."
medicare_advantage_count,marts_bi_v3.mart_attribution_detail,,count_distinct,medicare_advantage_aid,,,100,Medicare Advantage,Count of unique attributed patients with Medicare Advantage as their primary coverage.
needs_review_count,marts_bi_v3.mart_attribution_detail,,count_distinct,needs_review_aid,,,100,Needs Review,"Attributed patients flagged for manual review (data quality, eligibility, or attribution-source anomaly)."
on_cadence_count,marts_bi_v3.mart_attribution_detail,,count_distinct,on_cadence_aid,,,100,On Cadence,Attributed patients currently within their risk-tier visit cadence window. Numerator for on_cadence_rate.
on_cadence_rate,marts_bi_v3.mart_attribution_detail,,rate_distinct,,on_cadence_aid,cadence_denom_aid,100,On-Cadence %,Patients currently within their risk-tier visit cadence as a percentage of the cadence-eligible attributed population.
original_medicare_count,marts_bi_v3.mart_attribution_detail,,count_distinct,original_medicare_aid,,,100,Original Medicare,Count of unique attributed patients with Original Medicare (fee-for-service) coverage.
sf_mddo_actionable_count,marts_bi_v3.mart_attribution_detail,,count_distinct,sf_mddo_actionable_aid,,,100,MD/DO Actionable,Original Medicare patients marked actionable for an MD/DO visit per Salesforce Case status. Denominator for sf_mddo_completion_rate.
sf_mddo_completed_2026_count,marts_bi_v3.mart_attribution_detail,,count_distinct,sf_mddo_completed_2026_aid,,,100,MD/DO Completed 2026,Count of Original Medicare patients with a qualifying MD/DO visit completed in 2026 per Salesforce status.
sf_mddo_completed_2027_count,marts_bi_v3.mart_attribution_detail,,count_distinct,sf_mddo_completed_2027_aid,,,100,MD/DO Completed 2027,Count of Original Medicare patients with a qualifying MD/DO visit completed in 2027 per Salesforce status.
sf_mddo_completed_count,marts_bi_v3.mart_attribution_detail,,count_distinct,sf_mddo_completed_2026_aid,,,100,MD/DO Completed 2026,DEPRECATED alias of sf_mddo_completed_2026_count (pinned to 2026 and will NOT roll forward). Use the year-explicit metric in new charts.
sf_mddo_completion_rate,marts_bi_v3.mart_attribution_detail,,rate_distinct,,sf_mddo_completed_2026_aid,sf_mddo_actionable_aid,100,MD/DO Completion %,MD/DO completed patients as a percentage of actionable MD/DO-eligible Original Medicare patients.
sf_mddo_eligible_count,marts_bi_v3.mart_attribution_detail,,count_distinct,sf_mddo_eligible_aid,,,100,MD/DO Eligible,Count of active Original Medicare patients eligible for a qualifying MD/DO visit this year.
sf_mddo_scheduled_2026_count,marts_bi_v3.mart_attribution_detail,,count_distinct,sf_mddo_scheduled_2026_aid,,,100,MD/DO Scheduled 2026,Count of Original Medicare patients with a qualifying MD/DO visit scheduled for 2026 per Salesforce status.
sf_mddo_scheduled_2027_count,marts_bi_v3.mart_attribution_detail,,count_distinct,sf_mddo_scheduled_2027_aid,,,100,MD/DO Scheduled 2027,Count of Original Medicare patients with a qualifying MD/DO visit scheduled for 2027 per Salesforce status.
sf_mddo_scheduled_count,marts_bi_v3.mart_attribution_detail,,count_distinct,sf_mddo_scheduled_2026_aid,,,100,MD/DO Scheduled 2026,DEPRECATED alias of sf_mddo_scheduled_2026_count (pinned to 2026 and will NOT roll forward). Use the year-explicit metric in new charts.
total_medicare_count,marts_bi_v3.mart_attribution_detail,,count_distinct,total_medicare_aid,,,100,Total Medicare,Count of unique attributed patients with any Medicare coverage (Original Medicare or Medicare Advantage).
attributed_at_risk,marts_bi_v3.mart_attribution_operations,,count_distinct,seg_at_risk_pid,,,100,Attributed - At Risk,Attributed patients in the At Risk engagement segment (declining engagement signals).
attributed_engaged,marts_bi_v3.mart_attribution_operations,,count_distinct,seg_engaged_pid,,,100,Attributed - Engaged,Attributed patients in the Engaged segment (active recent engagement signals).
attributed_needs_work,marts_bi_v3.mart_attribution_operations,,count_distinct,seg_needs_work_pid,,,100,Attributed - Needs Work,Attributed patients in the Needs Work segment (engagement gap requiring outreach).
avg_effort_gap,marts_bi_v3.mart_attribution_operations,,avg,effort_gap_num,,,100,Avg Effort Gap,Average gap between effort score and success score across the attributed population — higher values indicate unrewarded outreach investment.
avg_effort_score,marts_bi_v3.mart_attribution_operations,,avg,effort_score,,,100,Avg Effort Score,Average effort score across the attributed population reflecting clinical and operational investment in patient engagement.
avg_success_score,marts_bi_v3.mart_attribution_operations,,avg,success_score,,,100,Avg Success Score,"Average success score across the attributed population — composite of engagement, AWV, and visit-cadence outcomes."
awv_completed,marts_bi_v3.mart_attribution_operations,,count_distinct,awv_completed_pid,,,100,AWV Completed,Attributed patients with an AWV completed in the current calendar year.
awv_eligible,marts_bi_v3.mart_attribution_operations,,count_distinct,awv_eligible_pid,,,100,AWV Eligible,Count of unique attributed patients eligible for an Annual Wellness Visit.
awv_scheduled,marts_bi_v3.mart_attribution_operations,,count_distinct,awv_scheduled_pid,,,100,AWV Scheduled,Attributed patients with a scheduled but not yet completed AWV this year.
gaining_in_progress,marts_bi_v3.mart_attribution_operations,,count_distinct,seg_gaining_pid,,,100,Gaining - In Progress,Attributed patients trending toward the Engaged segment based on recent positive engagement signals.
lost_despite_effort,marts_bi_v3.mart_attribution_operations,,count_distinct,seg_lost_effort_pid,,,100,Lost - Despite Effort,Attributed patients lost from the roster despite documented outreach effort.
lost_no_effort,marts_bi_v3.mart_attribution_operations,,count_distinct,seg_lost_no_effort_pid,,,100,Lost - No Effort,Attributed patients lost from the roster with no documented outreach effort.
mddo_completed,marts_bi_v3.mart_attribution_operations,,count_distinct,mddo_completed_pid,,,100,MDDO Completed,Attributed patients with a completed qualifying MD/DO visit this year.
mddo_eligible,marts_bi_v3.mart_attribution_operations,,count_distinct,mddo_eligible_pid,,,100,MDDO Eligible,Count of unique attributed patients eligible for a qualifying MD/DO visit.
mddo_scheduled,marts_bi_v3.mart_attribution_operations,,count_distinct,mddo_scheduled_pid,,,100,MDDO Scheduled,Attributed patients with a scheduled but not yet completed qualifying MD/DO visit this year.
off_roster,marts_bi_v3.mart_attribution_operations,,count_distinct,off_roster_pid,,,100,Off Roster,Attributed patients not currently appearing on any payor roster file.
on_roster,marts_bi_v3.mart_attribution_operations,,count_distinct,on_roster_pid,,,100,On Roster,Count of attributed patients currently confirmed on a payor roster file.
truly_lost_count,marts_bi_v3.mart_attribution_operations,,count_distinct,truly_lost_pid,,,100,Truly Lost,Attributed patients removed from all payor rosters with no concurrent re-attribution. Mirrors truly_lost_patients in mart_attribution_timeline.
voluntary_attributed_count,marts_bi_v3.mart_attribution_operations,,count_distinct,voluntary_attributed_pid,,,100,Voluntary Attributed,Count of patients voluntarily aligned to Healthcare Org under a value-based care contract.
attribution_unique_patients,marts_bi_v3.mart_attribution_timeline,,count_distinct,patient_id,,,100,Unique Patients,"Count of unique patients with an attribution record in the selected period. NOT the canonical Active Patient definition (548-day rule); this counts attribution presence only. Renamed from attribution_active_patients to remove the misleading ""active"" implication."
attribution_active_patients,marts_bi_v3.mart_attribution_timeline,,count_distinct,patient_id,,,100,Unique Patients,DEPRECATED back-compat alias of attribution_unique_patients (identical definition). Retained only so existing saved specs/dashboards do not break at runtime; migrate to attribution_unique_patients and remove after consumers are updated.
avg_tenure_months,marts_bi_v3.mart_attribution_timeline,,avg,consecutive_months,,,100,Avg Tenure (months),Average consecutive months a patient has remained attributed to Healthcare Org without a gap.
dual_attributed_patients,marts_bi_v3.mart_attribution_timeline,,count_distinct,dual_attributed_pid,,,100,Dual Attributed,Count of patients attributed to two or more payors in the same month.
gained_patients,marts_bi_v3.mart_attribution_timeline,,count_distinct,gained_pid,,,100,Gained,Patients newly attributed to Healthcare Org in the selected period (first appearance on a payor roster).
lost_patients,marts_bi_v3.mart_attribution_timeline,,count_distinct,lost_pid,,,100,Lost,Patients dropped from at least one payor roster in the selected period (may still be attributed elsewhere — see truly_lost_patients).
retained_patients,marts_bi_v3.mart_attribution_timeline,,count_distinct,retained_pid,,,100,Retained,Patients attributed in both the previous and current period on the same payor.
shifted_patients,marts_bi_v3.mart_attribution_timeline,,count_distinct,shifted_pid,,,100,Shifted,Count of patients who shifted from one attributed payor to another in the selected period.
total_rows,marts_bi_v3.mart_attribution_timeline,,count,,,,100,Total Rows,"Row count of the attribution timeline mart for the selected period — diagnostic, not a business KPI."
truly_lost_patients,marts_bi_v3.mart_attribution_timeline,,count_distinct,truly_lost_pid,,,100,Truly Lost,Count of patients removed from all rosters with no concurrent re-attribution to another payor.
avg_cocm_minutes,marts_bi_v3.mart_behavioral_health,last_bh_visit_date,avg,cocm_minutes_current_month,,,100,Avg COCM Minutes,Average CoCM minutes logged per behavioral health patient in the current billing month.
avg_gad_latest,marts_bi_v3.mart_behavioral_health,last_bh_visit_date,avg,latest_gad_score,,,100,Avg Latest GAD,Average of each BH panel patient's most recent GAD-7 anxiety screening score.
avg_phq_latest,marts_bi_v3.mart_behavioral_health,last_bh_visit_date,avg,latest_phq_score,,,100,Avg Latest PHQ,Average of each BH panel patient's most recent PHQ-9 depression screening score.
gad_assessed_count,marts_bi_v3.mart_behavioral_health,last_bh_visit_date,count_distinct,gad_assessed_pid,,,100,GAD Assessed Count,BH panel patients with a current GAD-7 anxiety screening score on record.
gad_clinically_significant,marts_bi_v3.mart_behavioral_health,last_bh_visit_date,count_distinct,gad_significant_pid,,,100,GAD Clinically Significant,"BH patients with a baseline GAD-7 score of 5 or higher, indicating clinically significant anxiety."
gad_remission_count,marts_bi_v3.mart_behavioral_health,last_bh_visit_date,count_distinct,gad_remission_pid,,,100,GAD Remission Count,Clinically significant GAD patients (baseline >= 5) whose latest GAD-7 score is below 5 (remission).
gad_response_count,marts_bi_v3.mart_behavioral_health,last_bh_visit_date,count_distinct,gad_response_pid,,,100,GAD Response Count,Clinically significant GAD patients (baseline >= 5) with at least a 50% score reduction from baseline (response).
panel_size,marts_bi_v3.mart_behavioral_health,last_bh_visit_date,count_distinct,patient_id,,,100,Panel Size,Total distinct patients on the active behavioral health panel with at least one completed BH visit.
panel_size_current,marts_bi_v3.mart_behavioral_health,,count_distinct,patient_id,,,100,Active BH Panel (Current),Total distinct patients currently on the active BH panel (is_active_bh_panel = true). Timeless snapshot — ignores dashboard date range so cards always show the true current panel size including patients not seen in the selected window.
patients_no_next_appt,marts_bi_v3.mart_behavioral_health,last_bh_visit_date,count_distinct,no_next_pid,,,100,Patients With No Next Appointment,"BH patients without a future behavioral health appointment scheduled, indicating potential treatment drop-off."
patients_with_care_plan,marts_bi_v3.mart_behavioral_health,last_bh_visit_date,count_distinct,care_plan_pid,,,100,Patients With Care Plan,Active BH panel patients with an active CM care plan (Longitudinal or Behavioral) and at least one logged care event (cmcareevent). Legacy Behavioral-only plan flag remains on has_bh_care_plan.
pct_gad_assessed,marts_bi_v3.mart_behavioral_health,last_bh_visit_date,rate_distinct,,gad_assessed_pid,patient_id,100,GAD Assessed %,Percentage of BH panel patients with a current GAD-7 anxiety screening score on record.
pct_phq_assessed,marts_bi_v3.mart_behavioral_health,last_bh_visit_date,rate_distinct,,phq_assessed_pid,patient_id,100,PHQ Assessed %,Percentage of BH panel patients with a current PHQ-9 depression screening score on record.
phq_assessed_count,marts_bi_v3.mart_behavioral_health,last_bh_visit_date,count_distinct,phq_assessed_pid,,,100,PHQ Assessed Count,BH panel patients with a current PHQ-9 depression screening score on record.
phq_clinically_significant,marts_bi_v3.mart_behavioral_health,last_bh_visit_date,count_distinct,phq_significant_pid,,,100,PHQ Clinically Significant,"BH patients with a baseline PHQ-9 score of 5 or higher, indicating clinically significant depression."
phq_remission_count,marts_bi_v3.mart_behavioral_health,last_bh_visit_date,count_distinct,phq_remission_pid,,,100,PHQ Remission Count,"BH patients whose most recent PHQ-9 score is below 5, indicating clinical remission from depression."
phq_response_count,marts_bi_v3.mart_behavioral_health,last_bh_visit_date,count_distinct,phq_response_pid,,,100,PHQ Response Count,Clinically significant PHQ patients (baseline >= 5) with at least a 50% score reduction from baseline (response).
bh_no_show_rate,marts_bi_v3.mart_bh_scheduling_capacity,week_start,rate,,no_show_int,one,100,BH No-Show Rate %,Behavioral health slot no-show rate. Numerator: BH slots with slot_category = 'No Show' (cancelled at or after the appointment date). Denominator: all BH slots. Multiplied by 100 for percent display. Target below 10%.
cancelled_slots,marts_bi_v3.mart_bh_scheduling_capacity,week_start,sum,cancelled_int,,,100,Cancelled Slots,BH slots where the appointment was cancelled (slot_category = Cancelled).
completed_slots,marts_bi_v3.mart_bh_scheduling_capacity,week_start,sum,completed_int,,,100,Completed Slots,BH slots where the appointment was completed (checked in / checked out / charge entered).
fill_rate,marts_bi_v3.mart_bh_scheduling_capacity,week_start,rate,,completed_int,one,100,Fill %,Completed BH slots as a share of all BH slots. Measures provider schedule utilization.
never_filled_slots,marts_bi_v3.mart_bh_scheduling_capacity,week_start,sum,never_filled_int,,,100,Never Filled Slots,BH slots that were never booked (slot_category = Never Filled).
no_show_slots,marts_bi_v3.mart_bh_scheduling_capacity,week_start,sum,no_show_int,,,100,No Show Slots,BH slots where the patient was a no-show (slot_category = No Show).
scheduled_slots,marts_bi_v3.mart_bh_scheduling_capacity,week_start,sum,scheduled_int,,,100,Scheduled Slots,BH slots that are booked and not cancelled (slot_category = Scheduled).
total_slots,marts_bi_v3.mart_bh_scheduling_capacity,week_start,count,,,,100,Total Slots,All BH appointment slots in the mart regardless of outcome.
utilization_pct,marts_bi_v3.mart_bh_scheduling_capacity,week_start,rate,,utilized_int,one,100,Utilization %,Filled or ever-booked BH slots as a share of all BH slots. Broader capacity usage measure.
acceptance_rate,marts_bi_v3.mart_hcc_assessment,encounter_date,rate,,accepted_int,one,100,Acceptance %,Accepted HCC suggestions as a percentage of all actionable suggestions reviewed at the encounter.
accepted_count,marts_bi_v3.mart_hcc_assessment,encounter_date,sum,accepted_int,,,100,Accepted,Number of HCC code suggestions accepted by the provider at the point of documentation.
accepted_hcc_value,marts_bi_v3.mart_hcc_assessment,encounter_date,sum,accepted_hcc_value_num,,,100,Accepted HCC Value,Sum of CMS RAF coefficients across HCC code suggestions accepted by the provider in the selected period.
actionable_suggestions,marts_bi_v3.mart_hcc_assessment,encounter_date,sum,actionable_int,,,100,Actionable Suggestions,HCC code suggestions in an actionable state (excludes system-excluded and held). Denominator for acceptance_rate and assessment_rate.
assessed_count,marts_bi_v3.mart_hcc_assessment,encounter_date,sum,assessed_int,,,100,Assessed,"HCC code suggestions reviewed and assessed by the provider (any decision: accepted, dismissed, or marked as gap)."
assessment_rate,marts_bi_v3.mart_hcc_assessment,encounter_date,rate,,assessed_int,actionable_int,100,Assessment %,Assessed HCC suggestions as a percentage of all actionable suggestions presented to providers.
dismissed_count,marts_bi_v3.mart_hcc_assessment,encounter_date,sum,dismissed_int,,,100,Dismissed,HCC code suggestions explicitly dismissed by the provider during documentation.
distinct_hcc_codes,marts_bi_v3.mart_hcc_assessment,encounter_date,count_distinct,hcc_code,,,100,Distinct HCC Codes,Distinct HCC code values appearing in suggestions across the selected period.
gap_count,marts_bi_v3.mart_hcc_assessment,encounter_date,sum,gap_int,,,100,Gap,HCC codes that were suggested but not addressed by the provider (status = NOT ADDRESSED).
gap_rate,marts_bi_v3.mart_hcc_assessment,encounter_date,rate,,gap_int,one,100,Gap %,Suggestions left unaddressed (NOT ADDRESSED status) as a percentage of all actionable suggestions.
held_count,marts_bi_v3.mart_hcc_assessment,encounter_date,sum,held_int,,,100,Held,HCC code suggestions placed in a held / pending state pending further review.
pending_closed_count,marts_bi_v3.mart_hcc_assessment,encounter_date,sum,pending_closed_int,,,100,Pending Closure,HCC code suggestions awaiting encounter closure before final disposition.
recapture_candidates,marts_bi_v3.mart_hcc_assessment,encounter_date,sum,recapture_candidate_int,,,100,Recapture Candidates,HCC code suggestions eligible for recapture (previously documented chronic conditions). Denominator for recapture_rate.
recapture_count,marts_bi_v3.mart_hcc_assessment,encounter_date,sum,recapture_int,,,100,Recapture Accepted,Recapture-eligible HCC suggestions accepted by the provider in this encounter.
recapture_rate,marts_bi_v3.mart_hcc_assessment,encounter_date,rate,,recapture_int,recapture_candidate_int,100,Recapture %,Accepted recapture suggestions as a percentage of all recapture-eligible HCC suggestions.
system_excluded_count,marts_bi_v3.mart_hcc_assessment,encounter_date,sum,system_excluded_int,,,100,System Excluded,HCC code suggestions automatically excluded by the system (e.g. patient-level exclusion rules) — never presented to the provider.
total_hcc_value,marts_bi_v3.mart_hcc_assessment,encounter_date,sum,hcc_coefficient,,,100,Total HCC Value,Sum of CMS RAF coefficients across all HCC code suggestions (any disposition) in the selected period.
total_suggestions,marts_bi_v3.mart_hcc_assessment,encounter_date,count,,,,100,Total Suggestions,Total VendorNav AI HCC code suggestions presented to providers across all encounters.
avg_coder_acceptance_rate,marts_bi_v3.mart_hcc_coder_contribution,encounter_date,avg,coder_acceptance_rate,,,100,Avg Coder Acceptance Rate,Average fraction of HCC suggestions accepted per coder scrub measuring coder-level coding efficiency.
total_hcc_autogenerated,marts_bi_v3.mart_hcc_coder_contribution,encounter_date,sum,hcc_autogenerated_int,,,100,Total HCC Auto-generated,Total visits where VendorNav AI auto-generated at least one HCC code suggestion for the coder to review.
total_hcc_manual,marts_bi_v3.mart_hcc_coder_contribution,encounter_date,sum,hcc_added_manually_int,,,100,Total HCC Manual,Total visits where the coder manually added at least one HCC code beyond the auto-generated suggestions.
total_scrubs,marts_bi_v3.mart_hcc_coder_contribution,encounter_date,count,,,,100,Total Scrubs,Total coder scrub events performed across all visit-coder combinations.
avg_acceptance_rate,marts_bi_v3.mart_hcc_provider_contribution,encounter_date,avg,acceptance_rate,,,100,Avg Acceptance Rate,Average fraction of HCC suggestions accepted per provider visit pre-calculated from the source view.
avg_suggestions_per_visit,marts_bi_v3.mart_hcc_provider_contribution,encounter_date,avg,total_suggestions,,,100,Avg Suggestions / Visit,Average number of HCC code suggestions presented per provider visit in the selected period.
review_rate,marts_bi_v3.mart_hcc_provider_contribution,encounter_date,rate,,reviewed_int,one,100,Review %,Percentage of provider visits where HCC suggestions were reviewed before documentation was closed.
reviewed_visits,marts_bi_v3.mart_hcc_provider_contribution,encounter_date,sum,reviewed_int,,,100,Reviewed Visits,Provider visits where HCC suggestions were reviewed before documentation was closed. Numerator for review_rate.
total_accepted,marts_bi_v3.mart_hcc_provider_contribution,encounter_date,sum,accepted_count,,,100,Total Accepted,Total HCC code suggestions accepted across all provider visits in the selected period.
total_hcc_value_captured,marts_bi_v3.mart_hcc_provider_contribution,encounter_date,sum,hcc_value_captured,,,100,Total HCC Value Captured,Sum of CMS Risk Adjustment Factor (RAF) coefficients from all accepted HCC suggestions.
total_not_addressed,marts_bi_v3.mart_hcc_provider_contribution,encounter_date,sum,not_addressed_count,,,100,Total Not Addressed,Total HCC code suggestions left unaddressed (NOT ADDRESSED status) across all provider visits.
total_visits,marts_bi_v3.mart_hcc_provider_contribution,encounter_date,count,,,,100,Total Visits,Total provider visits with at least one HCC suggestion presented.
activation_rate,marts_bi_v3.mart_membership,,rate_distinct,,active_member_aid,membership_activated_aid,100,Activation Rate %,kpi_membership_active accounts as a share of all Membership-activated accounts. Measures funnel conversion after signup.
active_member_count,marts_bi_v3.mart_membership,,count_distinct,journey_active_member_aid,,,100,Active Member (Funnel),Count of accounts at journey stage 4 (Active Member) in the membership FUNNEL. NOT the canonical Active Members count — use active_members for that.
active_members,marts_bi_v3.mart_membership,,count_distinct,active_member_aid,,,100,Active Members,Canonical Active Members: active under the BackendBaaS legacy or Membership paying authority contract and canonically an Active patient.
active_members_raw,marts_bi_v3.mart_membership,,count_distinct,active_member_raw_aid,,,100,Active Members (Systems Raw),Dual-authority active members with no patient-status gate. Diff vs active_members is the patient-status reconciliation queue.
attrition_count,marts_bi_v3.mart_membership,,count_distinct,attrition_aid,,,100,Attrition Count,Accounts that became Declined or Inactive after activating (had a Membership member-since date).
attrition_rate,marts_bi_v3.mart_membership,,rate_distinct,,attrition_aid,membership_activated_aid,100,Attrition Rate %,Members who declined or went inactive after signing an agreement as a share of all activated accounts.
contract_signed_count,marts_bi_v3.mart_membership,,count_distinct,journey_contract_signed_aid,,,100,Contract Signed,Accounts at journey stage 3 (Contract Signed) or above in the membership funnel.
converted_leads,marts_bi_v3.mart_membership,,count_distinct,converted_lead_id,,,100,Converted Leads,Distinct leads that converted into a Membership-activated membership account.
declined_count,marts_bi_v3.mart_membership,,count_distinct,declined_aid,,,100,Declined,Accounts with Declined enrollment status that previously had a Membership member since date.
eligible_count,marts_bi_v3.mart_membership,,count_distinct,journey_eligible_aid,,,100,Eligible,Accounts at journey stage 1 (Eligible) or above in the membership funnel.
established_members,marts_bi_v3.mart_membership,,count_distinct,established_aid,,,100,Established Members,kpi_membership_active members enrolled before the current measurement period (Established category).
inactive_member_count,marts_bi_v3.mart_membership,,count_distinct,inactive_member_aid,,,100,Inactive Members,Accounts in Inactive Member enrollment status that previously had a Membership member-since date.
lead_conversion_rate,marts_bi_v3.mart_membership,,rate_distinct,,net_new_converted_lead_id,net_new_lead_id_nn,100,Lead Conversion %,Converted Net New leads as a share of all Net New leads. Measures lead-to-member conversion.
leads_count,marts_bi_v3.mart_membership,,count_distinct,lead_id_nn,,,100,Leads,Distinct lead records in the membership funnel for the selected period.
net_new_members,marts_bi_v3.mart_membership,,count_distinct,netnew_aid,,,100,Net New Members,Members classified as Net New (enrolled after the membership program launch date).
not_eligible_count,marts_bi_v3.mart_membership,,count_distinct,not_eligible_aid,,,100,Not Eligible,Accounts evaluated for membership and determined ineligible.
prospect_scheduling_rate,marts_bi_v3.mart_membership,,rate_distinct,,scheduled_prospect_aid,prospect_aid,100,Prospect Scheduling %,Scheduled prospects as a share of all prospects. Measures early-funnel scheduling success.
prospects,marts_bi_v3.mart_membership,,count_distinct,prospect_aid,,,100,Prospects,Accounts in Prospect member_type (engaged but not yet contracted). Denominator for prospect_scheduling_rate.
scheduled_prospects,marts_bi_v3.mart_membership,,count_distinct,scheduled_prospect_aid,,,100,Scheduled Prospects,Prospects with a scheduled appointment (member_type = Prospect - Scheduled).
total_completed_appointments,marts_bi_v3.mart_membership,,sum,completed_appointment_count,,,100,Completed Appointments,Sum of completed appointment counts across membership accounts in the selected period.
total_future_appointments,marts_bi_v3.mart_membership,,sum,future_appointment_count,,,100,Future Appointments,Sum of future (scheduled) appointment counts across membership accounts as of the selected period.
total_members,marts_bi_v3.mart_membership,,count_distinct,membership_activated_aid,,,100,Total Members,All accounts with a Membership member since date regardless of current enrollment status.
unscheduled_prospects,marts_bi_v3.mart_membership,,count_distinct,unscheduled_prospect_aid,,,100,Unscheduled Prospects,Prospects without a scheduled appointment (member_type = Prospect - Member).
active_members_eom,marts_bi_v3.mart_membership_kpis_monthly,period_start,sum,active_members_eom,,,1,Active Members (EOM),Members in Active Member or Active Member - Waived enrollment status at month-end.
annual_plan_active_members,marts_bi_v3.mart_membership_kpis_monthly,period_start,sum,annual_plan_active_members_eom,,,1,Annual Plan Active Members,Active members on annual cadence plans (membership_plan_rate_cents in 8333 or 9900).
annual_renewal_eligible_members_eom,marts_bi_v3.mart_membership_kpis_monthly,period_start,sum,annual_renewal_eligible_members_eom,,,1,Annual Renewal Eligible Members,Active Annual-plan members with 12+ months of tenure (renewal-eligible window).
annual_renewed_members_eom,marts_bi_v3.mart_membership_kpis_monthly,period_start,sum,annual_renewed_members_eom,,,1,Annual Renewed Members,Renewed Annual-plan members in the same eligible window.
avg_age_eom,marts_bi_v3.mart_membership_kpis_monthly,period_start,sum,avg_age_eom,,,1,Avg Age (EOM),Average age of members in the panel at month-end.
avg_days_since_visit_eom,marts_bi_v3.mart_membership_kpis_monthly,period_start,sum,avg_days_since_visit_eom,,,1,Avg Days Since Visit (EOM),Average days since the members last completed visit at month-end.
churned_paying_eom,marts_bi_v3.mart_membership_kpis_monthly,period_start,sum,churned_paying_eom,,,1,Churned Paying Members,Paying or Converted members whose Salesforce Account flipped to non-Active this month.
converted_members_eom,marts_bi_v3.mart_membership_kpis_monthly,period_start,sum,converted_members_eom,,,1,Converted Members (EOM),Members who transitioned Grandmothered to Paying (sticky once converted).
declined_eom,marts_bi_v3.mart_membership_kpis_monthly,period_start,sum,declined_eom,,,1,Declined (EOM),Members who declined after program start.
established_members_eom,marts_bi_v3.mart_membership_kpis_monthly,period_start,sum,established_members_eom,,,1,Established Members (EOM),Members classified as Established (pre-program-launch patients converted) at month-end.
gm_members_eom,marts_bi_v3.mart_membership_kpis_monthly,period_start,sum,gm_members_eom,,,1,Grandmothered Members (EOM),Members in payment_status_resolved = Grandmothered Member at month-end.
inactive_members_eom,marts_bi_v3.mart_membership_kpis_monthly,period_start,sum,inactive_members_eom,,,1,Inactive Members (EOM),Members in Inactive Member enrollment with a prior Membership agreement.
membership_active_member_population,marts_bi_v3.mart_membership_kpis_monthly,period_start,sum,membership_active_member_population,,,1,Active Member Population (Visits),Distinct patients flagged as active members (denominator for visit utilization rates).
membership_annual_plan_pct,marts_bi_v3.mart_membership_kpis_monthly,period_start,rate_latest,,annual_plan_active_members_eom,active_members_eom,100,Annual Plan %,Share of active members on annual cadence plans.
membership_annual_renewal_rate,marts_bi_v3.mart_membership_kpis_monthly,period_start,rate_latest,,annual_renewed_members_eom,annual_renewal_eligible_members_eom,100,Annual Renewal Rate %,Renewed Annual members as a share of renewal-eligible Annual members.
membership_arpu,marts_bi_v3.mart_membership_kpis_monthly,period_start,rate_latest,,mrr_total_dollars,active_members_eom,1,ARPU ($),Average revenue per active member: MRR / Active Members. Dollar units (rate_scale=1).
membership_arpu_paying,marts_bi_v3.mart_membership_kpis_monthly,period_start,rate_latest,,mrr_paying_dollars,paying_members_eom,1,ARPU Paying ($),Average revenue per Paying member: MRR Paying / Paying Members. Dollar units (rate_scale=1).
membership_bh_pct,marts_bi_v3.mart_membership_kpis_monthly,period_start,rate,,membership_bh_visits,membership_completed_visits,100,BH Visits %,Share of member visits that were behavioral health: membership_bh_visits / membership_completed_visits x 100.
membership_bh_visits,marts_bi_v3.mart_membership_kpis_monthly,period_start,sum,membership_bh_visits,,,1,BH Visits,Distinct completed behavioral-health appointments where the patient was a Membership-activated membership patient at appointment time.
membership_cancellation_30_day_count,marts_bi_v3.mart_membership_kpis_monthly,period_start,sum,cancellation_30day_count_eom,,,1,30-Day Cancellations,Members who became inactive in the trailing 30 days where became_inactive_date is on or after membership_member_since. Numerator only.
membership_cancellation_30_day_rate,marts_bi_v3.mart_membership_kpis_monthly,period_start,rate_latest,,cancellation_30day_count_eom,active_members_eom,100,30-Day Cancel Rate %,Share of active members who cancelled in the trailing 30 days (gated on became_inactive_date >= membership_member_since).
membership_legacy_count_monthly,marts_bi_v3.mart_membership_kpis_monthly,period_start,sum,legacy_members_eom,,,1,Legacy Members,Legacy members at month-end: Membership-inferred before July 2026 and BackendBaaS-authoritative from July 2026 onward.
membership_ltv_paying,marts_bi_v3.mart_membership_kpis_monthly,period_start,sum,ltv_paying_dollars,,,1,LTV (Paying),Lifetime value estimate for paying members = ARPU(Paying) x avg tenure months. Excludes Grandmothered.
membership_members_with_visit_first_90d,marts_bi_v3.mart_membership_kpis_monthly,period_start,sum,membership_members_with_visit_first_90d,,,1,Members w/ Visit in First 90d,Members whose completed visit fell within the first 90 days of their membership_member_since date.
membership_monthly_churn_rate,marts_bi_v3.mart_membership_kpis_monthly,period_start,rate_latest,,churned_paying_eom,paying_members_eom_prev,100,Monthly Churn Rate %,Paying members who churned this month as a share of last months paying base.
membership_monthly_plan_pct,marts_bi_v3.mart_membership_kpis_monthly,period_start,rate_latest,,monthly_plan_active_members_eom,active_members_eom,100,Monthly Plan %,Share of active members on monthly cadence plans.
membership_mrr_monthly,marts_bi_v3.mart_membership_kpis_monthly,period_start,sum,mrr_total_dollars,,,1,MRR ($),Monthly recurring revenue across all Active and Active-Waived members. Active-Waived contributes $0.
membership_mrr_paying,marts_bi_v3.mart_membership_kpis_monthly,period_start,sum,mrr_paying_dollars,,,1,MRR Paying ($),Monthly recurring revenue restricted to Paying and Converted members.
membership_paying_avg_tenure_months,marts_bi_v3.mart_membership_kpis_monthly,period_start,sum,paying_avg_tenure_months_eom,,,1,Avg Tenure - Paying (months),Average tenure in months for Paying + Converted members at end of month.
membership_standard_count_monthly,marts_bi_v3.mart_membership_kpis_monthly,period_start,sum,standard_members_eom,,,1,Paying Members,Active Membership-authoritative paying members at month-end.
membership_telehealth_pct,marts_bi_v3.mart_membership_kpis_monthly,period_start,rate,,membership_telehealth_visits,membership_completed_visits,100,Telehealth %,Share of member visits that were telehealth: membership_telehealth_visits / membership_completed_visits x 100.
membership_telehealth_visits,marts_bi_v3.mart_membership_kpis_monthly,period_start,sum,membership_telehealth_visits,,,1,Telehealth Visits,Distinct completed telehealth appointments where the patient was a Membership-activated membership patient at appointment time.
membership_visit_first_90d_pct,marts_bi_v3.mart_membership_kpis_monthly,period_start,rate_latest,,membership_members_with_visit_first_90d,membership_active_member_population,100,Visit-in-First-90d %,Share of active members who completed a visit in their first 90 days of membership.
membership_visits_per_member,marts_bi_v3.mart_membership_kpis_monthly,period_start,rate_latest,,membership_completed_visits,membership_active_member_population,1,Visits per Member,Completed member visits per active member in the panel: membership_completed_visits / membership_active_member_population.
monthly_plan_active_members,marts_bi_v3.mart_membership_kpis_monthly,period_start,sum,monthly_plan_active_members_eom,,,1,Monthly Plan Active Members,Canonically active members with a Membership record on monthly cadence plans (membership_billing_cadence Monthly or NULL).
net_new_members_eom,marts_bi_v3.mart_membership_kpis_monthly,period_start,sum,net_new_members_eom,,,1,Net New Members (EOM),Members classified as Net New Member (post-program-launch) at month-end.
net_paying_growth_eom,marts_bi_v3.mart_membership_kpis_monthly,period_start,sum,net_paying_growth_eom,,,1,Net Paying Growth,new_paying_members_eom minus churned_paying_eom (pre-computed delta).
new_gm_members_eom,marts_bi_v3.mart_membership_kpis_monthly,period_start,sum,new_gm_members_eom,,,1,New Grandmothered Members,Approximation of new Grandmothered Members this month (parity with V2 cube).
new_paying_members_eom,marts_bi_v3.mart_membership_kpis_monthly,period_start,sum,new_paying_members_eom,,,1,New Paying Members,Members who became Paying this specific month.
nps_delta,marts_bi_v3.mart_membership_kpis_monthly,period_start,sum,nps_delta,,,1,NPS Delta,nps_promoters minus nps_detractors.
nps_detractors,marts_bi_v3.mart_membership_kpis_monthly,period_start,sum,nps_detractors,,,1,NPS Detractors,Surveys categorized as Detractor.
nps_promoters,marts_bi_v3.mart_membership_kpis_monthly,period_start,sum,nps_promoters,,,1,NPS Promoters,Surveys categorized as Promoter.
nps_response_count,marts_bi_v3.mart_membership_kpis_monthly,period_start,sum,nps_response_count,,,1,NPS Response Count,Distinct NPS survey responses received this month.
nps_score_monthly,marts_bi_v3.mart_membership_kpis_monthly,period_start,rate,,nps_delta,nps_response_count,100,NPS Score,NPS = (promoters minus detractors) / responses x 100.
paying_members_eom,marts_bi_v3.mart_membership_kpis_monthly,period_start,sum,paying_members_eom,,,1,Paying Members (EOM),Members in payment_status_resolved = Paying Member at month-end.
total_members_eom,marts_bi_v3.mart_membership_kpis_monthly,period_start,sum,total_members_eom,,,1,Total Members (EOM),Distinct canonical BackendBaaS-or-Membership member accounts present at month-end.
avg_days_since_visit,marts_bi_v3.mart_no_next_validation,,avg,days_since_last_visit,,,100,Avg Days Since Visit,Average days elapsed since each patient's most recent completed visit.
has_nn_case_count,marts_bi_v3.mart_no_next_validation,,count_distinct,has_nn_case_pid,,,100,Has NN Case,Active patients with an open No-Next Salesforce Case (outreach in progress to schedule the next visit).
no_future_appointments,marts_bi_v3.mart_no_next_validation,,count_distinct,no_future_appt_pid,,,100,No Future Appointments,Active patients with no future qualifying medical visit scheduled. See kpi_total_patients__no_next.
no_next_rate,marts_bi_v3.mart_no_next_validation,,rate_distinct,,no_future_appt_pid,has_completed_pid,100,No-Next %,Percentage of established patients (has_completed_pid) with no future qualifying appointment scheduled.
cancellation_rate,marts_bi_v3.mart_npv_weekly,period_start,rate,,cancelled_npv,total_npv,100,Cancellation Rate %,New Patient Visit (NPV) cohort: cancelled NPVs / total NPVs x 100. Scoped to all NPV appointment categories combined; for visit-category-specific rates see iv_cancellation_rate and mbr_cancellation_rate. NOTE: name is mart-specific (NPV) despite the bare 'cancellation_rate' label — see v3-developer-guide §2.1.1.
cancelled_npv,marts_bi_v3.mart_npv_weekly,period_start,sum,cancelled_npv,,,100,Cancelled NPVs,New Patient Visits that were cancelled.
completed_npv,marts_bi_v3.mart_npv_weekly,period_start,sum,completed_npv,,,100,Completed NPVs,New Patient Visits that completed.
completion_rate,marts_bi_v3.mart_npv_weekly,period_start,rate,,completed_npv,total_npv,100,Completion Rate %,New Patient Visit (NPV) cohort: completed NPVs / total NPVs x 100. Scoped to all NPV appointment categories combined.
immediate_reschedule_rate,marts_bi_v3.mart_npv_weekly,period_start,rate,,immediately_rescheduled_npv,cancelled_npv,100,Immediate Reschedule Rate %,"NPV cohort: cancelled NPVs immediately rescheduled at point of cancellation, as a percentage of all cancelled NPVs. Measures save-at-cancel effectiveness."
immediately_rescheduled,marts_bi_v3.mart_npv_weekly,period_start,sum,immediately_rescheduled_npv,,,100,Immediately Rescheduled,Cancelled NPVs immediately rescheduled at point of cancellation.
iv_cancellation_rate,marts_bi_v3.mart_npv_weekly,period_start,rate,,iv_cancelled_npv,iv_total_npv,100,IV Cancellation Rate %,"NPV cohort, Initial Visit category only: cancelled IV NPVs / total IV NPVs x 100. Different denominator from mbr_cancellation_rate."
iv_cancelled_npv,marts_bi_v3.mart_npv_weekly,period_start,sum,iv_cancelled_npv,,,100,IV Cancelled NPVs,Cancelled NPVs in the standard Initial Visit category.
iv_completed_npv,marts_bi_v3.mart_npv_weekly,period_start,sum,iv_completed_npv,,,100,IV Completed NPVs,Completed NPVs in the standard Initial Visit category.
iv_total_npv,marts_bi_v3.mart_npv_weekly,period_start,sum,iv_total_npv,,,100,IV Total NPVs,Total NPVs in the standard Initial Visit category.
late_recovery,marts_bi_v3.mart_npv_weekly,period_start,sum,late_recovery_npv,,,100,Late Recovery,Cancelled NPVs recovered through later re-engagement (within 30 days).
mbr_cancellation_rate,marts_bi_v3.mart_npv_weekly,period_start,rate,,mbr_cancelled_npv,mbr_total_npv,100,MBR Cancellation Rate %,"NPV cohort, MBR - Initial Visit category only: cancelled MBR NPVs / total MBR NPVs x 100. Different denominator from iv_cancellation_rate."
mbr_cancelled_npv,marts_bi_v3.mart_npv_weekly,period_start,sum,mbr_cancelled_npv,,,100,MBR Cancelled NPVs,Cancelled NPVs in the MBR - Initial Visit category.
mbr_completed_npv,marts_bi_v3.mart_npv_weekly,period_start,sum,mbr_completed_npv,,,100,MBR Completed NPVs,Completed NPVs in the MBR - Initial Visit category.
mbr_immediately_rescheduled,marts_bi_v3.mart_npv_weekly,period_start,sum,mbr_immediately_rescheduled_npv,,,100,MBR Immediately Rescheduled,MBR-Initial Cancelled NPVs immediately rescheduled at point of cancellation.
mbr_late_recovery,marts_bi_v3.mart_npv_weekly,period_start,sum,mbr_late_recovery_npv,,,100,MBR Late Recovery,MBR-Initial Cancelled NPVs recovered through later re-engagement (within 30 days).
mbr_recovery_rate,marts_bi_v3.mart_npv_weekly,period_start,rate,,mbr_total_recovered_npv,mbr_cancelled_npv,100,MBR Recovery Rate %,"NPV cohort, MBR - Initial Visit category: total recovered MBR cancellations (immediate reschedule + late recovery within 30 days) / MBR cancelled NPVs x 100."
mbr_total_npv,marts_bi_v3.mart_npv_weekly,period_start,sum,mbr_total_npv,,,100,MBR Total NPVs,Total NPVs in the MBR - Initial Visit category.
mbr_total_recovered,marts_bi_v3.mart_npv_weekly,period_start,sum,mbr_total_recovered_npv,,,100,MBR Total Recovered,MBR-Initial Cancelled NPVs recovered (immediate reschedule + late recovery).
mbr_truly_lost,marts_bi_v3.mart_npv_weekly,period_start,sum,mbr_truly_lost_npv,,,100,MBR Truly Lost,MBR-Initial Cancelled NPVs never recovered.
no_show_npv,marts_bi_v3.mart_npv_weekly,period_start,sum,no_show_npv,,,100,No-Show NPVs,NPVs where the patient did not show up.
recovery_rate,marts_bi_v3.mart_npv_weekly,period_start,rate,,total_recovered_npv,cancelled_npv,100,Recovery Rate %,NPV cohort (all categories): total recovered cancellations (immediate reschedule + late recovery within 30 days) / cancelled NPVs x 100.
total_npv,marts_bi_v3.mart_npv_weekly,period_start,sum,total_npv,,,100,Total NPVs,"Total New Patient Visits scheduled (any category, any membership status)."
total_recovered,marts_bi_v3.mart_npv_weekly,period_start,sum,total_recovered_npv,,,100,Total Recovered,Cancelled NPVs recovered (immediate reschedule + late recovery).
truly_lost,marts_bi_v3.mart_npv_weekly,period_start,sum,truly_lost_npv,,,100,Truly Lost,Cancelled NPVs never recovered.
attribution_rate,marts_bi_v3.mart_operating_review,,rate_distinct,,attributed_pid,active_pid,100,Attribution Rate %,Attributed patients as a percentage of all active patients in the panel.
bh_no_next_patients,marts_bi_v3.mart_operating_review,,count_distinct,bh_no_next_pid,,,100,BH No-Next Patients,Active BH-panel patients without a future behavioral health appointment scheduled.
engaged_patients,marts_bi_v3.mart_operating_review,,count_distinct,engaged_pid,,,100,Engaged Patients,Active patients with a completed medical visit in the last 12 months. Numerator for engagement_rate.
engagement_rate,marts_bi_v3.mart_operating_review,,rate_distinct,,engaged_pid,active_pid,100,Engagement Rate %,Active patients with a completed visit in the last 12 months as a percentage of all active patients.
enrolled_and_engaged_rate,marts_bi_v3.mart_operating_review,,rate_distinct,,engaged_pid,enrolled_pid,100,Enrolled & Engaged %,"Membership-enrolled active patients who are also Engaged (completed visit in last 12 months), as a percentage of all enrolled patients."
enrolled_patients,marts_bi_v3.mart_operating_review,,count_distinct,enrolled_pid,,,100,Enrolled Patients,Active patients with an active Membership membership enrollment.
inactive_patients,marts_bi_v3.mart_operating_review,,count_distinct,inactive_pid,,,100,Inactive Patients,Patients whose computed clinical status is Inactive (no qualifying completed visit in the activity window).
new_patients_count,marts_bi_v3.mart_operating_review,,count_distinct,new_pid,,,100,New Patients (30d),Active patients whose first completed visit occurred in the trailing 30 days.
no_next_patients,marts_bi_v3.mart_operating_review,,count_distinct,no_next_pid,,,100,No-Next Patients,Active patients with no future qualifying medical visit scheduled. Operating-review equivalent of no_future_appointments in mart_no_next_validation.
not_scheduled_patients,marts_bi_v3.mart_operating_review,,count_distinct,not_scheduled_pid,,,100,Not Scheduled,Active patients without any scheduled appointment (future or past pending).
pending_awv_patients,marts_bi_v3.mart_operating_review,,count_distinct,pending_awv_pid,,,100,Pending AWV,Active patients eligible for an AWV with no completed or scheduled AWV this year.
pending_mddo_patients,marts_bi_v3.mart_operating_review,,count_distinct,pending_mddo_pid,,,100,Pending MDDO,Active patients eligible for an MD/DO visit with no completed or scheduled MD/DO visit this year.
prospect_patients,marts_bi_v3.mart_operating_review,,count_distinct,prospect_pid,,,100,Prospect Patients,Patients in Prospect member_type (engaged but not yet contracted into membership).
scheduled_patients,marts_bi_v3.mart_operating_review,,count_distinct,scheduled_pid,,,100,Scheduled Patients,Active patients with at least one future appointment scheduled. Numerator for scheduling_rate.
scheduling_rate,marts_bi_v3.mart_operating_review,,rate_distinct,,scheduled_pid,active_pid,100,Scheduling Rate %,Active patients with a future appointment scheduled as a percentage of all active patients.
active_patients,marts_bi_v3.mart_patient_attribution,,count_distinct,active_aid,,,100,Active Patients,Count of unique attributed patients with Active clinical status.
attributed_patients,marts_bi_v3.mart_patient_attribution,,count_distinct,attributed_aid,,,100,Attributed Patients,Distinct patients currently attributed to Healthcare Org by any payor under a value-based care contract.
avg_data_quality_score,marts_bi_v3.mart_patient_attribution,,avg,data_quality_score,,,100,Avg Data Quality Score,Average MDM data-quality composite score across the attributed patient population (higher = more complete identifiers).
awv_actionable_count,marts_bi_v3.mart_patient_attribution,,count_distinct,awv_actionable_aid,,,100,AWV Actionable,Attributed patients marked actionable for AWV scheduling outreach.
awv_completed_count,marts_bi_v3.mart_patient_attribution,,count_distinct,awv_completed_aid,,,100,AWV Completed,Attributed patients with a completed AWV in the current calendar year.
awv_eligible_count,marts_bi_v3.mart_patient_attribution,,count_distinct,awv_eligible_aid,,,100,AWV Eligible,Attributed patients eligible for an AWV under Medicare criteria.
awv_scheduled_count,marts_bi_v3.mart_patient_attribution,,count_distinct,awv_scheduled_aid,,,100,AWV Scheduled,Attributed patients with a scheduled but not yet completed AWV this year.
mddo_completed_count,marts_bi_v3.mart_patient_attribution,,count_distinct,mddo_completed_aid,,,100,MDDO Completed,Attributed patients with a completed qualifying MD/DO visit this year.
mddo_eligible_count,marts_bi_v3.mart_patient_attribution,,count_distinct,mddo_eligible_aid,,,100,MDDO Eligible,Attributed patients eligible for a qualifying MD/DO visit.
mddo_scheduled_count,marts_bi_v3.mart_patient_attribution,,count_distinct,mddo_scheduled_aid,,,100,MDDO Scheduled,Attributed patients with a scheduled but not yet completed qualifying MD/DO visit this year.
off_cadence_count,marts_bi_v3.mart_patient_attribution,,count_distinct,off_cadence_aid,,,100,Off Cadence,Count of attributed patients currently off their expected visit cadence.
total_attributions,marts_bi_v3.mart_patient_attribution,,count_distinct,attribution_id,,,100,Total Attributions,Distinct attribution records (patient x payor x period). Can exceed patient_count when a patient is dual-attributed.
total_patients,marts_bi_v3.mart_patient_attribution,,count_distinct,account_id,,,100,Total Patients,Count of all patient records in the attribution population regardless of status.
avg_provider_satisfaction,marts_bi_v3.mart_patient_experience,survey_date,avg,provider_satisfaction_score,,,100,Avg Provider Satisfaction,Average provider-satisfaction question score across patient-experience survey responses in the selected period.
avg_recommend_score,marts_bi_v3.mart_patient_experience,survey_date,avg,recommend_score,,,100,Avg Recommend Score,Average likelihood-to-recommend score (0-10) across patient-experience survey responses.
avg_satisfaction,marts_bi_v3.mart_patient_experience,survey_date,avg,avg_satisfaction_score,,,100,Avg Satisfaction,Average overall-satisfaction composite score across patient-experience survey responses.
detractors,marts_bi_v3.mart_patient_experience,survey_date,sum,detractor_int,,,100,Detractors,Survey responses categorized as NPS Detractors (recommend score 0-6).
nps_score,marts_bi_v3.mart_patient_experience,survey_date,rate,,nps_delta,one,100,Patient NPS (0-10),"Net Promoter Score = sum(nps_delta) / count(*) x 100 (0-10 recommend survey: Promoter 9-10, Detractor 0-6). Distinct instrument from the 1-5 provider-bonus NPS."
passives,marts_bi_v3.mart_patient_experience,survey_date,sum,passive_int,,,100,Passives,Survey responses categorized as NPS Passives (recommend score 7-8).
positive_sentiment_pct,marts_bi_v3.mart_patient_experience,survey_date,rate,,positive_sentiment_int,one,100,Positive Sentiment %,Percentage of patient-experience survey responses flagged as positive sentiment (free-text or score-based).
promoters,marts_bi_v3.mart_patient_experience,survey_date,sum,promoter_int,,,100,Promoters,Survey responses categorized as NPS Promoters (recommend score 9-10).
response_count,marts_bi_v3.mart_patient_experience,survey_date,count,,,,100,Survey Responses,Distinct patient-experience survey responses received in the selected period.
avg_call_duration,marts_bi_v3.mart_patient_outreach,submitted_at,avg,call_duration_seconds,,,100,Avg Call Duration (s),Average AI_Outreach AI outreach call duration in seconds across submissions in the selected period.
avg_days_since_outreach,marts_bi_v3.mart_patient_outreach,submitted_at,avg,days_since_outreach,,,100,Avg Days Since Outreach,Average days since the last AI_Outreach AI outreach submission per patient.
ai_outreach_awv_count,marts_bi_v3.mart_patient_outreach,submitted_at,count_distinct,ai_outreach_awv_pid,,,100,AI_Outreach AWV,Distinct patients where AI_Outreach AI booked an AWV appointment. Scoped numerator for kpi_ai_outreach_scheduling_rate — AWV campaigns only.
ai_outreach_cancelled_count,marts_bi_v3.mart_patient_outreach,submitted_at,count_distinct,ai_outreach_cancelled_pid,,,100,AI_Outreach Cancelled,Distinct patients where the AI_Outreach AI outreach resulted in an appointment cancellation.
ai_outreach_no_next_count,marts_bi_v3.mart_patient_outreach,submitted_at,count_distinct,ai_outreach_no_next_pid,,,100,AI_Outreach No Next,Distinct patients contacted via AI_Outreach No-Next campaign outreach. See kpi_unique_patients for the general unique patient count pattern.
ai_outreach_scheduled_count,marts_bi_v3.mart_patient_outreach,submitted_at,count_distinct,ai_outreach_scheduled_pid,,,100,AI_Outreach Scheduled,Distinct patients for whom AI_Outreach AI booked an appointment (any campaign). Numerator for kpi_ai_outreach_scheduling_rate: AI_Outreach-scheduled / unique patients contacted.
contact_rate,marts_bi_v3.mart_patient_outreach,submitted_at,rate_distinct,,contact_reached_pid,account_id,100,Contact Rate %,Percentage of outreach submissions where the patient was successfully reached: contact_reached_pid / total outreach records.
contact_reached_count,marts_bi_v3.mart_patient_outreach,submitted_at,count_distinct,contact_reached_pid,,,100,Contact Reached,Distinct patients successfully reached by AI_Outreach AI outreach. Numerator for contact_rate.
escalated_count,marts_bi_v3.mart_patient_outreach,submitted_at,count_distinct,escalated_oid,,,100,Escalated,Outreach calls escalated by AI_Outreach AI to a live staff member (call_outcome = escalated).
negative_sentiment_count,marts_bi_v3.mart_patient_outreach,submitted_at,count_distinct,negative_oid,,,100,Negative Sentiment,Outreach calls where the patient expressed negative sentiment during the AI_Outreach AI call.
positive_sentiment_count,marts_bi_v3.mart_patient_outreach,submitted_at,count_distinct,positive_oid,,,100,Positive Sentiment,Outreach calls where the patient expressed positive sentiment during the AI_Outreach AI call.
resolved_count,marts_bi_v3.mart_patient_outreach,submitted_at,count_distinct,resolved_oid,,,100,Resolved,Outreach calls AI_Outreach AI resolved without escalation (call_outcome = resolved).
scheduled_count,marts_bi_v3.mart_patient_outreach,submitted_at,count_distinct,scheduled_oid,,,100,Scheduled Count,Outreach submissions where an appointment was booked via AI_Outreach or staff. Includes both direct AI_Outreach scheduling and staff-booked within 7 days.
scheduling_success_rate,marts_bi_v3.mart_patient_outreach,submitted_at,rate_distinct,,scheduled_oid,outreach_id,100,Scheduling Success %,Appointment scheduling rate across all outreach submissions: scheduled_oid / outreach_id × 100. See kpi_ai_outreach_scheduling_rate for the patient-deduped AI_Outreach-only variant.
staff_scheduled_count,marts_bi_v3.mart_patient_outreach,submitted_at,count_distinct,staff_scheduled_pid,,,100,Staff Scheduled,Distinct patients scheduled by staff (not AI_Outreach) within 7 days of an outreach attempt.
total_submissions,marts_bi_v3.mart_patient_outreach,submitted_at,count,,,,100,Total Submissions,Total AI_Outreach AI outreach submission records including all campaigns and attempt numbers.
unique_cases,marts_bi_v3.mart_patient_outreach,submitted_at,count_distinct,case_number,,,100,Unique Cases,Distinct Salesforce Case numbers represented in the outreach submission set.
unreachable_count,marts_bi_v3.mart_patient_outreach,submitted_at,count_distinct,unreachable_oid,,,100,Unreachable,Outreach calls where AI_Outreach AI could not reach the patient (call_outcome = unreachable).
unresolved_count,marts_bi_v3.mart_patient_outreach,submitted_at,count_distinct,unresolved_oid,,,100,Unresolved,Outreach calls where AI_Outreach could not reach the patient or resolve the task (call_outcome = unresolved).
active_patient_count,marts_bi_v3.mart_patients,,count_distinct,active_pid,,,100,Active Patients,Distinct active patients: count_distinct(active_pid). Active = computed_status = 'Active' via int_patient_status_computed (completed visit within 548 days; not deceased or inactivated). See kpi_active_patients.
attributed_patient_count,marts_bi_v3.mart_patients,,count_distinct,attributed_pid,,,100,Attributed Patients,Distinct attributed patients: count_distinct(attributed_pid). Attributed = currently assigned to Healthcare Org by a payor under a value-based care contract. See kpi_attributed_patients.
avg_age,marts_bi_v3.mart_patients,,avg,age,,,100,Avg Age,Average age across all distinct patients in the selected scope (passes MDM compliance filters).
days_since_last_visit,marts_bi_v3.mart_patients,,avg,days_since_last_completed,,,100,Avg Days Since Last Visit,Average days since the most recent completed visit across all distinct patients in scope.
email_completeness_pct,marts_bi_v3.mart_patients,,rate_distinct,,has_email_pid,patient_id,100,Email Completeness %,Percentage of distinct patients with a non-null email address on file.
medicare_patient_count,marts_bi_v3.mart_patients,,count_distinct,medicare_pid,,,100,Medicare Patients,Distinct Medicare patients: count_distinct(medicare_pid). Includes Original Medicare (FFS) and Medicare Advantage primary insurance. See kpi_medicare_patients.
membership_active_count,marts_bi_v3.mart_patients,,count_distinct,active_member_pid,,,100,Active Members,Distinct active Membership members: count_distinct(active_member_pid). Active = enrollment status Active Member or Active Member - Waived (Legacy or Standard plan). See kpi_membership_active.
membership_avg_age,marts_bi_v3.mart_patients,,avg,age,,,100,Member Avg Age,Average age across distinct active Membership members.
membership_established_count,marts_bi_v3.mart_patients,,count_distinct,established_member_pid,,,100,Established Members,Distinct Established membership patients: count_distinct(established_member_pid). Established members enrolled before the current membership program launch.
membership_legacy_count,marts_bi_v3.mart_patients,,latest,legacy_member_pid,,,100,Legacy Members,Distinct current BackendBaaS-authoritative legacy members. EOM snapshot via `latest` aggregation.
membership_medicare_graduated_count,marts_bi_v3.mart_patients,,count_distinct,medicare_graduated_pid,,,100,Medicare Graduated Members,Distinct members who graduated to Medicare coverage during their membership tenure.
membership_mrr,marts_bi_v3.mart_patients,,latest,monthly_revenue,,,100,MRR,Monthly recurring revenue snapshot across active Membership members. Patient-level mart equivalent of membership_mrr_monthly in mart_membership_kpis_monthly (which is the canonical MRR series).
membership_net_new_count,marts_bi_v3.mart_patients,,count_distinct,net_new_member_pid,,,100,Net New Members,Distinct Net New membership patients: count_distinct(net_new_member_pid). Net New members enrolled after the membership program launch date.
membership_standard_count,marts_bi_v3.mart_patients,,latest,standard_member_pid,,,100,Paying Members,Distinct current Membership-authoritative paying members. Patient-level parity view of membership_standard_count_monthly.
membership_total_count,marts_bi_v3.mart_patients,,count_distinct,total_member_pid,,,100,Total Membership Patients,Distinct patients with a canonical BackendBaaS or Membership membership record. See kpi_total_patients for the broader all-patient count.
patient_count,marts_bi_v3.mart_patients,,count_distinct,patient_id,,,100,Patients,Total distinct patients regardless of status: count_distinct(patient_id). Includes Active Inactive Prospect and all statuses passing MDM compliance filters (excludes test and deleted records). See kpi_total_patients.
patients_with_email,marts_bi_v3.mart_patients,,count_distinct,has_email_pid,,,100,Has Email,Distinct patients with a non-null email address on file.
patients_with_insurance,marts_bi_v3.mart_patients,,count_distinct,has_insurance_pid,,,100,Has Insurance,Distinct patients with at least one active insurance record on file.
patients_with_pcp,marts_bi_v3.mart_patients,,count_distinct,has_pcp_pid,,,100,Has PCP,Distinct patients with an assigned primary care provider.
patients_with_phone,marts_bi_v3.mart_patients,,count_distinct,has_phone_pid,,,100,Has Phone,Distinct patients with a non-null phone number on file.
revenue_active_patient_count,marts_bi_v3.mart_patients,,count_distinct,revenue_active_pid,,,100,Revenue-Active Patients,Distinct patients with both Active clinical status and at least one revenue-generating visit in the trailing 12 months.
revenue_patient_count,marts_bi_v3.mart_patients,,count_distinct,revenue_pid,,,100,Revenue-Eligible Patients,Distinct patients eligible to generate revenue (active insurance + non-test record).
avg_awv_rate,marts_bi_v3.mart_provider_bonus,calculated_at,avg,awv_rate,,,100,Avg AWV Rate,"Average AWV scheduling rate across providers: share of qualifying Medicare visits with a future AWV scheduled as of the visit date, YTD for the bonus period. Episodic visit-grain, not a patient completion rate."
avg_bonus_amount,marts_bi_v3.mart_provider_bonus,calculated_at,avg,annual_bonus_amount,,,100,Avg Bonus Amount,Average annual bonus dollar amount calculated across providers in the bonus period.
avg_composite_payout,marts_bi_v3.mart_provider_bonus,calculated_at,avg,composite_payout_pct,,,100,Avg Composite Payout %,"Average composite payout percentage across providers: weighted average of per-metric payout percentages, before the productivity multiplier and proration."
avg_hcc_rate,marts_bi_v3.mart_provider_bonus,calculated_at,avg,hcc_rate,,,100,Avg HCC Rate,"Average HCC assessment rate across providers: codes with a provider disposition (accepted, rejected, or held) as a share of all actionable Medicare HCC codes, YTD. Not an acceptance-only rate."
avg_next_visit_rate,marts_bi_v3.mart_provider_bonus,calculated_at,avg,next_visit_rate,,,100,Avg Next Visit Rate,"Average next-visit scheduling rate across providers: share of completed qualifying visits with a future qualifying visit booked as of the visit date, YTD for the bonus period."
avg_nps_score,marts_bi_v3.mart_provider_bonus,calculated_at,avg,nps_score,,,100,Avg Bonus NPS (1-5),Unweighted average of provider-level bonus NPS (1-5 survey: promoters minus detractors / responses x 100). For an org-level pooled figure use nps_pooled_score with metric_type = NPS.
avg_productivity_multiplier,marts_bi_v3.mart_provider_bonus,calculated_at,avg,productivity_multiplier,,,100,Avg Productivity Multiplier,Average productivity multiplier applied to provider bonus calculations.
avg_quality_score,marts_bi_v3.mart_provider_bonus,calculated_at,avg,quality_composite_score,,,100,Avg Quality Score,Average composite quality score across providers (component in bonus formula).
count,marts_bi_v3.mart_provider_bonus,calculated_at,count,,,,100,Records,"Row count in the provider bonus mart for the period — diagnostic, not a business KPI."
total_bonus_amount,marts_bi_v3.mart_provider_bonus,calculated_at,sum,annual_bonus_amount,,,100,Total Bonus Amount,Sum of annual bonus dollar amounts calculated across all providers in the bonus period.
total_ytd_payout,marts_bi_v3.mart_provider_bonus,calculated_at,sum,ytd_payout,,,100,Total YTD Payout,Sum of year-to-date bonus dollars paid out across all providers.
avg_nps_rating,marts_bi_v3.mart_provider_bonus_detail,event_date,avg,nps_rating,,,100,Avg NPS Rating,Average raw NPS rating (0-10) across bonus-detail event rows.
met_count,marts_bi_v3.mart_provider_bonus_detail,event_date,sum,met_int,,,100,Met Count,Bonus-detail events that met the qualifying criteria for bonus credit.
met_rate,marts_bi_v3.mart_provider_bonus_detail,event_date,rate,,met_int,rate_eligible_int,100,Met %,Percentage of rate-eligible bonus events that met the qualifying criteria. Hierarchy-excluded HCC rows stay in the dataset for reference but are excluded from numerator and denominator.
not_met_count,marts_bi_v3.mart_provider_bonus_detail,event_date,sum,not_met_int,,,100,Not Met Count,Bonus-detail events that did not meet the qualifying criteria.
unique_patients,marts_bi_v3.mart_provider_bonus_detail,event_date,count_distinct,patient_id,,,100,Unique Patients,Distinct patients included in the bonus detail population for the selected period.
nps_pooled_score,marts_bi_v3.mart_provider_bonus_detail,event_date,rate,,nps_delta_int,rate_eligible_int,100,Bonus NPS (Pooled 1-5),Pooled provider-bonus NPS: (promoters - detractors) / responses x 100 over bonus-detail NPS rows (1-5 survey instrument). Filter metric_type = NPS.
inactive_post_departure,marts_bi_v3.mart_provider_departure_tracker,,sum,inactive_post_departure,,,100,Inactive Post-Departure,Patients from the departed provider's original panel whose computed status flipped to Inactive after the provider's last day.
needs_reschedule,marts_bi_v3.mart_provider_departure_tracker,,sum,needs_reschedule,,,100,Needs Reschedule,Patients from the departed provider's panel with a future appointment with the departed provider that needs to be rescheduled to another provider.
no_visit,marts_bi_v3.mart_provider_departure_tracker,,sum,no_visit,,,100,No Visit,Patients with no completed visit since the departed provider's last day.
original_panel,marts_bi_v3.mart_provider_departure_tracker,,sum,original_panel,,,100,Original Panel,Total patients attributed to the departed provider at time of departure.
provider_count,marts_bi_v3.mart_provider_departure_tracker,,count,,,,100,Provider Count,Distinct departed providers tracked in the mart for the selected period.
reassigned,marts_bi_v3.mart_provider_departure_tracker,,sum,reassigned,,,100,Reassigned,Patients formally reassigned to a new provider in Salesforce post-departure.
seen_by_new_provider,marts_bi_v3.mart_provider_departure_tracker,,sum,seen_by_new_provider,,,100,Seen by New Provider,Reassigned patients who completed a visit with their new provider.
still_on_panel,marts_bi_v3.mart_provider_departure_tracker,,sum,still_on_panel,,,100,Still on Panel,Patients still attributed to the departed provider in the source system despite the provider's departure (data hygiene flag).
scheduling_avg_capacity_confidence,marts_bi_v3.mart_scheduling_daily_capacity,,avg,capacity_confidence,,,100,Avg Capacity Confidence,Average ML capacity confidence score (0–1) across all provider-clinic-day templates.
scheduling_avg_schedule_consistency,marts_bi_v3.mart_scheduling_daily_capacity,,avg,schedule_consistency,,,100,Avg Schedule Consistency,Average ML schedule consistency score (0–1) measuring how regularly providers follow weekly patterns.
scheduling_capacity_providers,marts_bi_v3.mart_scheduling_daily_capacity,,count_distinct,provider_id,,,100,Providers w/ Capacity,Distinct providers with at least one ML-inferred daily capacity template row.
scheduling_capacity_rows,marts_bi_v3.mart_scheduling_daily_capacity,,count,,,,100,Capacity Rows,Total ML capacity template rows in the mart (provider-clinic-day-source grain).
scheduling_total_awv_slots,marts_bi_v3.mart_scheduling_daily_capacity,,sum,inferred_awv_slots,,,100,Total AWV Slots,Sum of ML-inferred AWV slots across all provider-clinic-day templates.
scheduling_total_daily_slots,marts_bi_v3.mart_scheduling_daily_capacity,,sum,inferred_daily_slots,,,100,Total Daily Slots,Sum of ML-inferred total schedulable slots across all provider-clinic-day templates.
scheduling_total_iv_slots,marts_bi_v3.mart_scheduling_daily_capacity,,sum,inferred_iv_slots,,,100,Total IV Slots,Sum of ML-inferred Initial Visit slots across all provider-clinic-day templates.
scheduling_total_routine_slots,marts_bi_v3.mart_scheduling_daily_capacity,,sum,inferred_routine_slots,,,100,Total Routine Slots,Sum of ML-inferred routine (established patient) slots across all provider-clinic-day templates.
scheduling_ma_avg_peak_concurrent,marts_bi_v3.mart_scheduling_ma_staffing,appointment_date,avg,peak_concurrent,,,100,Avg Peak Concurrent,Average ML-inferred peak concurrent appointment load per provider-clinic-day.
scheduling_ma_over_budget_days,marts_bi_v3.mart_scheduling_ma_staffing,appointment_date,count_distinct,over_budget_pid,,,100,Days Exceeding MA Max,Distinct provider-clinic-days where ML-inferred MA demand exceeds the staffing budget.
scheduling_ma_provider_days,marts_bi_v3.mart_scheduling_ma_staffing,appointment_date,count,,,,100,Provider-Days,Total provider-clinic-day rows in the ML MA staffing mart.
scheduling_ma_required_hours,marts_bi_v3.mart_scheduling_ma_staffing,appointment_date,sum,ma_required_hours,,,100,Total MA Required Hours,Sum of ML-inferred MA-required hours needed to cover all provider-clinic-days.
scheduling_ma_total_minutes,marts_bi_v3.mart_scheduling_ma_staffing,appointment_date,sum,total_ma_minutes,,,100,Total MA Minutes,Sum of ML-inferred total minutes requiring MA support across all provider-clinic-days.
scheduling_ma_total_scheduled_hours,marts_bi_v3.mart_scheduling_ma_staffing,appointment_date,sum,scheduled_hours,,,100,Total Scheduled Hours,Sum of scheduled provider hours across all provider-clinic-days.
scheduling_archetype_avg_confidence,marts_bi_v3.mart_scheduling_provider_archetypes,appointment_date,avg,cluster_confidence,,,100,Avg Cluster Confidence,Average K-means cluster confidence score (0–1) across all archetype assignments.
scheduling_archetype_awv_focused_providers,marts_bi_v3.mart_scheduling_provider_archetypes,appointment_date,count_distinct,awv_focused_pid,,,100,AWV-Focused Providers,Distinct providers whose K-means archetype is awv_focused (high AWV slot share).
scheduling_archetype_awv_slots,marts_bi_v3.mart_scheduling_provider_archetypes,appointment_date,sum,awv_slots,,,100,AWV Slots,Sum of AWV appointment slots across all K-means archetype assignment rows.
scheduling_archetype_completed_slots,marts_bi_v3.mart_scheduling_provider_archetypes,appointment_date,sum,completed_slots,,,100,Completed Slots,Sum of completed appointment slots across all K-means archetype assignment rows.
scheduling_archetype_extended_visit_providers,marts_bi_v3.mart_scheduling_provider_archetypes,appointment_date,count_distinct,extended_visit_pid,,,100,Extended-Visit Providers,Distinct providers whose K-means archetype is extended_visit (longer avg appointment duration).
scheduling_archetype_light_schedule_providers,marts_bi_v3.mart_scheduling_provider_archetypes,appointment_date,count_distinct,light_schedule_pid,,,100,Light-Schedule Providers,Distinct providers whose K-means archetype is light_schedule (lower total daily slot count).
scheduling_archetype_providers,marts_bi_v3.mart_scheduling_provider_archetypes,appointment_date,count_distinct,provider_id,,,100,Providers w/ Archetype,Distinct providers with at least one K-means scheduling archetype assignment.
scheduling_archetype_rows,marts_bi_v3.mart_scheduling_provider_archetypes,appointment_date,count,,,,100,Archetype Rows,Total K-means archetype assignment rows (provider-clinic-day-cluster grain).
scheduling_archetype_telehealth_slots,marts_bi_v3.mart_scheduling_provider_archetypes,appointment_date,sum,telehealth_slots,,,100,Telehealth Slots,Sum of telehealth appointment slots across all K-means archetype assignment rows.
scheduling_archetype_total_slots,marts_bi_v3.mart_scheduling_provider_archetypes,appointment_date,sum,total_slots,,,100,Total Slots,Sum of total appointment slots across all K-means archetype assignment rows.
admitted_not_discharged,marts_bi_v3.mart_tcm_visit,discharge_date,sum,admitted_not_disch_int,,,100,Admitted Not Discharged,Hospital admissions with no discharge date yet recorded (still inpatient).
avg_days_to_toc,marts_bi_v3.mart_tcm_visit,discharge_date,avg,days_to_toc,,,100,Avg Days to TOC,Average days from hospital discharge to completed transition-of-care appointment.
avg_length_of_stay,marts_bi_v3.mart_tcm_visit,discharge_date,avg,length_of_stay,,,100,Avg LOS,
call_within_2d_count,marts_bi_v3.mart_tcm_visit,discharge_date,sum,call_2d_int,,,100,Call w/in 2d,
call_within_2d_pct,marts_bi_v3.mart_tcm_visit,discharge_date,rate,,call_2d_int,valid_int,100,Call w/in 2d %,Percentage of valid discharges where the care team RN called the patient within 2 business days.
delayed_notification_count,marts_bi_v3.mart_tcm_visit,discharge_date,sum,delayed_notif_int,,,100,Delayed Notification,Discharges where the ADT notification arrived more than 24 hours after the discharge event.
discharge_date_overrides,marts_bi_v3.mart_tcm_visit,discharge_date,sum,disch_override_int,,,100,Discharge Date Overrides,Discharges where the discharge date was manually corrected from the ADT feed value.
excluded_count,marts_bi_v3.mart_tcm_visit,discharge_date,sum,excluded_int,,,100,Excluded Count,Total encounters excluded from the valid TCM denominator for any exclusion reason.
excluded_duplicate,marts_bi_v3.mart_tcm_visit,discharge_date,sum,excl_dup_int,,,100,Excluded: Duplicate,Encounters excluded because a duplicate ADT case already existed for this hospitalization.
excluded_error_adt,marts_bi_v3.mart_tcm_visit,discharge_date,sum,excl_error_adt_int,,,100,Excluded: Error ADT,Encounters excluded due to an erroneous or test ADT feed record.
excluded_no_tcm_case,marts_bi_v3.mart_tcm_visit,discharge_date,sum,excl_no_case_int,,,100,Excluded: No Case,Encounters excluded because no initial TCM Salesforce case was created for the discharge.
excluded_test_patient,marts_bi_v3.mart_tcm_visit,discharge_date,sum,excl_test_int,,,100,Excluded: Test Patient,Encounters excluded because the patient is flagged as a test or training record.
high_utilizer_count,marts_bi_v3.mart_tcm_visit,discharge_date,sum,high_util_int,,,100,High Utilizers,Valid discharges for patients classified as high hospital utilizers (3+ admissions in 12 months).
readmission_count,marts_bi_v3.mart_tcm_visit,discharge_date,sum,readmission_int,,,100,Readmissions,Valid discharges identified as hospital readmissions within 30 days of a prior discharge.
toc_14d_rate,marts_bi_v3.mart_tcm_visit,discharge_date,rate,,toc_comp_14_int,valid_int,100,TOC 14-day %,Percentage of valid discharges with a transition-of-care appointment completed within 14 days.
toc_30d_rate,marts_bi_v3.mart_tcm_visit,discharge_date,rate,,toc_comp_30_int,valid_int,100,TOC 30-day %,Percentage of valid discharges with a transition-of-care appointment completed within 30 days.
toc_7d_rate,marts_bi_v3.mart_tcm_visit,discharge_date,rate,,toc_comp_7_int,valid_int,100,TOC 7-day %,Percentage of valid discharges with a transition-of-care appointment completed within 7 days.
toc_completed_14d_count,marts_bi_v3.mart_tcm_visit,discharge_date,sum,toc_comp_14_int,,,100,TOC Completed 14d,Valid discharges where the transition-of-care appointment was completed within 14 days.
toc_completed_14d_pct,marts_bi_v3.mart_tcm_visit,discharge_date,rate,,toc_comp_14_int,valid_int,100,TOC Completed 14d %,Percentage of valid discharges with a TOC appointment completed within 14 days of discharge.
toc_completed_7d_count,marts_bi_v3.mart_tcm_visit,discharge_date,sum,toc_comp_7_int,,,100,TOC Completed 7d,Valid discharges where the transition-of-care appointment was completed within 7 days.
toc_completed_count,marts_bi_v3.mart_tcm_visit,discharge_date,sum,toc_completed_int,,,100,TOC Completed,
toc_completion_pct,marts_bi_v3.mart_tcm_visit,discharge_date,rate,,toc_completed_int,valid_int,100,TOC Completion %,Percentage of valid discharges with any transition-of-care appointment completed (any timeframe).
toc_has_appointment_count,marts_bi_v3.mart_tcm_visit,discharge_date,sum,toc_has_appt_int,,,100,TOC Has Appointment,
toc_scheduled_14d_count,marts_bi_v3.mart_tcm_visit,discharge_date,sum,toc_sched_14_int,,,100,TOC Scheduled 14d,Valid discharges where a transition-of-care appointment was scheduled within 14 days.
toc_scheduled_7d_count,marts_bi_v3.mart_tcm_visit,discharge_date,sum,toc_sched_7_int,,,100,TOC Scheduled 7d,Valid discharges where a transition-of-care appointment was scheduled within 7 days.
total_records,marts_bi_v3.mart_tcm_visit,discharge_date,count,,,,100,Total Records,Total TCM encounter rows including both valid and excluded records.
valid_discharges,marts_bi_v3.mart_tcm_visit,discharge_date,sum,valid_int,,,100,Valid Discharges,Hospital discharges that meet the valid TCM denominator criteria (not excluded).
paying_billable_members_eom,marts_bi_v3.mart_membership_kpis_monthly,period_start,sum,paying_billable_members_eom,,,1,Paying Members (Billable EOM),Active members with payment_status = Paying Member at month-end (includes Converted).
avg_phq_point_change_sig,marts_bi_v3.mart_behavioral_health,last_bh_visit_date,avg,phq_sig_point_change,,,100,Avg PHQ Point Change,Average baseline-to-latest PHQ-9 point change for patients with baseline PHQ >= 5. Positive values mean scores decreased (improvement). Scoped to the BH treatment episode.
avg_gad_point_change_sig,marts_bi_v3.mart_behavioral_health,last_bh_visit_date,avg,gad_sig_point_change,,,100,Avg GAD Point Change,Average baseline-to-latest GAD-7 point change for patients with baseline GAD >= 5. Positive values mean scores decreased (improvement). Scoped to the BH treatment episode.
pct_phq_sig_remission,marts_bi_v3.mart_behavioral_health,last_bh_visit_date,rate_distinct,,phq_sig_remission_pid,phq_significant_pid,100,PHQ Remission Rate,Share of clinically significant PHQ patients (baseline >= 5) whose latest PHQ-9 is below 5 (remission).
pct_phq_sig_response,marts_bi_v3.mart_behavioral_health,last_bh_visit_date,rate_distinct,,phq_sig_response_pid,phq_significant_pid,100,PHQ Response Rate,Share of clinically significant PHQ patients (baseline >= 5) with at least 50% score reduction from baseline.
pct_gad_sig_remission,marts_bi_v3.mart_behavioral_health,last_bh_visit_date,rate_distinct,,gad_sig_remission_pid,gad_significant_pid,100,GAD Remission Rate,Share of clinically significant GAD patients (baseline >= 5) whose latest GAD-7 is below 5 (remission).
pct_gad_sig_response,marts_bi_v3.mart_behavioral_health,last_bh_visit_date,rate_distinct,,gad_sig_response_pid,gad_significant_pid,100,GAD Response Rate,Share of clinically significant GAD patients (baseline >= 5) with at least 50% score reduction from baseline.
mini_cog_awv_completed_count,marts_bi_v3.mart_awv_mini_cog,appointment_date,count_distinct,awv_completed_aid,,,100,Mini-Cog AWV Completed,Completed AWV appointments — denominator for Mini-Cog completion rate.
mini_cog_scored_count,marts_bi_v3.mart_awv_mini_cog,appointment_date,count_distinct,mini_cog_scored_aid,,,100,Mini-Cog Scored,Completed AWVs with a scored Mini-Cog questionnaire.
mini_cog_completion_rate,marts_bi_v3.mart_awv_mini_cog,appointment_date,rate_distinct,,mini_cog_scored_aid,awv_completed_aid,100,Mini-Cog Completion %,Scored Mini-Cog screenings as a percentage of completed AWV appointments.
mini_cog_positive_screen_rate,marts_bi_v3.mart_awv_mini_cog,appointment_date,rate_distinct,,mini_cog_positive_aid,mini_cog_scored_aid,100,Mini-Cog Positive Screen %,Scored Mini-Cogs with score 0-2 as a percentage of all scored Mini-Cogs.
mini_cog_missing_count,marts_bi_v3.mart_awv_mini_cog,appointment_date,count_distinct,mini_cog_missing_aid,,,100,Mini-Cog Missing,Completed AWV appointments without a Mini-Cog questionnaire on the encounter.
analytics_awv_gap_rate,marts_bi_v3.mart_attribution_detail,,rate_distinct,,awv_gap_aid,awv_eligible_aid,100,AWV Gap %,AWV-eligible patients with no completed or scheduled AWV as a percentage of all AWV-eligible attributed patients.
appointments_total_appointments,marts_bi_v3.mart_appointments,appointment_date,count_distinct,appointment_id,,,100,Total Appointments,Distinct appointments in the canonical appointments mart for the selected period.
appointments_completed_visits,marts_bi_v3.mart_appointments,appointment_date,count_distinct,completed_aid,,,100,Completed Visits,Distinct completed appointments (checked in / checked out / charge entered) in the selected period.
appointments_cancelled_appointments,marts_bi_v3.mart_appointments,appointment_date,count_distinct,cancelled_aid,,,100,Cancelled,Distinct cancelled appointments in the selected period (any cancellation reason).
appointments_no_shows,marts_bi_v3.mart_appointments,appointment_date,count_distinct,noshow_aid,,,100,No-Shows,Distinct no-show appointments — patient did not arrive and was not cancelled in advance.
rescheduled_appointments,marts_bi_v3.mart_appointments,appointment_date,count_distinct,rescheduled_aid,,,100,Rescheduled,Distinct appointments where the original slot was rescheduled to a new slot.
appointments_truly_cancelled_appointments,marts_bi_v3.mart_appointments,appointment_date,count_distinct,truly_cancelled_aid,,,100,Truly Cancelled,Distinct cancelled appointments that were not subsequently rescheduled (true cancellations).
initial_visits,marts_bi_v3.mart_appointments,appointment_date,count_distinct,iv_aid,,,100,Initial Visits,Distinct Initial Visit appointments in the selected period.
awv_visits,marts_bi_v3.mart_appointments,appointment_date,count_distinct,awv_aid,,,100,AWV Visits,Distinct Annual Wellness Visit appointments in the selected period.
appointments_open_slots,marts_bi_v3.mart_appointments,appointment_date,count_distinct,open_slot_aid,,,100,Open Slots,Distinct unfilled scheduling slots in the selected period.
appointments_filled_slots,marts_bi_v3.mart_appointments,appointment_date,count_distinct,filled_slot_aid,,,100,Filled Slots,Distinct filled scheduling slots (booked appointments) in the selected period.
npv_truly_lost,marts_bi_v3.mart_appointments,appointment_date,count_distinct,npv_truly_lost_aid,,,100,NPV Truly Lost,Distinct cancelled New Patient Visits never recovered (no reschedule within 30 days).
membership_completed_visits,marts_bi_v3.mart_appointments,appointment_date,count_distinct,membership_completed_aid,,,100,Membership Completed Visits,Distinct completed appointments where the patient was a Membership-activated membership patient at appointment time.
unique_patients_seen,marts_bi_v3.mart_appointments,appointment_date,count_distinct,patient_id,,,100,Unique Patients Seen,Distinct patients with at least one completed appointment in the selected period.
appointments_cancellation_rate,marts_bi_v3.mart_appointments,appointment_date,rate_distinct,,cancelled_aid,appointment_id,100,Cancellation Rate %,All-appointments cohort: cancelled appointments / total appointments x 100. Universal definition across all appointment types — filter via dimensions for visit-type-specific cuts. Parallel definition exists on mart_scheduling_analytics (scheduling_cancellation_rate) for the scheduling-analytics slice.
appointments_no_show_rate,marts_bi_v3.mart_appointments,appointment_date,rate_distinct,,noshow_aid,appointment_id,100,No-Show Rate %,All-appointments cohort: no-show appointments / total appointments x 100. Universal definition; filter via dimensions for visit-type-specific cuts.
reschedule_rate,marts_bi_v3.mart_appointments,appointment_date,rate_distinct,,rescheduled_aid,appointment_id,100,Reschedule Rate %,All-appointments cohort: rescheduled appointments / total appointments x 100. Universal definition across all appointment types.
true_cancel_rate_resolved,marts_bi_v3.mart_appointments,appointment_date,rate_distinct,,truly_cancelled_aid,cancelled_aid,100,True Cancel (Resolved) %,All-cancelled-appointments cohort: truly cancelled (never rescheduled) / all cancelled x 100. Measures cancellation-recovery effectiveness. Excludes recovered cancellations from the numerator.
appointments_slot_fill_rate,marts_bi_v3.mart_appointments,appointment_date,rate_distinct,,filled_slot_aid,appointment_id,100,Slot Fill Rate %,All-appointments cohort: filled slots / total appointment slots x 100. Universal scheduling-utilization measure.
scheduling_total_appointments,marts_bi_v3.mart_scheduling_analytics,appointment_date,count_distinct,appointment_id,,,100,Total Appointments,Distinct appointments in the scheduling-analytics slice (capacity-eligible subset of mart_appointments). For the canonical company-wide count use appointments_total_appointments.
scheduling_completed_visits,marts_bi_v3.mart_scheduling_analytics,appointment_date,count_distinct,completed_aid,,,100,Completed Visits,Distinct completed appointments within the scheduling-analytics slice (capacity-eligible subset).
scheduling_cancelled_appointments,marts_bi_v3.mart_scheduling_analytics,appointment_date,count_distinct,cancelled_aid,,,100,Cancelled Appointments,Distinct cancelled appointments within the scheduling-analytics slice.
scheduling_no_shows,marts_bi_v3.mart_scheduling_analytics,appointment_date,count_distinct,noshow_aid,,,100,No-Shows,Distinct no-show appointments within the scheduling-analytics slice.
scheduling_open_slots,marts_bi_v3.mart_scheduling_analytics,appointment_date,count_distinct,open_slot_aid,,,100,Open Slots,Distinct open (unfilled) slots within the scheduling-analytics slice.
scheduling_filled_slots,marts_bi_v3.mart_scheduling_analytics,appointment_date,count_distinct,filled_slot_aid,,,100,Filled Slots,Distinct filled (booked) slots within the scheduling-analytics slice.
scheduling_slot_fill_rate,marts_bi_v3.mart_scheduling_analytics,appointment_date,rate_distinct,,filled_slot_aid,appointment_id,100,Slot Fill Rate %,Scheduling-analytics slice: filled slots / total slots x 100. Capacity-eligible subset; for the company-wide measure use appointments_slot_fill_rate.
scheduling_no_show_rate,marts_bi_v3.mart_scheduling_analytics,appointment_date,rate_distinct,,noshow_aid,appointment_id,100,No-Show Rate %,Scheduling-analytics slice: no-shows / total appointments x 100. Capacity-eligible subset; for the company-wide measure use appointments_no_show_rate.
scheduling_cancellation_rate,marts_bi_v3.mart_scheduling_analytics,appointment_date,rate_distinct,,cancelled_aid,appointment_id,100,Cancellation Rate %,Scheduling-analytics slice: cancelled / total appointments x 100. Capacity-eligible subset; for the company-wide measure use appointments_cancellation_rate.
vtco_cancelled_appointments,marts_bi_v3.mart_visit_type_cancellation_outcome,,sum,cancelled_count,,,100,Cancelled Appointments,"Cancelled appointments in the cohort month, grouped by visit-type class. Filter via the visit_type_class dimension for cohort-specific dashboards (NPV vs AWV vs Established, etc.)."
vtco_recovered_appointments,marts_bi_v3.mart_visit_type_cancellation_outcome,,sum,recovered_count,,,100,Recovered Appointments,"Cancelled appointments that were subsequently rescheduled and completed within the recovery window, grouped by visit-type class."
vtco_drift_appointments,marts_bi_v3.mart_visit_type_cancellation_outcome,,sum,drift_count,,,100,Drift Appointments,"Cancelled appointments that were rescheduled to a future date beyond the recovery window (drifted), grouped by visit-type class."
vtco_hard_leakage_appointments,marts_bi_v3.mart_visit_type_cancellation_outcome,,sum,hard_leakage_count,,,100,Hard Leakage Appointments,"Cancelled appointments never recovered (patient did not return), grouped by visit-type class."
vtco_recovered_pct,marts_bi_v3.mart_visit_type_cancellation_outcome,,rate,,recovered_count,cancelled_count,100,Recovered %,Recovered appointments / cancelled appointments x 100 within the cohort month and visit-type class. Universal definition — apply visit_type_class filter for NPV / AWV / Established dashboards.
vtco_drift_pct,marts_bi_v3.mart_visit_type_cancellation_outcome,,rate,,drift_count,cancelled_count,100,Drift %,Drift appointments / cancelled appointments x 100 within the cohort month and visit-type class. Universal definition — apply visit_type_class filter for cohort-specific dashboards.
vtco_hard_leakage_pct,marts_bi_v3.mart_visit_type_cancellation_outcome,,rate,,hard_leakage_count,cancelled_count,100,Hard Leakage %,Hard-leakage (never-recovered) cancellations / cancelled appointments x 100 within the cohort month and visit-type class. Universal definition — apply visit_type_class filter for cohort-specific dashboards.
engagement_cohort_18m_patients,marts_bi_v3.mart_monthly_leakage_cohort,cohort_month_start,sum,engagement_cohort_18m_count,,,100,18-month Cohort Patients,Patients with >=1 completed visit in the trailing 18-month (548-day) window at cohort month-end. NOT the canonical Active Patient definition; engagement-cohort scope only.
cohort_month_active_patient_sum,marts_bi_v3.mart_monthly_leakage_cohort,cohort_month_start,sum,active_patient_count,,,100,Active Patients,"Active patient count in the cohort month — denominator for patient_leakage_pct and no_future_appt_pct. NOTE: name collides with active_patients in mart_attribution_timeline; this row's definition is cohort-month-scoped engagement, not attribution."
leaked_patients_90d,marts_bi_v3.mart_monthly_leakage_cohort,cohort_month_start,sum,leaked_patient_count,,,100,Leaked Patients (90d),Cohort-month patients with no completed or scheduled visit within 90 days of cohort start (engagement leakage).
patient_leakage_pct,marts_bi_v3.mart_monthly_leakage_cohort,cohort_month_start,rate,,leaked_patient_count,active_patient_count,100,Patient Leakage %,Cohort cohort-month leakage rate: leaked patients (90d) / active patients x 100.
no_future_appt_patients,marts_bi_v3.mart_monthly_leakage_cohort,cohort_month_start,sum,no_future_engagement_count,,,100,No Future Appointment Patients,Cohort-month patients with no future appointment scheduled as of cohort evaluation.
no_future_appt_pct,marts_bi_v3.mart_monthly_leakage_cohort,cohort_month_start,rate,,no_future_engagement_count,active_patient_count,100,No Future Appointment %,Cohort-month: patients with no future appointment / active patients x 100.
scheduled_appointments,marts_bi_v3.mart_monthly_leakage_cohort,cohort_month_start,sum,scheduled_appointment_count,,,100,Scheduled Appointments,Scheduled appointments in the cohort month — denominator for appt_truly_cancelled_pct.
leakage_truly_cancelled_appointments,marts_bi_v3.mart_monthly_leakage_cohort,cohort_month_start,sum,truly_cancelled_appointment_count,,,100,Truly Cancelled Appointments,Cohort-month appointments truly cancelled (cancelled without subsequent reschedule). Numerator for appt_truly_cancelled_pct.
appt_truly_cancelled_pct,marts_bi_v3.mart_monthly_leakage_cohort,cohort_month_start,rate,,truly_cancelled_appointment_count,scheduled_appointment_count,100,Appt Truly Cancelled %,Cohort-month rate: truly cancelled appointments / scheduled appointments x 100. A truly cancelled appointment was not subsequently rescheduled.
imaging_total_capacity,marts_bi_v3.mart_imaging,event_date,count_distinct,slot_aid,,,100,Total Capacity (Slots),"Distinct imaging appointment slots (Mammogram, DEXA, Body Comp) at Healthcare Org onsite clinics. 504 Mammo & DEXA combined slots count once in the total."
imaging_open_slots,marts_bi_v3.mart_imaging,event_date,count_distinct,open_slot_aid,,,100,Open Slots,Distinct imaging slots that are open (no patient booked).
imaging_filled_slots,marts_bi_v3.mart_imaging,event_date,count_distinct,filled_slot_aid,,,100,Filled Slots,Distinct imaging slots that are booked and not cancelled.
imaging_completed_slots,marts_bi_v3.mart_imaging,event_date,count_distinct,completed_slot_aid,,,100,Completed Slots,Distinct imaging slots where the appointment was completed (status Checked In / Checked Out / Charge Entered).
imaging_cancelled_slots,marts_bi_v3.mart_imaging,event_date,count_distinct,cancelled_slot_aid,,,100,Cancelled Slots,Distinct imaging slots whose appointment was cancelled.
imaging_utilization_pct,marts_bi_v3.mart_imaging,event_date,rate_distinct,,filled_slot_aid,slot_aid,100,Utilization %,Filled imaging slots as a percentage of total imaging slots. Numerator: filled_slot_aid. Denominator: slot_aid.
imaging_completion_pct,marts_bi_v3.mart_imaging,event_date,rate_distinct,,completed_slot_aid,slot_aid,100,Completion %,Completed imaging slots as a percentage of total imaging slots. Numerator: completed_slot_aid. Denominator: slot_aid.
imaging_total_orders,marts_bi_v3.mart_imaging,event_date,count_distinct,order_did,,,100,Total Imaging Orders,Distinct imaging order documents (CLINICALORDERTYPE matching Mammo / DEXA / Bone Density) placed at Healthcare Org onsite clinics.
imaging_total_results,marts_bi_v3.mart_imaging,event_date,count_distinct,result_did,,,100,Total Imaging Results,Distinct IMAGINGRESULT documents (CLINICALORDERTYPE matching Mammo / DEXA / Bone Density) received at Healthcare Org onsite clinics.
imaging_order_to_result_rate,marts_bi_v3.mart_imaging,event_date,rate_distinct,,result_did,order_did,100,Order → Result %,Ratio of distinct imaging results to distinct imaging orders in the selected window. NB: orders and results are matched by window not by parent linkage; use as a leading indicator of throughput.
imaging_sendout_results,marts_bi_v3.mart_imaging,event_date,count_distinct,sendout_result_did,,,100,Send-out Results,Distinct imaging results performed at an outside radiology center (sent out rather than done in-house). Leakage volume.
imaging_inhouse_results,marts_bi_v3.mart_imaging,event_date,count_distinct,inhouse_result_did,,,100,In-house Results,Distinct imaging results performed at a Healthcare Org onsite facility.
imaging_sendout_rate,marts_bi_v3.mart_imaging,event_date,rate_distinct,,sendout_result_did,result_did,100,Send-out Rate %,Share of imaging results that were performed at an outside facility rather than in-house. Numerator: sendout_result_did. Denominator: result_did.
heartwise_eligible_patients,marts_bi_v3.mart_heartwise_zio_patch,as_of_date,count_distinct,heartwise_eligible_pid,,,100,Heartwise Eligible (Clinical),"Cohort: active MDM patients. Count of distinct patient_id with at least one ICD10 hypertension (I1*) AND (diabetes (E1*) OR CKD (N18*)) on any clinical encounter, regardless of athena tag. Snapshot at as_of_date."
heartwise_enrolled_patients,marts_bi_v3.mart_heartwise_zio_patch,as_of_date,count_distinct,heartwise_enrolled_pid,,,100,Heartwise Enrolled (athena),Cohort: active MDM patients. Count of distinct patient_id whose athena 'Heartwise for Her' custom demographic value = 'Heartwise patient' (actually enrolled in the program). Snapshot at as_of_date.
heartwise_candidate_patients,marts_bi_v3.mart_heartwise_zio_patch,as_of_date,count_distinct,heartwise_candidate_pid,,,100,Heartwise Candidates (athena),"Cohort: active MDM patients. Count of distinct patient_id whose athena 'Heartwise for Her' custom demographic value = 'Heartwise candidate' (clinic-tagged for outreach, not yet enrolled). Snapshot at as_of_date."
heartwise_declined_patients,marts_bi_v3.mart_heartwise_zio_patch,as_of_date,count_distinct,heartwise_declined_pid,,,100,Heartwise Declined (athena),Cohort: active MDM patients. Count of distinct patient_id whose athena 'Heartwise for Her' custom demographic value = 'Declined' (offered and refused). Snapshot at as_of_date.
heartwise_tagged_patients,marts_bi_v3.mart_heartwise_zio_patch,as_of_date,count_distinct,heartwise_tagged_pid,,,100,Heartwise Tagged (Any),Cohort: active MDM patients. Count of distinct patient_id with ANY athena 'Heartwise for Her' tag (Enrolled OR Candidate OR Declined). Total athena outreach universe.
heartwise_eligible_enrolled_patients,marts_bi_v3.mart_heartwise_zio_patch,as_of_date,count_distinct,eligible_enrolled_pid,,,100,Eligible & Enrolled,Cohort: clinically eligible patients (HTN + (DM/CKD)) who are actually enrolled ('Heartwise patient'). Snapshot at as_of_date.
heartwise_eligible_candidate_patients,marts_bi_v3.mart_heartwise_zio_patch,as_of_date,count_distinct,eligible_candidate_pid,,,100,Eligible & Candidate (Pipeline),Cohort: clinically eligible patients tagged as 'Heartwise candidate' - the live outreach pipeline. Snapshot at as_of_date.
heartwise_eligible_declined_patients,marts_bi_v3.mart_heartwise_zio_patch,as_of_date,count_distinct,eligible_declined_pid,,,100,Eligible & Declined,Cohort: clinically eligible patients who declined. Snapshot at as_of_date.
heartwise_eligible_untagged_patients,marts_bi_v3.mart_heartwise_zio_patch,as_of_date,count_distinct,eligible_untagged_pid,,,100,Eligible & Untagged (Intake Gap),Cohort: clinically eligible patients with NO athena 'Heartwise for Her' tag at all - clinic has not yet acted on this patient. Primary intake-gap capture opportunity. Snapshot at as_of_date.
heartwise_eligible_not_enrolled_patients,marts_bi_v3.mart_heartwise_zio_patch,as_of_date,count_distinct,eligible_not_enrolled_pid,,,100,Eligible Not Enrolled,Cohort: clinically eligible patients not enrolled - umbrella intervention target (candidates + declined + untagged combined). Snapshot at as_of_date.
heartwise_enrolled_not_eligible_patients,marts_bi_v3.mart_heartwise_zio_patch,as_of_date,count_distinct,enrolled_not_eligible_pid,,,100,Enrolled Without Clinical Eligibility,Cohort: actually-enrolled patients without a recorded HTN+(DM/CKD) encounter diagnosis - data-quality / chart-review target. Snapshot at as_of_date.
heartwise_enrollment_rate,marts_bi_v3.mart_heartwise_zio_patch,as_of_date,rate_distinct,,eligible_enrolled_pid,heartwise_eligible_pid,100,Enrollment Rate (Eligible) %,"Cohort: clinically eligible patients. = eligible_enrolled / eligible x 100. Real enrollment, not candidates."
heartwise_candidate_rate,marts_bi_v3.mart_heartwise_zio_patch,as_of_date,rate_distinct,,eligible_candidate_pid,heartwise_eligible_pid,100,Candidate Rate (Eligible) %,Cohort: clinically eligible patients. = eligible_candidate / eligible x 100. Share of eligibles in the live outreach pipeline.
heartwise_intake_gap_rate,marts_bi_v3.mart_heartwise_zio_patch,as_of_date,rate_distinct,,eligible_untagged_pid,heartwise_eligible_pid,100,Intake Gap Rate (Eligible) %,Cohort: clinically eligible patients. = eligible_untagged / eligible x 100. Share of eligibles the clinic has not yet acted on.
zio_patch_patients,marts_bi_v3.mart_heartwise_zio_patch,as_of_date,count_distinct,zio_patient_pid,,,100,Zio Patch Patients,Cohort: active MDM patients. Count of distinct patient_id with at least one non-deleted athena document tied to a clinicalordertype name LIKE 'ZIO%'. Snapshot at as_of_date.
zio_patch_orders,marts_bi_v3.mart_heartwise_zio_patch,last_zio_order_date,sum,zio_order_count,,,100,Zio Patch Orders,Cohort: active MDM patients. Sum of zio_order_count across the mart (one order = one non-deleted athena Zio-named document).
zio_and_heartwise_eligible_patients,marts_bi_v3.mart_heartwise_zio_patch,as_of_date,count_distinct,zio_and_eligible_pid,,,100,Zio Patients Heartwise Eligible,Cohort: Zio Patch patients. Count of distinct patient_id who also meet Heartwise clinical eligibility (HTN + (DM/CKD)). Snapshot at as_of_date.
zio_and_heartwise_enrolled_patients,marts_bi_v3.mart_heartwise_zio_patch,as_of_date,count_distinct,zio_and_enrolled_pid,,,100,Zio Patients Heartwise Enrolled,Cohort: Zio Patch patients who are actually enrolled in Heartwise ('Heartwise patient'). Snapshot at as_of_date.
zio_and_heartwise_candidate_patients,marts_bi_v3.mart_heartwise_zio_patch,as_of_date,count_distinct,zio_and_candidate_pid,,,100,Zio Patients Heartwise Candidate,Cohort: Zio Patch patients tagged as 'Heartwise candidate'. Snapshot at as_of_date.
zio_without_heartwise_patients,marts_bi_v3.mart_heartwise_zio_patch,as_of_date,count_distinct,zio_without_heartwise_pid,,,100,Zio Without Heartwise Tag,Cohort: Zio Patch patients with NO Heartwise athena tag at all - coordination gap / monitoring-only population. Snapshot at as_of_date.
established_active_patients,marts_bi_v3.mart_no_next_validation,,count_distinct,has_completed_pid,,,100,Established Active Patients,Active patients (computed patient_status) with at least one completed visit — panel denominator for No Next established dashboard.
with_next_visit_rate,marts_bi_v3.mart_no_next_validation,,rate_distinct,,has_future_mdm_pid,has_completed_pid,100,% With Next Visit,Percentage of established active patients with at least one MDM-compliant future appointment scheduled.
awv_completion_rate_active,marts_bi_v3.mart_attribution_detail,,rate_distinct,,awv_completed_aid,active_aid,100,% AWV Completed (Active Panel),Percentage of MDM Active patients (computed patient_status) with a completed AWV YTD. Numerator: completed AWV. Denominator: all MDM Active patients on attribution detail.
awv_gap_rate_active,marts_bi_v3.mart_attribution_detail,,rate_distinct,,awv_gap_aid,active_aid,100,% AWV Gap (Active Panel),Percentage of MDM Active patients with no AWV completed or scheduled YTD among analytics-eligible patients. Numerator: AWV gap. Denominator: all MDM Active patients.
cadence_active_patients,marts_bi_v3.mart_cadence_scheduling,,count_distinct,active_pid,,,100,Active Patients,Active panel (>=1 completed visit within 548 days): count of distinct active patients. Numerator: distinct active patient_id.
cadence_on_cadence_patients,marts_bi_v3.mart_cadence_scheduling,,count_distinct,on_cadence_pid,,,100,On-Cadence Patients,Active panel: distinct active patients ON cadence — a qualifying baseline exists AND days since last QUALIFYING visit <= tier threshold (Highly Complex<=23 / High<=45 / Rising<=68 / Low<=182 for last qualifying visits on/after 2026-04-13 else <=274). MDM-compliant qualifying visits only (excludes ancillary/BH). Excludes No-Tier.
cadence_off_cadence_patients,marts_bi_v3.mart_cadence_scheduling,,count_distinct,off_cadence_pid,,,100,Off-Cadence Patients,"Active panel: distinct active patients OFF cadence — no qualifying baseline in the 730d lookback, OR days since last QUALIFYING visit > tier threshold (Highly Complex>23 / High>45 / Rising>68 / Low>182 for last qualifying visits on/after 2026-04-13 else >274). MDM-compliant qualifying visits only. Excludes No-Tier."
cadence_patients_with_future_appt,marts_bi_v3.mart_cadence_scheduling,,count_distinct,has_future_appt_pid,,,100,Patients with Future Appt (Any),Active panel: distinct active patients with at least one future appointment of ANY type booked (Salesforce future appointment count > 0). Descriptive; cadence logic uses Next Qualifying Visit Booked.
cadence_scheduled_on_tier_patients,marts_bi_v3.mart_cadence_scheduling,,count_distinct,scheduled_on_tier_pid,,,100,Next Qualifying Visit Booked,Active panel: distinct active patients with a SCHEDULED (non-cancelled) QUALIFYING visit booked after today (MDM-compliant; excludes ancillary/BH). The Goal B 'has a next visit' axis.
cadence_off_cadence_unscheduled_patients,marts_bi_v3.mart_cadence_scheduling,,count_distinct,off_cadence_unscheduled_pid,,,100,Off-Cadence - No Next Visit,Active panel: distinct off-cadence active patients with NO next qualifying visit booked (Off Cadence - No Next Visit). Intervention target. Off-Cadence - Next Beyond = cadence_off_cadence_patients minus this measure.
cadence_proposed_on_cadence_patients,marts_bi_v3.mart_cadence_scheduling,,count_distinct,proposed_on_cadence_pid,,,100,Proposed On-Cadence Patients,"Active panel: distinct patients ON cadence under proposed-tier thresholds (falls back to current_tier when proposed_tier is NULL). Qualifying-visit baseline; same bands as legacy cadence (23/45/68/182|274)."
cadence_proposed_off_cadence_patients,marts_bi_v3.mart_cadence_scheduling,,count_distinct,proposed_off_cadence_pid,,,100,Proposed Off-Cadence Patients,"Active panel: distinct patients OFF cadence under proposed-tier thresholds (falls back to current_tier when proposed_tier is NULL). Re-tier catch-up intervention pool."
cadence_proposed_on_cadence_rate,marts_bi_v3.mart_cadence_scheduling,,rate_distinct,,proposed_on_cadence_pid,active_pid,100,Proposed On-Cadence Rate %,Active panel: proposed-on-cadence patients / all active patients x 100. Program goal is 70% by 2027-02-17.
cadence_proposed_off_cadence_unscheduled_patients,marts_bi_v3.mart_cadence_scheduling,,count_distinct,proposed_off_cadence_unscheduled_pid,,,100,Proposed Off-Cadence - No Next Visit,Active panel: proposed-off-cadence patients with no next qualifying visit booked. Primary scheduling intervention target under the re-tier program.
cadence_off_cadence_masked_by_nonqualifying_patients,marts_bi_v3.mart_cadence_scheduling,,count_distinct,off_cadence_masked_by_nonqualifying_pid,,,100,Off-Cadence Masked by Non-Qualifying,Diagnostic: active patients who would appear ON cadence under the legacy any-visit logic (an ancillary/BH visit kept days_since_last_visit within threshold) but are OFF under the MDM-compliant qualifying-visit logic. Measures the cadence MDM-alignment delta.
cadence_meets_visit_target_patients,marts_bi_v3.mart_cadence_scheduling,,count_distinct,meets_visit_target_pid,,,100,Meets Visit Target,Active panel: distinct active patients whose trailing-12mo QUALIFYING completed visits meet the tier visit/yr target (Low 2 / Rising 4 / High 6 / Highly Complex 12). MDM-compliant qualifying visits only.
cadence_on_cadence_rate,marts_bi_v3.mart_cadence_scheduling,,rate_distinct,,on_cadence_pid,active_pid,100,On-Cadence Rate %,Active panel: on-cadence active patients / all active patients x 100. On cadence = qualifying baseline exists AND days since last QUALIFYING visit <= tier threshold. MDM-compliant. Excludes No-Tier from numerator.
cadence_off_cadence_rate,marts_bi_v3.mart_cadence_scheduling,,rate_distinct,,off_cadence_pid,active_pid,100,Off-Cadence Rate %,Active panel: off-cadence active patients / all active patients x 100. Off cadence = no qualifying baseline OR days since last QUALIFYING visit > tier threshold. MDM-compliant.
cadence_visit_target_attainment_rate,marts_bi_v3.mart_cadence_scheduling,,rate_distinct,,meets_visit_target_pid,active_pid,100,Visit Target Attainment %,Active panel: active patients meeting their tier visit/yr target (QUALIFYING completed visits) / all active patients x 100.
cadence_proposed_tier_patients,marts_bi_v3.mart_cadence_scheduling,,count_distinct,proposed_tier_pid,,,100,Proposed-Tier Patients,"Active panel with sufficient clinical signal AND >=12 months tenure (first completed visit >=12 months ago): distinct patients assigned a proposed tier under the Excel rubric (chronic-condition count bands + polypharmacy/HRM, high-utilization, and frailty escalators (no age add-on)). Group by proposed_tier for the proposed distribution; group by current_tier + proposed_tier for the migration matrix."
cadence_tier_upgrade_patients,marts_bi_v3.mart_cadence_scheduling,,count_distinct,tier_upgrade_pid,,,100,Tier Upgrades,Active panel: distinct patients whose proposed clinical tier is HIGHER than their current Salesforce tier (under-tiered today).
cadence_tier_downgrade_patients,marts_bi_v3.mart_cadence_scheduling,,count_distinct,tier_downgrade_pid,,,100,Tier Downgrades,Active panel: distinct patients whose proposed clinical tier is LOWER than their current Salesforce tier (over-tiered today).
cadence_tier_nochange_patients,marts_bi_v3.mart_cadence_scheduling,,count_distinct,tier_nochange_pid,,,100,Tier Unchanged,Active panel: distinct patients whose proposed clinical tier equals their current Salesforce tier.
cadence_tier_insufficient_patients,marts_bi_v3.mart_cadence_scheduling,,count_distinct,tier_insufficient_pid,,,100,Insufficient Tier Data,"Active panel: distinct active patients who cannot get a proposed tier: insufficient clinical signal (no chronic-condition, medication, utilization, or frailty data) OR <12 months tenure (first completed visit <12 months ago or unknown). Data-quality / new-patient gap."
cadence_low_risk_patients,marts_bi_v3.mart_cadence_scheduling,,count_distinct,low_risk_pid,,,100,Low Tier Patients,Active panel: distinct active patients whose proposed rubric tier is Low (proposed_rank=1). Excel-rubric: 0 chronic conditions and no risk-factor bundle.
cadence_rising_risk_patients,marts_bi_v3.mart_cadence_scheduling,,count_distinct,rising_risk_pid,,,100,Rising Risk Tier Patients,"Active panel: distinct active patients whose proposed rubric tier is Rising (proposed_rank=2). Excel-rubric: 0 chronic conditions + risk-factor bundle, or escalator-promoted."
cadence_polypharmacy_patients,marts_bi_v3.mart_cadence_scheduling,,count_distinct,polypharmacy_pid,,,100,Polypharmacy Escalator Patients,Active panel: distinct active patients with the polypharmacy escalator (>5 active non-supplement medications). +1 tier escalator under the Excel rubric.
cadence_hrm_patients,marts_bi_v3.mart_cadence_scheduling,,count_distinct,hrm_pid,,,100,High-Risk Medication Escalator Patients,Active panel: distinct active patients with a high-risk medication (Beers) escalator (any single-agent HRM or two-same-class). +1 tier escalator under the Excel rubric.
cadence_high_util_patients,marts_bi_v3.mart_cadence_scheduling,,count_distinct,high_util_pid,,,100,High Utilization Escalator Patients,Active panel: distinct active patients with the high-utilization escalator (>4 ED/IP admits in 12mo). +1 tier escalator under the Excel rubric.
cadence_frailty_patients,marts_bi_v3.mart_cadence_scheduling,,count_distinct,frailty_pid,,,100,Frailty Escalator Patients,Active panel: distinct active patients with the frailty escalator (frailty ICD-10 proxy). +1 tier escalator under the Excel rubric.
cadence_risk_factor_patients,marts_bi_v3.mart_cadence_scheduling,,count_distinct,risk_factor_pid,,,100,Risk-Factor Bundle Patients,"Active panel: distinct active patients with any rubric risk factor (smoking, SDOH, osteopenia, pre-diabetes, cognitive impairment, urinary incontinence, hearing/vision impairment, out-of-range A1c/BP/PHQ-9/Mini-Cog). Descriptive bundle; splits Low tier only."
cadence_high_risk_patients,marts_bi_v3.mart_cadence_scheduling,,count_distinct,high_risk_pid,,,100,High Risk Tier Patients,"Active panel: distinct active patients whose proposed rubric tier is High (proposed_rank=3). Excel-rubric: chronic-count bands + polypharmacy/HRM, high-utilization, and frailty escalators + age add-on."
cadence_highly_complex_patients,marts_bi_v3.mart_cadence_scheduling,,count_distinct,highly_complex_pid,,,100,Highly Complex Tier Patients,"Active panel: distinct active patients whose proposed rubric tier is Highly Complex (proposed_rank=4). Excel-rubric: chronic-count bands + polypharmacy/HRM, high-utilization, and frailty escalators + age add-on."
eov_qualifying_visits,marts_bi_v3.mart_eov_cadence,appointment_date,count_distinct,qualifying_visit_aid,,,100,EOV Qualifying Visits,DEV-4138 denominator: distinct completed qualifying patient visits in the period. Matches the provider-bonus NEXT_VISIT denominator so EOV rates reconcile 1:1 with MOR - Patient Engagement.
eov_next_visit_scheduled,marts_bi_v3.mart_eov_cadence,appointment_date,count_distinct,next_visit_scheduled_aid,,,100,Next Visit Scheduled at EOV,Distinct completed qualifying visits where a future qualifying patient visit was booked as of the visit date (MOR metric #9 numerator).
eov_next_visit_rate,marts_bi_v3.mart_eov_cadence,appointment_date,rate_distinct,,next_visit_scheduled_aid,qualifying_visit_aid,100,Next Visit at EOV %,MOR metric #9: completed qualifying visits with a next visit booked at end-of-visit / all completed qualifying visits x 100. Same definition as the provider bonus NEXT_VISIT metric.
eov_medicare_visits,marts_bi_v3.mart_eov_cadence,appointment_date,count_distinct,medicare_visit_aid,,,100,EOV Medicare Visits,DEV-4138 AWV denominator: distinct completed qualifying visits classified Medicare at visit time.
eov_next_awv_scheduled,marts_bi_v3.mart_eov_cadence,appointment_date,count_distinct,awv_scheduled_aid,,,100,Next AWV Scheduled at EOV,Distinct completed Medicare qualifying visits with a future AWV booked (within the 395-day window) as of the visit date (MOR metric #11 numerator).
eov_next_awv_rate,marts_bi_v3.mart_eov_cadence,appointment_date,rate_distinct,,awv_scheduled_aid,medicare_visit_aid,100,Next AWV at EOV %,MOR metric #11: Medicare completed qualifying visits with a future AWV booked at end-of-visit / all Medicare completed qualifying visits x 100. Same definition as the provider bonus AWV metric.
eov_on_cadence,marts_bi_v3.mart_eov_cadence,appointment_date,count_distinct,on_cadence_aid,,,100,Scheduled On Cadence,Distinct completed qualifying visits whose next qualifying visit was booked within the patient's tier cadence threshold (HC 23 / High 45 / Rising 68 / else 182|274 days). Strict subset of Next Visit Scheduled.
eov_on_cadence_rate,marts_bi_v3.mart_eov_cadence,appointment_date,rate_distinct,,on_cadence_aid,qualifying_visit_aid,100,Scheduled On Cadence %,MOR metric #10: completed qualifying visits with the next visit booked within the tier cadence threshold / all completed qualifying visits x 100.
eov_avg_days_to_next_visit,marts_bi_v3.mart_eov_cadence,appointment_date,avg,days_to_next_visit,,,100,Avg Days to Next Visit,Average days between the completed visit and the earliest future qualifying visit booked at end-of-visit (over visits that had a next visit scheduled).
appointments_avg_duration,marts_bi_v3.mart_appointments,appointment_date,avg,appointment_duration,,,100,Avg Appointment Duration (min),DEV-4139: average scheduled appointment duration in minutes over appointments in the selected period. Cut by MA vs Provider via the ma_vs_provider dimension.
appointments_cancelled_lt_7d,marts_bi_v3.mart_appointments,appointment_date,count_distinct,cancelled_lt_7d_aid,,,100,Cancelled <7 Days,DEV-4139: distinct appointments cancelled within 7 days of the scheduled start (short-notice cancellations).
appointments_cancelled_lt_48h,marts_bi_v3.mart_appointments,appointment_date,count_distinct,cancelled_lt_48h_aid,,,100,Cancelled <48 Hours,DEV-4139: distinct appointments cancelled within 48 hours of the scheduled start (late cancellations).
appointments_cancelled_lt_7d_rate,marts_bi_v3.mart_appointments,appointment_date,rate_distinct,,cancelled_lt_7d_aid,cancelled_aid,100,Short-Notice Cancel (<7d) %,"DEV-4139: of all cancelled appointments, the share cancelled within 7 days of the scheduled start x 100."
appointments_cancelled_lt_48h_rate,marts_bi_v3.mart_appointments,appointment_date,rate_distinct,,cancelled_lt_48h_aid,cancelled_aid,100,Late Cancel (<48h) %,"DEV-4139: of all cancelled appointments, the share cancelled within 48 hours of the scheduled start x 100."
appointments_avg_days_to_cancel,marts_bi_v3.mart_appointments,appointment_date,avg,days_scheduled_to_cancelled,,,100,Avg Days Scheduled to Cancel,DEV-4139: average whole days between when an appointment was scheduled and when it was cancelled (cancelled appointments only).
appointments_true_cancellation_rate,marts_bi_v3.mart_appointments,appointment_date,rate_distinct,,truly_cancelled_aid,appointment_id,100,True Cancellation Rate %,"DEV-4139: cancellation rate excluding reschedules -- truly cancelled (never rescheduled) appointments / total appointments x 100. Complements true_cancel_rate_resolved (which is over cancelled, not total)."
population_active_patients,marts_bi_v3.mart_population_history,status_month,latest,active_patient_count,,,1,Active Patients (EOM),CANONICAL Active Patients as of month-end (548-day rule; reconstructed point-in-time back to the start of Athena history). EOM stock — latest per period; never sum across months.
population_active_members,marts_bi_v3.mart_population_history,status_month,latest,active_member_count,,,1,Active Members (EOM),CANONICAL Active Members as of month-end — strict subset of Active Patients (Active enrollment + Membership member-since + canonically Active patient). EOM stock.
population_active_members_raw,marts_bi_v3.mart_population_history,status_month,latest,active_member_raw_count,,,1,Active Members Raw (EOM),Membership-system-only active members at month-end (no patient gate). Diff vs population_active_members = SF/Membership reconciliation queue. EOM stock.
population_total_patients,marts_bi_v3.mart_population_history,status_month,latest,patient_count,,,1,Total Patients (EOM),All patients with any reconstructed status as of month-end (Active + Inactive + Excluded + Deleted). EOM stock.
population_inactive_patients,marts_bi_v3.mart_population_history,status_month,latest,inactive_patient_count,,,1,Inactive Patients (EOM),Patients canonically Inactive as of month-end. EOM stock.
population_active_member_share,marts_bi_v3.mart_population_history,status_month,rate_latest,,active_member_count,active_patient_count,100,Active Member Share %,Active Members as a percentage of Active Patients at month-end (subset rate; canonical hierarchy).
membership_unique_patients_seen,marts_bi_v3.mart_membership_kpis_monthly,period_start,sum,membership_unique_patients_seen,,,1,Unique Patients Seen (Members),Distinct members who completed at least one visit in the month. Distinct WITHIN each month — cross-month totals overcount repeat patients; use with a monthly time axis.
medical_revenue,marts_bi_v3.mart_medical_spending,service_month,sum,revenue_total,,,1,Medical Revenue,Total CMS-paid Medicare Advantage revenue (PAYOR_A total MA payment / PAYOR_B gross revenue) for the period. Additive across months and payors.
medical_cost,marts_bi_v3.mart_medical_spending,service_month,sum,total_cost,,,1,Medical Cost (Paid),Total paid medical claim cost for the period (includes claim-only member-months so real cost is never dropped). Additive across months and payors.
medical_loss_ratio,marts_bi_v3.mart_medical_spending,service_month,rate,,total_cost,revenue_total,100,Medical Loss Ratio % (Headline),"Headline medical loss ratio = GROSS paid medical cost / CMS-paid revenue, as a percent. Gross is the true MLR (the medical feed's pharmacy is Part B / plan liability; true Part D = $0). SUM(cost)/SUM(revenue) so it recomputes at any grouping."
member_months_paid,marts_bi_v3.mart_medical_spending,service_month,sum,member_months,,,1,Member Months,Paid member-months in the period (the PMPM denominator). Additive across months and payors.
revenue_pmpm,marts_bi_v3.mart_medical_spending,service_month,rate,,revenue_total,member_months,1,Revenue PMPM,Revenue per paid member-month = SUM(revenue) / SUM(member_months). Recomputes correctly at any grouping.
cost_pmpm,marts_bi_v3.mart_medical_spending,service_month,rate,,total_cost,member_months,1,Cost PMPM,Paid cost per paid member-month = SUM(cost) / SUM(member_months). Recomputes correctly at any grouping.
medical_cost_inpatient,marts_bi_v3.mart_medical_spending,service_month,sum,cost_inpatient,,,1,Inpatient Cost,Paid inpatient facility cost for the period. Additive.
medical_cost_outpatient,marts_bi_v3.mart_medical_spending,service_month,sum,cost_outpatient,,,1,Outpatient Cost,Paid outpatient facility cost for the period. Additive.
medical_cost_emergency,marts_bi_v3.mart_medical_spending,service_month,sum,cost_emergency,,,1,Emergency Cost,Paid emergency cost for the period. Additive.
medical_cost_professional,marts_bi_v3.mart_medical_spending,service_month,sum,cost_professional,,,1,Professional Cost,Paid professional (office/clinic/telehealth) cost for the period. Additive.
medical_cost_pharmacy,marts_bi_v3.mart_medical_spending,service_month,sum,cost_pharmacy,,,1,Pharmacy Cost,Paid pharmacy cost captured on the medical feed for the period. Additive. (PAYOR_B Rx is a separate feed and is not included here.)
medical_cost_post_acute,marts_bi_v3.mart_medical_spending,service_month,sum,cost_post_acute,,,1,Post-Acute Cost,Paid post-acute / skilled-nursing cost for the period. Additive.
medical_cost_other,marts_bi_v3.mart_medical_spending,service_month,sum,cost_other,,,1,Other Cost,Paid cost not mapped to a named service category for the period. Additive.
medical_expected_revenue,marts_bi_v3.mart_medical_spending,service_month,sum,expected_revenue,,,1,Expected Revenue (RAF),RAF × county-benchmark expected revenue over resolved member-months. Additive.
medical_revenue_gap,marts_bi_v3.mart_medical_spending,service_month,sum,revenue_gap,,,1,Revenue Gap,Actual minus RAF-expected revenue over resolved member-months (positive = paid above expected). Additive.
medical_cost_part_d,marts_bi_v3.mart_medical_spending,service_month,sum,cost_part_d,,,1,Medical Cost (Part D - carved out),TRUE Part D pharmacy paid (rx_part_d_indicator='Y') — the only cost netted out of the ex-Part-D view. ~$0 today (Part D sponsor pays). Additive.
medical_cost_plan_liability,marts_bi_v3.mart_medical_spending,service_month,sum,total_cost_plan_liability,,,1,Medical Cost (ex-Part D),Paid medical cost net of TRUE Part D only (total_cost - cost_part_d). Equals gross cost today; the medical feed's pharmacy is Part B (plan liability). Additive.
medical_loss_ratio_plan_liability,marts_bi_v3.mart_medical_spending,service_month,rate,,total_cost_plan_liability,revenue_total,100,Medical Loss Ratio % (ex-Part D),"Secondary ex-Part-D loss ratio = (cost - true Part D) / revenue, as a percent. Equals the headline GROSS MLR today (Part D = $0). SUM(cost)/SUM(revenue) so it recomputes at any grouping."
cost_pmpm_plan_liability,marts_bi_v3.mart_medical_spending,service_month,rate,,total_cost_plan_liability,member_months,1,Cost PMPM (Plan Liability),Plan-liability paid cost per paid member-month = SUM(plan-liability cost) / SUM(member_months). Recomputes correctly at any grouping.
paid_raf,marts_bi_v3.mart_medical_spending,service_month,rate,,payment_raf_score_sum,member_months,1,Paid RAF (avg),Member-month-weighted average paid (payment) RAF = SUM(paid RAF over paid member-months) / SUM(member_months). Recomputes correctly at any grouping.
provider_medical_revenue,marts_bi_v3.mart_medical_spending_by_provider,service_month,sum,revenue_total,,,1,Provider Revenue,CMS-paid MA revenue attributed to the provider's panel. Additive across months and providers.
provider_medical_cost,marts_bi_v3.mart_medical_spending_by_provider,service_month,sum,total_cost,,,1,Provider Medical Cost (Gross),Gross paid medical cost for the provider's panel. Additive.
provider_medical_cost_plan_liability,marts_bi_v3.mart_medical_spending_by_provider,service_month,sum,total_cost_plan_liability,,,1,Provider Medical Cost (Plan Liability),Paid medical cost net of Part D pharmacy for the provider's panel. Additive; correct basis for provider plan-liability MLR.
provider_mlr_plan_liability,marts_bi_v3.mart_medical_spending_by_provider,service_month,rate,,total_cost_plan_liability,revenue_total,100,Provider MLR % (Plan Liability),"Blended provider medical loss ratio = plan-liability cost / revenue, as a percent. Aggregated as SUM(cost)/SUM(revenue) so it recomputes correctly at any provider/period rollup."
provider_cost_pmpm_plan_liability,marts_bi_v3.mart_medical_spending_by_provider,service_month,rate,,total_cost_plan_liability,member_months,1,Provider Cost PMPM (Plan Liability),Plan-liability paid cost per paid member-month for the provider = SUM(plan-liability cost) / SUM(member_months).
provider_paid_raf,marts_bi_v3.mart_medical_spending_by_provider,service_month,rate,,payment_raf_score_sum,member_months,1,Provider Paid RAF (avg),Member-month-weighted average paid RAF for the provider's panel = SUM(paid RAF over paid member-months) / SUM(member_months).
provider_member_months,marts_bi_v3.mart_medical_spending_by_provider,service_month,sum,member_months,,,1,Provider Member Months,Paid member-months for the provider's panel. Additive (rate denominator).
provider_panel_members,marts_bi_v3.mart_medical_spending_by_provider,service_month,latest,panel_members,,,1,Provider Panel Size (latest mo.),Distinct attributed members with a paid member-month in the most recent month (semiadditive last). Provider panel size.
specialty_paid_cost,marts_bi_v3.mart_medical_spending_by_specialty,service_month,sum,total_paid,,,1,Paid Cost,Total paid medical cost for the payor × month × service-category × specialty slice. Additive across slices.
specialty_claim_lines,marts_bi_v3.mart_medical_spending_by_specialty,service_month,sum,claim_line_count,,,1,Claim Lines,Paid claim lines in the slice. Additive across slices.
pharmacy_paid_cost,marts_bi_v3.mart_pharmacy_spend,service_month,sum,paid_amount,,,1,Pharmacy Paid Cost,Total plan-paid pharmacy dollars (gross) for the slice. Additive across slices.
pharmacy_paid_cost_plan_liability,marts_bi_v3.mart_pharmacy_spend,service_month,sum,paid_amount_plan_liability,,,1,Pharmacy Cost (Plan Liability),"Plan-paid pharmacy that is the plan's liability (non-Part-D / Part B: vaccines, CGM & diabetic DME, nebulizer drugs). Additive."
pharmacy_paid_cost_part_d,marts_bi_v3.mart_pharmacy_spend,service_month,sum,paid_amount_part_d,,,1,Pharmacy Cost (Part D),Plan-paid pharmacy adjudicated under Part D (expected ~$0 — the Part D sponsor pays). Additive.
pharmacy_claim_lines,marts_bi_v3.mart_pharmacy_spend,service_month,sum,claim_line_count,,,1,Pharmacy Claim Lines,Paid pharmacy claim lines in the slice. Additive.
diagnosis_paid_cost,marts_bi_v3.mart_uhc_diagnosis_by_company,service_month,sum,paid_amount,,,1,Paid Cost,PAYOR_B H2001 paid medical cost by primary diagnosis and company (Healthcare Org vs VendorBlue). Additive across slices.
diagnosis_claim_lines,marts_bi_v3.mart_uhc_diagnosis_by_company,service_month,sum,claim_count,,,1,Claims,Distinct paid claims by primary diagnosis and company on the PAYOR_B H2001 contract. Additive across slices.
financial_paid_raf,marts_bi_v3.mart_medical_spending,service_month,rate,,cms_paid_raf_score_sum,member_months,1,Financial Paid RAF (avg),"Member-month-weighted average FINANCIAL paid RAF = SUM(CMS-paid factor over paid member-months) / SUM(member_months). The CMS-paid factor (cms_paid_raf) is the risk score CMS actually paid on (revenue file), present for every paid member-month including VendorBlue, distinct from the claims/HCC-derived paid_raf. Recomputes correctly at any grouping."
medical_expected_revenue_financial,marts_bi_v3.mart_medical_spending,service_month,sum,expected_revenue_financial,,,1,Expected Revenue (Financial RAF),"County-benchmark x CMS-paid factor (cms_paid_raf) expected revenue over resolved member-months. Company-splittable (populated for VendorBlue), unlike Expected Revenue (RAF) which uses the Healthcare-only payment score. Additive."
medical_revenue_gap_financial,marts_bi_v3.mart_medical_spending,service_month,sum,revenue_gap_financial,,,1,Revenue Gap (Financial),Actual minus financial (CMS-paid factor) expected revenue over resolved member-months (positive = paid above expected). Additive.
hcc_acceptance_rate,marts_bi_v3.mart_hcc_grouped_surfaced,,rate,,accepted_int,one,100,Acceptance %,Share of surfaced HCC codes ACCEPTED by the provider. Denominator = the VendorNav sent roster.
hcc_accepted,marts_bi_v3.mart_hcc_grouped_surfaced,first_winning_assessment_date,sum,accepted_int,,,,Accepted,Count of HCC codes ACCEPTED by the assessing provider (final disposition = ACCEPTED).
hcc_assessed,marts_bi_v3.mart_hcc_grouped_surfaced,first_winning_assessment_date,sum,assessed_int,,,,Assessed,"Count of surfaced HCC codes that were assessed (any disposition: accepted, held, or rejected)."
hcc_assessment_rate,marts_bi_v3.mart_hcc_grouped_surfaced,,rate,,assessed_int,one,100,Assessment %,"Share of surfaced (sent-roster) HCC codes that were assessed. Denominator = codes VendorNav showed the provider, NOT all HCCs."
hcc_claim_closed,marts_bi_v3.mart_hcc_grouped_surfaced,,sum,claim_closed,,,,Claim Closed (2026),Count of HCC codes closed via an adjudicated 2026 claim — the PAID-closure verifier (lags the CODED capture).
hcc_claim_rate,marts_bi_v3.mart_hcc_grouped_surfaced,,rate,,claim_closed,one,100,Claim-Closed %,Share of surfaced HCC codes closed via a paid 2026 claim.
hcc_distinct_codes,marts_bi_v3.mart_hcc_grouped_surfaced,,count_distinct,hcc_code,,,,Distinct HCC Codes,Distinct HCC codes on the sent roster.
hcc_held,marts_bi_v3.mart_hcc_grouped_surfaced,first_winning_assessment_date,sum,held_int,,,,Held,Count of HCC codes HELD (deferred) by the assessing provider.
hcc_missing_future_appt_rate,marts_bi_v3.mart_hcc_missing_opportunity,,rate,,has_future_appt,missing_any,100,% With Future Appt,Share of missing patients who already have an upcoming appointment.
hcc_missing_recapture,marts_bi_v3.mart_hcc_missing_opportunity,,sum,is_recapture,,,100,Missing Recapture,"Prior-year-coded HCCs (2025), not re-closed 2026, VendorNav-silent, off-roster."
hcc_missing_suspect,marts_bi_v3.mart_hcc_missing_opportunity,,sum,is_suspect,,,100,Missing Suspect,"HH-inferred suspects VendorNav has no flag for, off-roster."
hcc_missing_total,marts_bi_v3.mart_hcc_missing_opportunity,,sum,missing_any,,,100,Missing Patients,HH recapture/suspect VendorNav is silent on AND not on the sent roster.
hcc_not_assessed,marts_bi_v3.mart_hcc_grouped_surfaced,first_winning_assessment_date,sum,not_assessed_int,,,,Not Assessed,Count of surfaced HCC codes NOT ADDRESSED (shown to the provider but no disposition recorded).
hcc_patient_count,marts_bi_v3.mart_hcc_grouped_surfaced,,count_distinct,patient_id,,,,Patients,Distinct patients on the sent roster (patients VendorNav surfaced HCCs for).
hcc_pcp_differ_rate,marts_bi_v3.mart_hcc_grouped_surfaced,,rate,,pcp_differs_int,pcp_compared_int,100,Assessing<>PCP %,Share of comparable 2026-captured HCCs assessed by a non-PCP provider (pcp_differs / pcp_compared).
hcc_pcp_differs,marts_bi_v3.mart_hcc_grouped_surfaced,,sum,pcp_differs_int,,,,Assessing <> PCP,Count of 2026-captured HCCs where the assessing provider differed from the patient's PCP.
hcc_pcp_match,marts_bi_v3.mart_hcc_grouped_surfaced,,sum,pcp_match_int,,,,Assessing = PCP,Count of 2026-captured HCCs where the assessing provider was the patient's PCP.
hcc_recapture,marts_bi_v3.mart_hcc_grouped,,sum,recapture,,,,HH Recapture (closed 2025),"OPPORTUNITY count — HCCs closed in the prior year (2025), i.e. recapture candidates/targets. Standalone count; NEVER a rate denominator. Spans surfaced + VendorNav-silent."
hcc_recapture_needs_sched,marts_bi_v3.mart_hcc_missing_opportunity,,sum,recapture_needs_sched,,,100,Recapture — Needs Scheduling,Missing recaptures with no 2026 visit — the priority worklist.
hcc_recapture_no_future_rate,marts_bi_v3.mart_hcc_missing_opportunity,,rate,,recapture_needs_sched,is_recapture,100,Recapture · No Future Visit,Share of missing RECAPTURE patients with no future 2026 visit scheduled — need a visit booked.
hcc_recapture_rate,marts_bi_v3.mart_hcc_grouped,,rate,,recapture,one,100,HH Recapture %,Recapture candidates as a share of the roster.
hcc_rejected,marts_bi_v3.mart_hcc_grouped_surfaced,first_winning_assessment_date,sum,rejected_int,,,,Rejected,Count of HCC codes REJECTED by the assessing provider.
hcc_suspect,marts_bi_v3.mart_hcc_grouped,,sum,suspect,,,,HH Suspect (net-new 2026),"OPPORTUNITY count — non-recapture HCCs with 2026 activity (suspect candidates; closure-truth = on the 2026 record, not closed either year). Standalone count; NEVER a rate denominator."
hcc_suspect_no_future_rate,marts_bi_v3.mart_hcc_missing_opportunity,,rate,,suspect_needs_sched,is_suspect,100,Suspect · No Future Visit,Share of missing SUSPECT patients with no future 2026 visit scheduled — need a visit booked.
hcc_total_hccs,marts_bi_v3.mart_hcc_grouped_surfaced,,count,,,,,Total HCCs,Total HCC codes on the sent roster.
navina_sent_roster,marts_bi_v3.mart_navina_roster,,sum,is_sent,,,100,Sent Roster,Patients on the gold roster we send to VendorNav (sum of is_sent over mart_navina_roster).
navina_total_patients,marts_bi_v3.mart_navina_roster,,sum,is_returned,,,100,Total VendorNav Patients,Patients VendorNav returned data on (sum of is_returned over mart_navina_roster).
navina_patients_with_hcc,marts_bi_v3.mart_navina_roster,,sum,has_hcc,,,100,VendorNav Patients with HCC,Patients with >= 1 actionable HCC suggestion (sum of has_hcc over mart_navina_roster).
attrition_patients,marts_bi_v3.mart_membership,became_inactive_date,count_distinct,attrition_patient_aid,,,100,Attrition Patients,Patients whose computed patient_status is Inactive and who have a became_inactive_date (previously active then lapsed). Counted on the date they became inactive; bind a date range on became_inactive_date to window the count.
